time,altp,temp,p,gx,gy,gz,ax,ay,az,vz,alt,lat,lon
0.0,475.57127077501303,296.8474390106927,95741.61662122162,0.0,0.0,0.0,0.0,0.0,0.0,0.0,0.0,-21.943052799999997,-48.9540861
0.002561979156211422,475.57127077501303,296.8474390106927,95741.61662122162,0.0,1.7105694144590052e-49,9.956824444577827e-60,1.1210387714598537e-44,4.0389678347315804e-28,0.0,0.0,0.0,-21.943052799999997,-48.9540861
0.005123958312422844,475.57127077501303,296.8474390106927,95741.61662122162,0.0,-6.842277657836021e-49,-3.982729777831131e-59,0.0,-1.6155871338926322e-27,0.0,0.0,0.0,-21.943052799999997,-48.9540861
0.010247916624845688,475.57127077501303,296.8474390106927,95741.61662122162,0.0,1.0947644252537633e-47,0.0,0.0,0.0,-2.0679515313825692e-25,0.0,9.860761315262648e-32,-21.943052799999997,-48.9540861
0.015371874937268533,475.57127077501303,296.8474390106927,95741.61662122162,0.0,-2.1895288505075267e-47,-1.2744735289059618e-57,-2.8698592549372254e-42,0.0,-8.271806125530277e-25,-8.077935669463161e-28,0.0,-21.943052799999997,-48.9540861
0.020495833249691377,475.57127077501303,296.8474390106927,95741.61662122162,-4.3790577010150533e-47,1.7516230804060213e-46,-5.0978941156238473e-57,0.0,0.0,0.0,0.0,0.0,-21.943052799999997,-48.9540861
0.022717164041218128,475.57127077501303,296.8474390106927,95741.61662122162,-4.3790577010150533e-47,8.758115402030107e-47,0.0,0.0,0.0,0.0,1.6155871338926322e-27,7.888609052210118e-31,-21.943052799999997,-48.9540861
0.02493849483274488,475.57127077501303,296.8474390106927,95741.61662122162,1.7516230804060213e-46,-3.503246160812043e-46,-4.078315292499078e-56,0.0,-8.271806125530277e-25,-1.3234889800848443e-23,-6.462348535570529e-27,-3.1554436208840472e-30,-21.943052799999997,-48.9540861
0.02938115641579838,475.57127077501303,296.8474390106927,95741.61662122162,0.0,5.605193857299268e-45,0.0,3.6734198463196485e-40,1.3234889800848443e-23,1.0587911840678754e-22,1.0339757656912846e-25,5.048709793414476e-29,-21.943052799999997,-48.9540861
0.03382381799885188,475.57127077501303,296.8474390106927,95741.61662122162,1.1210387714598537e-44,0.0,-1.305060893599705e-54,0.0,0.0,-1.2705494208814505e-21,0.0,-2.0194839173657902e-28,-21.943052799999997,-48.9540861
0.038266479581905384,475.57127077501303,296.8474390106927,95741.61662122162,-6.726232628759122e-44,0.0,5.22024357439882e-54,5.877471754111438e-39,0.0,0.0,1.6543612251060553e-24,0.0,-21.943052799999997,-48.9540861
0.03982087403111311,475.57127077501303,296.8474390106927,95741.61662122162,0.0,-8.96831017167883e-44,0.0,-5.877471754111438e-39,0.0,-1.6940658945086007e-21,-1.6543612251060553e-24,0.0,-21.943052799999997,-48.9540861
0.04137526848032084,475.57127077501303,296.8474390106927,95741.61662122162,-8.96831017167883e-44,1.793662034335766e-43,2.088097429759528e-53,2.350988701644575e-38,4.235164736271502e-22,-6.776263578034403e-21,6.617444900424222e-24,1.6155871338926322e-27,-21.943052799999997,-48.9540861
0.044484057378736286,475.57127077501303,296.8474390106927,95741.61662122163,0.0,0.0,0.0,3.76158192263132e-37,0.0,1.0842021724855044e-19,0.0,2.5849394142282115e-26,-21.943052799999997,-48.9540861
0.04759284627715173,475.571270775018,296.8474390106927,95741.6166212216,5.739718509874451e-42,-1.1479437019748901e-41,0.0,-7.52316384526264e-37,-2.710505431213761e-20,0.0,0.0,-1.0339757656912846e-25,-21.943052799999997,-48.9540861
0.05070163517556718,475.57127077501303,296.8474390106927,95741.61662122162,-1.1479437019748901e-41,0.0,0.0,0.0,1.0842021724855044e-19,0.0,8.470329472543003e-22,0.0,-21.943052799999997,-48.9540861
0.052025896627955766,475.57127077501303,296.8474390106927,95741.61662122162,0.0,-4.591774807899561e-41,0.0,0.0,0.0,8.673617379884035e-19,-8.470329472543003e-22,0.0,-21.943052799999997,-48.9540861
0.05335015808034435,475.57127077501303,296.8474390106927,95741.61662122163,0.0,0.0,1.0691058840368783e-50,0.0,4.336808689942018e-19,0.0,3.3881317890172014e-21,0.0,-21.943052799999997,-48.9540861
0.055998680985121514,475.57127077501303,296.8474390106927,95741.61662122162,7.346839692639297e-40,1.4693679385278594e-39,0.0,1.925929944387236e-34,6.938893903907228e-18,0.0,0.0,0.0,-21.943052799999997,-48.9540861
0.05864720388989868,475.5712727406042,296.8474390106927,95741.61659867129,0.0,5.877471754111438e-39,0.0,4.030140824773552e-18,0.10124089568886853,1.1571887329021724,0.0015324204321962174,2.029325003150006e-06,-21.9430527999984,-48.9540861
0.06129572679467584,475.5712851615196,296.8474390106927,95741.61645617169,-1.1754943508222875e-38,0.0,0.0,1.3376765185222807e-17,0.336036815499549,3.840918376813208,0.008151221012676665,1.4852997367142962e-05,-21.943052799988315,-48.9540861
0.06550606136813289,475.5713613866341,296.8474390106927,95741.61558167513,0.0,-1.88079096131566e-37,-1.0947644252537633e-47,2.823743310999358e-17,0.7093506515795001,8.107915048551522,0.03262850306250538,9.354975355790884e-05,-21.943052799926438,-48.9540861
0.06971639594158993,475.5715760395872,296.8474390106927,95741.61311905814,0.0,-7.52316384526264e-37,0.0,4.3101334460001797e-17,1.082745714316636,12.375840145229835,0.0757499086567205,0.00031516294279754215,-21.943052799752188,-48.9540861
0.07392673051504697,475.5720034197378,296.8474390106927,95741.60821591753,1.504632769052528e-36,3.009265538105056e-36,1.7516230804060213e-46,5.796926431556324e-17,1.456241976869915,16.644921961099698,0.13684306183058623,0.0007564011210661192,-21.943052799405248,-48.9540861
0.07813706508850402,475.572716598629,296.8474390106927,95741.6000339368,0.0,1.2037062152420224e-35,0.0,7.284238588321299e-17,1.829868660072206,20.91549449180913,0.2159134987891892,0.0014927051609561204,-21.943052798826297,-48.9540861
0.08212826748256537,475.57372826611305,296.8474390106927,95741.5884275316,-1.2037062152420224e-35,0.0,2.802596928649634e-45,8.694657774813102e-17,2.1841791121026737,24.96528148993238,0.3074732302590491,0.002537176343935244,-21.943052798005045,-48.9540861
0.08611946987662672,475.5751194458041,296.8474390106927,95741.5724671557,-4.81482486096809e-35,-9.62964972193618e-35,0.0,9.591604690499802e-17,2.4095005414961275,27.54071721283251,0.4122542641212505,0.003973465390060937,-21.943052796875705,-48.9540861
0.09011067227068807,475.5769305374092,296.8474390106927,95741.55168932342,-3.851859888774472e-34,0.0,0.0,1.0034861445240155e-16,2.520850771726798,28.813456168293584,0.5247147199776842,0.00584328180917737,-21.943052795405485,-48.9540861
0.09704704590751423,475.58114293783916,296.8474390106927,95741.50336237859,-1.5407439555097887e-33,0.0,0.0,1.080568416755313e-16,2.7144886276165385,31.02674698890789,0.7333880886107931,0.010192268449600306,-21.943052791985924,-48.9540861
0.10398341954434039,475.5868110277274,296.8474390106927,95741.43833500515,0.0,0.0,7.174648137343064e-43,1.157715695797261e-16,2.908289786676594,33.241904373300095,0.9562826991738829,0.016044142164503228,-21.943052787384655,-48.9540861
0.11091979318116654,475.59402764020035,296.8474390106927,95741.35554220012,0.0,0.0,-2.8698592549372254e-42,1.2349308240241534e-16,3.1022613892166904,35.45900993558383,1.1945491784872069,0.02349474356662995,-21.943052781526326,-48.9540861
0.1178561668179927,475.60287791910366,296.8474390106927,95741.25400718662,9.860761315262648e-32,1.9721522630525295e-31,0.0,1.2312100425022176e-16,3.0929144390624264,35.35217380644929,1.441478903192654,0.032631973709499114,-21.94305277434182,-48.9540861
0.12479254045481886,475.6133781635881,296.8474390106927,95741.13354302091,0.0,0.0,0.0,1.192765064095813e-16,2.996337068243346,34.24828940672403,1.6834426372073932,0.04347265583675153,-21.943052765817907,-48.9540861
0.131728914091645,475.6254782289939,296.8474390106927,95740.994725045,-1.5777218104420236e-30,-3.1554436208840472e-30,-1.8367099231598242e-40,1.1542838903610178e-16,2.8996687713905542,33.14336571767775,1.9171700879246476,0.05596501438617452,-21.943052755995296,-48.9540861
0.13866528772847114,475.63912254626473,296.8474390106927,95740.83819083816,0.0,0.0,0.0,1.1157710678760758e-16,2.8029209699208155,32.03753328670147,2.143230147945859,0.070051673007697,-21.9430527449191,-48.9540861
0.14606156030732434,475.655321175922,296.8474390106927,95740.6523525933,0.0,0.0,0.0,1.1044072741271308e-16,2.7743740603329634,31.711240617030125,2.37898180212667,0.08677542921964232,-21.943052731769388,-48.9540861
0.15345783288617754,475.6732053388865,296.8474390106927,95740.4471774624,-1.0097419586828951e-28,2.0194839173657902e-28,0.0,1.1067583372704476e-16,2.7802801504432297,31.778747535895285,2.613776431331646,0.1052393297622416,-21.943052717251415,-48.9540861
0.16085410546503073,475.6927734045374,296.8474390106927,95740.22268425321,2.0194839173657902e-28,-8.077935669463161e-28,-4.70197740328915e-38,1.1091102599061196e-16,2.7861884001745016,31.8462791393415,2.849070451395481,0.12544168210700946,-21.94305270136652,-48.9540861
0.1756466506227371,475.7370068288705,296.8474390106927,95739.7152210822,-3.2311742677852644e-27,6.462348535570529e-27,7.52316384526264e-37,1.1331662685777439e-16,2.8466194101505247,32.53700874407613,3.3252667981079354,0.1711087640646269,-21.943052665458968,-48.9540861
0.19043919578044347,475.78817288007025,296.8474390106927,95739.12822681679,0.0,2.5849394142282115e-26,0.0,1.1809992448131538e-16,2.966779914649341,33.910449595223795,3.8167303121652414,0.22393292305383738,-21.943052623923887,-48.9540861
0.20523174093814983,475.8465513151424,296.8474390106927,95738.45849320052,0.0,0.0,0.0,1.245082845926658e-16,3.127765394297903,35.75052204759198,4.331961846549171,0.28420287305306147,-21.943052576534257,-48.9540861
0.22273892815510668,475.92543388922587,296.8474390106927,95737.5535364345,0.0,0.0,0.0,1.34111150055247e-16,3.3689971886268926,38.50781407386129,4.980666844172129,0.3656407727136184,-21.943052512500493,-48.9540861
0.235962598082268,475.9925288922814,296.8474390106927,95736.78381450684,4.1359030627651384e-25,0.0,0.0,1.3879524225356328e-16,3.4866703390821203,39.85282433819526,5.499679612861309,0.43490876369827447,-21.943052458035794,-48.9540861
0.2491862680094293,476.06637358716824,296.8474390106927,95735.93666509665,0.0,-3.308722450212111e-24,0.0,1.417797628432138e-16,3.5616285297724057,40.70960037830557,6.032883090037792,0.5111445257288665,-21.943052398092416,-48.9540861
0.2624099379365906,476.14712140673134,296.8474390106927,95735.0103297006,0.0,2.6469779601696886e-23,0.0,1.4476131881754895e-16,3.6366224310720017,41.56678459254808,6.576880519067299,0.5945063081570083,-21.94305233254592,-48.9540861
0.2756336078637519,476.2349100552772,296.8474390106927,95734.00323046179,0.0,5.293955920339377e-23,3.0814879110195774e-33,1.4774965105546212e-16,3.711671509322672,42.42459948222727,7.132216993944225,0.6851361037844299,-21.943052261284663,-48.9540861
0.30208094771807453,476.43222234052365,296.8474390106927,95731.73972251243,-4.235164736271502e-22,0.0,0.0,1.5439038936193583e-16,3.8832580175165745,44.38584224533175,8.27962691409264,0.8888312858953213,-21.94305210112127,-48.9540861
0.32852828757239716,476.6595812271279,296.8474390106927,95729.13158260832,0.0,0.0,0.0,1.6046192152785466e-16,4.043522749311255,46.21767651203297,9.478023149594115,1.1235402176185403,-21.943051916572102,-48.9540861
0.3549756274267198,476.91827937464024,296.8474390106927,95726.1640053932,-3.3881317890172014e-21,0.0,0.0,1.6653345369377348e-16,4.209988296994387,48.120386428658996,10.725362349477926,1.390595246708699,-21.943051706589532,-48.9540861
0.3814229672810424,477.20957747387786,296.8474390106927,95722.82255689465,1.3552527156068805e-20,2.710505431213761e-20,0.0,1.8041124150158794e-16,4.370757601540161,49.957987988295756,12.022461894983095,1.6912952997504365,-21.943051470152234,-48.9540861
0.40948565267866305,477.555779434002,296.8474390106927,95718.85143505978,-5.421010862427522e-20,0.0,6.310887241768095e-30,1.1102230246251565e-16,4.508992138320433,51.53801597374225,13.446587109273494,2.0486602409980605,-21.943051189159927,-48.9540861
0.4375483380762837,477.9412797318259,296.8474390106927,95714.42969721953,0.0,-8.673617379884035e-19,-2.524354896707238e-29,2.220446049250313e-16,4.63142088789049,52.937382984689684,14.912517235852256,2.4465765349876847,-21.943050876282516,-48.9540861
0.4524524207096781,478.16237685909226,296.8474390106927,95711.89375945536,0.0,8.673617379884035e-19,0.0,0.0,4.687510282657081,53.57848770050204,15.706808190863896,2.6747879290930427,-21.943050696842292,-48.9540861
0.4545903919058172,478.1951482606896,296.8474390106927,95711.51788296911,-0.0005265859716818008,0.0011495724276460147,1.8776142757624045e-13,-0.4054850753198165,5.691542088829016,53.54950169416031,15.82129548298894,2.7086134031047204,-21.94305067020432,-48.95408610001796
0.45672836310195625,478.2281574264625,296.8474390106927,95711.13928061942,-0.0010567624842250471,0.0023057371275441046,9.431147826901977e-13,-0.4079065149280108,5.702441523085587,53.66598739714457,15.936031818191752,2.742684180099843,-21.943050643332096,-48.954086100054
0.4610043054942344,478.29465243045826,296.8474390106927,95710.37661235339,-0.0021243052558728437,0.00463122272288756,4.746242097476227e-12,-0.41242809121656687,5.724123941935006,53.899083196827625,16.166002840768474,2.81131740552496,-21.943050589118236,-48.954086100162385
0.4652802478865125,478.36210264542046,296.8474390106927,95709.60299326768,-0.0032062394510283766,0.006982984186612901,1.4721239202062278e-11,-0.41629307254702375,5.745564336516411,54.132320901568356,16.396970871011174,2.880936105380556,-21.943050533963795,-48.9540861003438
0.46955619027879064,478.4305122217993,296.8474390106927,95708.81837597437,-0.004302586038074455,0.009360941960294442,3.409255588743447e-11,-0.41948502433057616,5.766758176523828,54.365712230629896,16.628936540687803,2.951544544152057,-21.943050477865242,-48.954086100598936
0.5123156142015719,479.1683078980912,296.8474390106927,95700.35662785107,-0.016058116311743236,0.034552710351991846,1.5396808521129492e-09,-0.4105841642515432,5.975125678617475,56.83678730697248,19.005897846716664,3.7130251148050775,-21.94304986420835,-48.95408610722094
0.5550750381243532,480.00676604893613,296.8474390106927,95690.74112133808,-0.029235735691454455,0.06218273562633083,8.281424571400763e-09,-0.3151717672190003,6.128214398571624,59.04537198279709,21.48436042247375,4.578333474252645,-21.94304915249312,-48.95408612095827
0.587694197794576,480.7166665117228,296.8474390106927,95682.60053645151,-0.0401974840042079,0.08472045862448835,1.9831513698819895e-08,-0.17082115729959407,6.248797199596501,61.071417109532796,23.442422778113688,5.310912267020228,-21.94304854191043,-48.95408613525865
0.6203133574647988,481.4895969711687,296.8474390106927,95673.73781036663,-0.05187270422741799,0.10830429036813115,3.955226847388848e-08,0.047211327082515755,6.364894610909127,63.345890089705065,25.470941517024297,6.108477216761912,-21.943047871593155,-48.9540861512443
0.64349687811017,482.07847127047336,296.8474390106927,95666.98599108034,-0.060551161568694445,0.12555993555008643,5.989884219919896e-08,0.24321288401077795,6.36694183121787,64.20546720920763,26.950998057763563,6.716079703641923,-21.94304735830326,-48.954086162454296
0.6614876465201261,482.5585440361429,296.8474390106927,95661.48193622183,-0.06746715913394602,0.13914349680341737,7.995984841656939e-08,0.4275874310911831,6.383581466749261,65.17160787434504,28.114244189207383,7.211394711073354,-21.94304693875249,-48.95408617032595
0.6794784149300823,483.0591185736434,296.8474390106927,95655.74310073846,-0.07451156749663566,0.15282413590961155,1.0417953962278871e-07,0.6535951120931558,6.460599917052415,66.9917340419586,29.301823905714453,7.727837844935834,-21.94304650061026,-48.954086176841976
0.6974691833400385,483.58068336842194,296.8474390106927,95649.76391905166,-0.08165569902229863,0.1665344605919398,1.3291412668543547e-07,0.9033778592790132,6.486207281951836,68.31347374701564,30.519693431402864,8.265909956818293,-21.94304604371728,-48.95408618130761
0.7154599517499947,484.12370736955563,296.8474390106927,95643.53905210795,-0.08886471924041552,0.18019523968218415,1.6647235331951337e-07,1.1775210780058456,6.47434062175893,69.29690192051572,31.758058839759936,8.826091513094013,-21.943045567959658,-48.95408618293335
0.741124968516261,484.936014673621,296.8474390106927,95634.22791235884,-0.09917069128593292,0.19939985790291442,2.2315267118120024e-07,1.5909346953785999,6.350205387110474,69.5474956615237,33.54246544115463,9.664009624845733,-21.943044856767088,-48.9540861786347
0.7443454158022262,485.0410896819502,296.8474390106927,95633.02353498666,-0.1004597839647358,0.20177334925981216,2.3101965376342002e-07,1.6531688412163306,6.350359012967079,69.79860373996685,33.76684382512253,9.772392662876145,-21.9430447648491,-48.95408617743389
0.7475658630881915,485.1468675822543,296.8474390106927,95631.81111342022,-0.10174702975689336,0.20413677060314908,2.3905633802144796e-07,1.7164006195853863,6.350211276765252,70.04987128333008,33.99203114603883,9.881499605415456,-21.94304467233919,-48.95408617606693
0.7507863103741568,485.25335091919214,296.8474390106927,95630.59061874142,-0.10303196738633555,0.20648916284205046,2.472629292704295e-07,1.7807919910357224,6.349696245060948,70.30115410067857,34.218027685430094,9.99133305483542,-21.943044579237384,-48.954086174527454
0.7572272049460873,485.4684453625547,296.8474390106927,95628.12527970577,-0.10559403313385861,0.21115894064123103,2.6418650601123326e-07,1.9133027103967335,6.347498064618246,70.80390607314601,34.67244909350671,10.213191203810139,-21.943044391258393,-48.954086170901576
0.7636680995180178,485.6863921479655,296.8474390106927,95625.62730058993,-0.10814395264343597,0.21577838687839107,2.817901820763757e-07,2.050446581467205,6.343861355086496,71.30688701659345,35.130109411423994,10.437986663907564,-21.94304420091293,-48.954086166506166
0.7701089940899484,485.9072096697627,296.8474390106927,95623.09647264896,-0.110678869206708,0.2203415595716631,3.0007166590322476e-07,2.185368209954623,6.323623005931039,71.60946110649752,35.5903639768658,10.665738220282208,-21.94304400820376,-48.954086161286774
0.7815255865400975,486.30569417986527,296.8474390106927,95618.52950976489,-0.11512501300535893,0.22827067815038243,3.3412469049980545e-07,2.412211222374587,6.239622609840348,71.54243815011036,36.40751742299943,11.076723450805902,-21.94304366085157,-48.95408614982929
0.7929421789902467,486.71323569144283,296.8474390106927,95613.85892881437,-0.11949793863361886,0.23596966979163098,3.702506483235971e-07,2.649072583667604,6.152519146389175,71.47374544585917,37.223896163485996,11.497033367347797,-21.943043306191235,-48.954086135322235
0.8043587714403958,487.1298425817942,296.8474390106927,95609.08464610655,-0.12378145826687224,0.24340582424099527,4.08386278194215e-07,2.9178064954178695,6.099089562043702,71.90908482435688,38.04236783102635,11.926675501318357,-21.943042944314026,-48.95408611745959
0.815775363890545,487.5555601566388,296.8474390106927,95604.2061550687,-0.12795886528894498,0.2505456479480196,4.484437292848234e-07,3.2067366923971954,6.053511530017383,72.50631378548876,38.866733704002705,12.365695439667888,-21.943042575290065,-48.95408609590568
0.8271919563406941,487.9904574499616,296.8474390106927,95599.22267759316,-0.1320123956673823,0.25735384961012137,4.903089812306972e-07,3.50552408195947,5.998415261553323,73.02561385833131,39.6974730551032,12.81416320502882,-21.943042199177842,-48.954086070298914
0.8386085487908432,488.434594836942,296.8474390106927,95594.1335351993,-0.13592327495160975,0.2637935543619599,5.338412155238598e-07,3.8025721805260155,5.919997245831167,73.26356117598219,40.532534998169325,13.272139854506179,-21.94304181604594,-48.954086040265615
0.8535636060808218,489.0304350765558,296.8474390106927,95587.30645221953,-0.1407966337884306,0.27160611550068064,5.930885144194505e-07,4.207579986172077,5.811255179419985,73.55548380852913,41.63037860456424,13.886515391047737,-21.943041303698827,-48.95408599356155
0.8685186633708004,489.64224949321255,296.8474390106927,95580.29674939321,-0.14534729001067145,0.27863649134289065,6.544547848143361e-07,4.612573406223688,5.677509322976116,73.54647430298745,42.73033769510045,14.51732505715097,-21.943040779683457,-48.95408593773922
0.883473720660779,490.27005563521413,296.8474390106927,95573.10425826794,-0.14952910812546064,0.2847978669499013,7.174122971053751e-07,5.033055471104895,5.540472541044056,73.54364044711765,43.830208222361605,15.164584012001457,-21.94304024425772,-48.95408587191272
0.8984287779507576,490.9138577194822,296.8474390106927,95565.72896400712,-0.15329590193934434,0.29000484502896245,7.813552130727047e-07,5.470560658862245,5.40282291215895,73.5821050494999,44.93034517630712,15.828293590758506,-21.943039697695706,-48.95408579516999
0.9133838352407362,491.5736779096061,296.8474390106927,95558.1706470618,-0.15660202379626884,0.2941745458163252,8.456026326933618e-07,5.9395207833876045,5.2773494365698035,73.86139638690746,46.032858156496296,16.50847355083749,-21.943039140267672,-48.95408570655514
0.9283388925307148,492.2496077019073,296.8474390106927,95550.42829466282,-0.15940340347364643,0.2972284650817355,9.094044590602431e-07,6.483261276369338,5.194781344204686,74.89421056698738,47.1451824404193,17.205215032273713,-21.943038572210373,-48.954085605028425
0.9432939498206934,492.9418034804546,296.8474390106927,95542.50015200055,-0.16165502176620455,0.29908784130736304,9.719510229871627e-07,7.0000624407228065,5.07470850554176,75.3741082317537,48.26881806737406,17.918675952017338,-21.943037993730204,-48.954085489466685
0.9553332747037631,493.51092845983055,296.8474390106927,95535.98201367666,-0.16303762931959184,0.29966438986318594,1.0208331534741603e-06,7.358942852717851,4.932537543024813,75.0096884506147,49.174077740540405,18.505249272112735,-21.943037520620685,-48.954085385513714
0.9673725995868327,494.09063505049426,296.8474390106927,95529.34305526041,-0.16401027378664312,0.299376289526184,1.0678919766990295e-06,7.720498760571506,4.791638443921204,74.65624353594325,50.075016117909996,19.102695304501992,-21.943037041085194,-48.95408527122498
0.9794119244699024,494.6808779627118,296.8474390106927,95522.5838158187,-0.16455157977848547,0.298189609564943,1.1126639193941804e-06,8.091134211176346,4.656548538364838,74.38884743016342,50.972217242773226,19.710965538059213,-21.943036555305888,-48.95408514609027
0.9991728159788787,495.6724353047121,296.8474390106927,95511.22974642873,-0.16445900890425952,0.2942247777380556,1.1800931953274825e-06,8.710849040123025,4.443352094293021,74.05726744771236,52.438563414684246,20.732728785124266,-21.943035744849716,-48.95408491594763
1.018933707487855,496.6921594479172,296.8474390106927,95499.55428599179,-0.16307152991299656,0.2876453420464601,1.2380680213075903e-06,9.35233793117227,4.246957429149547,73.9548509382051,53.90061175639977,21.78341431093048,-21.94303491881413,-48.95408465278242
1.0386945989968313,497.7399468438573,296.8474390106927,95487.55871560086,-0.1603266223374066,0.27837556963189497,1.2847893735882272e-06,9.87822096088207,4.0090627919165,72.9124282885982,55.35327393645832,22.862906828729308,-21.943034077904215,-48.95408435431613
1.0584554905058075,498.81550713319854,296.8474390106927,95475.24645685198,-0.15617463101075313,0.2663717653827937,1.318661127470719e-06,10.363556800659671,3.7760066146462283,71.73715094510767,56.782695060559675,23.970898425917593,-21.94303322290725,-48.95408401845763
1.0782163820147836,499.91837686739285,296.8474390106927,95462.62291361512,-0.15059248494309654,0.2516457358003474,1.3384468604653338e-06,10.812254436465539,3.5546972434457085,70.52291214511578,58.18835210173872,25.10690280321552,-21.94303235465377,-48.95408364340012
1.0979772735237598,501.04811493072623,296.8474390106927,95449.69323440525,-0.14358214822205081,0.23426088589046623,1.3433459995884596e-06,11.241696517392272,3.3555778885476637,69.45164114471145,59.571127697696845,26.270456640985344,-21.943031473915504,-48.95408322743385
1.117738165032736,502.2042764989416,296.8474390106927,95436.46261037528,-0.13516635477510727,0.21432467614752007,1.3330702239156056e-06,11.56186462578488,3.1518820471963522,67.90075082410787,60.92902040683451,27.461092782553006,-21.943030581410927,-48.95408276899944
1.1374990565417122,503.38631470441703,296.8474390106927,95422.93740027065,-0.12539982510729755,0.19200723298835062,1.3079002068328935e-06,11.779778501808165,2.952746224788735,66.00672239658246,62.252651056721845,28.67823899851373,-21.94302967783994,-48.95408226684732
1.1527834184534205,504.31793236177936,296.8474390106927,95412.27866545798,-0.1169738501912649,0.17325760572432353,1.2787418245430506e-06,12.065767075434515,2.85980901427884,65.62076706472449,63.25715956795339,29.637428441325596,-21.943028971794714,-48.95408184785153
1.1680677803651287,505.26449059813496,296.8474390106927,95401.44998127579,-0.10784334971468758,0.153349743332849,1.2418244912439878e-06,12.283356222031248,2.7681405959485526,64.98697464371274,64.25560324302872,30.611911785705104,-21.943028259757064,-48.95408140160103
1.183352142276837,506.22585650798686,296.8474390106927,95390.45291501294,-0.09806804237913892,0.13242704931937624,1.197973970883514e-06,12.329455765445374,2.6515746373991544,63.46001878652244,65.2383560419411,31.601547989870024,-21.943027541916106,-48.95408092759716
1.1986365041885452,507.2017530322622,296.8474390106927,95379.29068285903,-0.08772050565999276,0.11065620846885788,1.14820789093796e-06,12.40478442623862,2.567818546311195,62.3887370394184,66.19953463198783,32.60604762593505,-21.94302681849089,-48.95408042563724
1.2139208661002534,508.1919209937923,296.8474390106927,95367.96629600566,-0.07688220964253922,0.08821943998745498,1.093687443729396e-06,12.554491590521664,2.5277268399564594,62.04421547477607,67.14954810851144,33.62513971397157,-21.943026089665516,-48.95407989557874
1.2292052280119616,509.1962499686601,296.8474390106927,95356.48106416571,-0.06564399681162005,0.06531349026150728,1.0356783458959025e-06,12.650767796551094,2.4970588322555587,61.60494319080616,68.09461804946277,34.65870639169999,-21.943025355538126,-48.95407933713969
1.2444895899236699,510.21466375341123,296.8474390106927,95344.8359059461,-0.054102446088334866,0.04214491323311285,9.755181609265628e-07,12.695137563319616,2.476817707398781,61.09090090077469,69.03237713534942,35.70666499283095,-21.943024616165538,-48.9540787500728
1.2694078130925694,511.9049367523076,296.8474390106927,95325.51084534742,-0.034912070652597625,0.004384819190337803,8.763667133546069e-07,12.733454230632839,2.4865901885753923,60.5854632704664,70.54774568068478,37.44574514012038,-21.94302339959152,-48.95407773133166
1.2740296498740495,512.2225055518368,296.8474390106927,95321.88040337252,-0.03133327654146474,-0.0025521320350841642,8.582195254247312e-07,12.730774907325962,2.492905933711577,60.505470758535935,70.82757695468216,37.77245198443984,-21.94302317242128,-48.95407753395506
1.2786514866555296,512.5413399004457,296.8474390106927,95318.23560628286,-0.027756376582220806,-0.009452199662020717,8.402347668979441e-07,12.704985439210628,2.4953998055738715,60.305890260195326,71.1067621511866,38.100450658863,-21.943022944772704,-48.95407733394455
1.2832733234370097,512.8614355200813,296.8474390106927,95314.57650432226,-0.024184659209953437,-0.01630875235478791,8.224465087444938e-07,12.64789471642438,2.4918877790791165,59.93628582526947,71.3846320078998,38.42973664190697,-21.943022716645338,-48.954077131306015
1.2925169969999697,513.5053859388944,296.8474390106927,95307.21567273176,-0.01706914517479594,-0.029866589896600907,7.875793954775753e-07,12.522352163073204,2.488199391801916,59.19690192941049,71.93550823503296,39.09214471153167,-21.943022258955285,-48.95407671818434
1.3017606705629297,514.1542951513351,296.8474390106927,95299.79862406309,-0.010015840240254733,-0.04316862607151295,7.538873813561724e-07,12.382075971196668,2.4888955090345024,58.45820284447943,72.4792903988826,39.75961180822264,-21.943021799353545,-48.95407629469458
1.3110043441258896,514.8081040892287,296.8474390106927,95292.32604409526,-0.003051987047767155,-0.05616237818644029,7.215940917154063e-07,12.254926645994848,2.5010516999252776,57.890150500045436,73.01690204473557,40.43207621808915,-21.943021337839365,-48.954075860951
1.3202480176888496,515.4667647270068,296.8474390106927,95284.79849231834,0.0037949043433521735,-0.06879427710117544,6.909016449775001e-07,12.134610379752194,2.5229563435713596,57.45223332651128,73.54989547296555,41.10948759209532,-21.943020874404095,-48.95407541706169
1.3424303067988015,517.0669664301957,296.8474390106927,95266.51247467397,0.019584385144408557,-0.09732390143006292,6.247210889814217e-07,11.83628261847483,2.604037645590507,56.68772990377751,74.81490491128147,42.75506329913776,-21.943019754332003,-48.954074311067984
1.3646125959087534,518.6945515909962,296.8474390106927,95247.91645240132,0.034169279247964854,-0.12278165290159117,5.70352976989221e-07,11.510611698426569,2.7191575975372344,56.218120650532214,76.0666148720097,44.42853661053073,-21.943018622735064,-48.9540731486657
1.3826583568697048,520.0386229816199,296.8474390106927,95232.5619409703,0.04489750619906863,-0.1407788404014609,5.352679789413481e-07,11.070983814608782,2.7881966209205062,55.03310498610722,77.07166251663196,45.810303351423734,-21.943017693333303,-48.95407216255895
1.4007041178306563,521.4003238631366,296.8474390106927,95217.0080762129,0.05441077750574655,-0.15600366507943134,5.081143488921626e-07,10.573053801064889,2.85787926348891,53.70050886089745,78.05297482742162,47.21001008326721,-21.943016755762642,-48.954071141499
1.4187498787916077,522.7792171537039,296.8474390106927,95201.25992933438,0.06254474632144685,-0.16818489748983578,4.881683035249616e-07,10.028798574702245,2.9264936981670946,52.24775277755388,79.0091139890511,48.62720044358674,-21.94301580982902,-48.95407008708904
1.4367956397525592,524.1749208442254,296.8474390106927,95185.32194099955,0.06915776223786946,-0.17710399858821851,4.742944114846746e-07,9.635228787982705,3.05721739662703,51.96397092259263,79.94764594946811,50.06147481283472,-21.943014855298518,-48.954069000939654
1.451639774770241,525.3354571248719,296.8474390106927,95172.0710499577,0.07337573122320047,-0.18188209342339423,4.664190219720369e-07,9.265839967466743,3.1560165563972675,51.52267018707343,80.71609339937989,51.2539348016204,-21.943014063445347,-48.954068084702705
1.4664839097879228,526.5071674092583,296.8474390106927,95158.6940905461,0.07643648998629653,-0.18428570206423023,4.607523697631803e-07,8.82765561405152,3.231990133075384,50.656391596861226,81.47499898640838,52.45773980005788,-21.943013265346544,-48.95406714869404
1.4813280448056045,527.6898805332517,296.8474390106927,95145.19305996914,0.0783029738050827,-0.18428342970928066,4.5633849427255727e-07,8.367542813978472,3.2976214326169493,49.64696949003172,82.21963435883906,53.672710077872466,-21.94301246084661,-48.95406619383283
1.4961721798232863,528.8833711070532,296.8474390106927,95131.57057382785,0.07895405950362502,-0.18187722759211358,4.5223056301121556e-07,7.8671371854794305,3.3413792782285237,48.32007825831514,82.94714509615324,54.89861025469645,-21.943011649822097,-48.9540652211182
1.5129425280479367,530.2443944643057,296.8474390106927,95116.0377980252,0.07822481324319298,-0.17631826152556618,4.4685159188330254e-07,7.397368197779994,3.419714526126257,47.45984046754143,83.74941609587418,56.29641917191998,-21.9430107255744,-48.954064101975625
1.5297128762725871,531.6186206601112,296.8474390106927,95100.35642745727,0.07596087754471663,-0.16784562098487116,4.3962075022362833e-07,7.051616971850483,3.5397125862861607,47.45542086834408,84.5441010228018,57.70760027004269,-21.943009792671724,-48.954062962641366
1.542925073013996,532.7105222918866,296.8474390106927,95087.89817047628,0.07312534089957738,-0.15921669870537972,4.3203190855365035e-07,6.689395745620376,3.582355574779085,46.66892125605881,85.16683653535736,58.82873038370349,-21.94300905143816,-48.9540620515098
1.556137269755405,533.8104802613144,296.8474390106927,95075.34932936623,0.06939914427500846,-0.14896992712101698,4.2244844766801593e-07,6.298595965016299,3.596940092143559,45.533361338272925,85.77631820109967,59.95801224724869,-21.943008304583085,-48.954061129054175
1.569349466496814,534.918302822658,296.8474390106927,95062.71212065723,0.06482710889544499,-0.13722252223793,4.107045829506163e-07,5.922650160367853,3.601003420555644,44.36309126792331,86.37022121784291,61.09524639307449,-21.94300755208414,-48.95406019593726
1.582561663238223,536.0337890535272,296.8474390106927,95049.98886480546,0.059463598994917474,-0.12410875054890974,3.9676788954707644e-07,5.564670849044419,3.5945140219687426,43.16624272937053,86.94847786552712,62.24022400117712,-21.943006793937343,-48.954059252800434
1.6074519821533488,538.1553496227112,296.8474390106927,95025.79411214183,0.047449122217359516,-0.09625057919998235,3.6506319802492084e-07,4.947789881298802,3.55315800855738,40.85650274336954,87.99431427621052,64.41753225907655,-21.943005350386645,-48.954057450898304
1.6323423010684748,540.3020803116356,296.8474390106927,95001.31738986868,0.033443309506036786,-0.06525869911240134,3.2784530390251093e-07,4.484389256123618,3.5104765620587166,39.09219416787137,88.98815697367633,66.62021522395617,-21.943003887035022,-48.95405561917353
1.6572326199836007,542.4119361492563,296.8474390106927,94977.26608390144,0.017996334533613472,-0.032427356661667406,2.881337428601165e-07,4.072831299510202,3.4060643424226096,37.03282772171441,89.93615700700605,68.8470519111372,-21.94300240419824,-48.95405376056106
1.6821229388987267,544.540426477716,296.8474390106927,94953.00735007942,0.0014222966013075382,0.0008827555674820891,2.495703357917924e-07,3.641110529728285,3.201747170128079,33.96638027349655,90.82184269492663,71.09674304357009,-21.943000902460682,-48.9540518775459
1.70478690975229,546.4963607467728,296.8474390106927,94930.7196880066,-0.014153353275707749,0.030456394122919738,2.185932967742541e-07,3.3504169664112093,3.0003672370600745,31.351238997140207,91.56086826536625,73.16364216929708,-21.94299951946248,-48.95405014379369
1.7274508806058535,548.4679561459247,296.8474390106927,94908.25785614428,-0.029581911690888474,0.058253682133524796,1.9411215588857067e-07,3.281804345073636,2.8601887823466425,30.041831505968403,92.25316508301583,75.24669334293378,-21.94299812259641,-48.95404839327809
1.7310685785984086,548.7840635866995,296.8474390106927,94904.65693330673,-0.03199549327344761,0.06246312850410177,1.9093332437269766e-07,3.2839563473185693,2.8397140425502556,29.891199479375814,92.3615958929744,75.58063345026062,-21.942997898389976,-48.95404811234636
1.7346862765909636,549.1005505867317,296.8474390106927,94901.0517975624,-0.03438948686908081,0.06659993701696061,1.8796950031381983e-07,3.244924079125983,2.795547422636832,29.371010570762373,92.46890369042997,75.91496425148034,-21.942997673849888,-48.95404783099869
1.7383039745835187,549.4174116622212,296.8474390106927,94897.4425117713,-0.036761855859841853,0.07066048557997989,1.8522543060834114e-07,3.2073355228845224,2.7509892498920694,28.850576506894203,92.57421782368847,76.24967991711219,-21.942997448980712,-48.95404754923899
1.7419216725760738,549.7346399279463,296.8474390106927,94893.82915474866,-0.03911053051814206,0.0746414587099798,1.8270464910343148e-07,3.1712299551501224,2.706036456923835,28.32993906467847,92.67764880318025,76.58477313804622,-21.94299722378798,-48.95404726707261
1.749157068561184,550.3701681486385,296.8474390106927,94886.59056888182,-0.043727185167657306,0.08234936731918818,1.783446710160476e-07,3.1029106971773053,2.615158536059448,27.288175705530602,92.87885834433227,77.25606054139837,-21.94299677245654,-48.954046701540555
1.756392464546294,551.0070882062942,296.8474390106927,94879.33657873605,-0.04822447751269123,0.08970011808541378,1.7490117970101828e-07,3.039680760805339,2.5230345587162595,26.245676504726386,93.07252765138233,77.92877649703814,-21.942996319894835,-48.954046134433916
1.7636278605314042,551.6453474074848,296.8474390106927,94872.06778731266,-0.05258681434238572,0.0966698537375181,1.723769081178882e-07,2.9688238261719966,2.423487938941169,25.099710559325487,93.2582797519126,78.60286508421224,-21.94299586614693,-48.95404556578639
1.7762245803138346,552.7595889871119,296.8474390106927,94859.37936876243,-0.059819513575046494,0.10783593178300674,1.7014335139436532e-07,2.836185059098352,2.238643005013493,22.947369886079162,93.56122720164032,79.77955562818386,-21.942995073475352,-48.95404457219982
1.788821300096265,553.8773983251102,296.8474390106927,94846.65170308211,-0.0665212490935507,0.1176710328227353,1.7054071038413042e-07,2.719737650864715,2.056135226413617,20.853640036681956,93.83704020090688,80.95988584770953,-21.942994277613707,-48.95404357425017
1.8014180198786953,554.9984791456369,296.8474390106927,94833.88817632014,-0.07262721456873183,0.12609069790276276,1.7334386015302565e-07,2.69032076724704,1.912625175796663,19.409700711781106,94.08995111962317,82.14354172957349,-21.94299347881067,-48.95404257209853
1.8140147396611257,556.1225901852356,296.8474390106927,94821.09154687582,-0.07808038269109634,0.13302850893741747,1.7824120808784788e-07,2.6668965846466564,1.768861108129425,17.963931162092734,94.32534562907506,83.33026746708254,-21.94299267728554,-48.95404156582181
1.8280535101375095,557.3786996668713,296.8474390106927,94806.79393069271,-0.083327782022274,0.1389531546347941,1.8569404057222055e-07,2.623866022187228,1.5992149411731873,16.18280696596046,94.56523358543139,84.65619076456493,-21.94299178104263,-48.95404043952441
1.8420922806138933,558.6379863895876,296.8474390106927,94792.46190198607,-0.08764885690127563,0.1429361661409643,1.9466145609296463e-07,2.576283882394929,1.429107042766486,14.360135840211502,94.77967488429611,85.98530538891703,-21.942990881965518,-48.95403930821468
1.856131051090277,559.900115647835,296.8474390106927,94778.09928247755,-0.09100372745645537,0.14496685395600173,2.0448292931312582e-07,2.549776767594043,1.2725099954558408,12.716900940174385,94.96952912321055,87.31725692372936,-21.942989980352902,-48.95403817197762
1.870169821566661,561.1647732221247,296.8474390106927,94763.70965896432,-0.09336926486542507,0.14506629862747655,2.1448233051135917e-07,2.5241765312155255,1.1219957743460867,11.115859324099633,95.13677109823251,88.65171273887017,-21.94298907648675,-48.95403703087516
1.8926523552084418,563.1945423557945,296.8474390106927,94740.61808265095,-0.09508665989754428,0.14134303700207196,2.2925478858224896e-07,2.3773890096272496,0.8534134219257582,7.907749972217905,95.35178931586255,90.79316475558608,-21.942987624975842,-48.95403519351469
1.9151348888502226,565.228434497245,296.8474390106927,94717.48417131613,-0.09429463554183674,0.1331399373168506,2.404441440699878e-07,2.0304058843598374,0.533647791967193,3.536296924401466,95.4826146278512,92.93854281077552,-21.942986169616912,-48.95403334463113
1.9376174224920035,567.2644546678124,296.8474390106927,94694.33063665213,-0.09113454585840429,0.12096092049972705,2.4627208309104305e-07,1.5944329283182181,0.216647397423617,-1.0949786698246586,95.51054510672218,95.08574068187274,-21.942984711809405,-48.954031485787894
1.9600999561337844,569.3004191252776,296.8474390106927,94671.18231838434,-0.08584784768329404,0.10546323603687328,2.457526056876514e-07,1.203443753803035,-0.04425886289528806,-5.033034756892647,95.44035983685998,97.23245479811135,-21.94298325297606,-48.95402961906231
1.9644931873902822,569.6980794380306,296.8474390106927,94666.66157225608,-0.08459108227340002,0.10210909480446904,2.4487556953452213e-07,1.2044850976078658,-0.062154303730039974,-5.241224030354386,95.41760569538735,97.65169689670483,-21.942982967900775,-48.95402925354599
1.96888641864678,570.0956585527722,296.8474390106927,94662.14192395928,-0.08326758538979522,0.09866283256876833,2.437513540092567e-07,1.204154148194242,-0.07951210623009262,-5.44921608244613,95.39412283384179,98.07083718529508,-21.94298268283658,-48.95402888780547
1.9732796499032779,570.4931533372414,296.8474390106927,94657.62340898701,-0.08188000246009124,0.09513036681354087,2.4238294392107354e-07,1.202319375779473,-0.0963195136425724,-5.656959613303985,95.36972674379092,98.48987237235167,-21.94298239778612,-48.9540285218397
1.9820661124162737,571.2878744685622,296.8474390106927,94648.58995412503,-0.07892350156685124,0.08783077506926693,2.3893448000358706e-07,1.1943371923682387,-0.12831600415369077,-6.071734145685253,95.31819913889477,99.32761120271776,-21.94298182773799,-48.95402778923476
1.9908525749292696,572.0822104389572,296.84677130062823,94639.56157486247,-0.07574302537857337,0.0802576209031593,2.345779123498748e-07,1.1673068832742983,-0.16288893533857432,-6.570980385467263,95.26262192661396,100.16487933535359,-21.94298125777959,-48.954027055740134
1.9996390374422655,572.876113483379,296.8413313159879,94630.53881297588,-0.07236089044607152,0.07245896383760184,2.2937471913226056e-07,1.0413994472982557,-0.22863906140022994,-7.671458473419351,95.1998569111638,101.00162652732386,-21.94298068794081,-48.954026321393336
2.008425499955261,573.6695176207719,296.83589516951537,94621.52241707692,-0.06880097283079235,0.06448413126837484,2.234000663266043e-07,0.9083181280945443,-0.2922776359266478,-8.770197156188383,95.12798830020925,101.83778335435478,-21.942980118259616,-48.95402558626545
2.018499847234366,574.5784992160507,296.8296676394738,94611.19343190131,-0.06453180637020244,0.055187037778781235,2.1571260560620646e-07,0.743557924607955,-0.3640086080305462,-10.049709705890882,95.03356811844876,102.79566625653365,-21.942979465326815,-48.9540247425511
2.020514716690187,574.7601941588088,296.8284228940178,94609.12889631873,-0.06365704475447112,0.05331419501067481,2.1407899587365443e-07,0.7367004069378086,-0.3683906286650424,-10.13078463976469,95.01330409364506,102.98712585318094,-21.94297933477749,-48.954024573712964
2.022529586146008,574.9418534399658,296.8271784148571,94607.06480241356,-0.06277605714254264,0.05143829493704709,2.124163492402409e-07,0.7295442892346146,-0.3726746421001599,-10.211797778290869,94.99283245908917,103.17854448982577,-21.94297920424153,-48.95402440484555
2.0245444556018293,575.1234766487489,296.82593420479225,94605.00115483114,-0.06188908808209869,0.049559843195979184,2.107258025417668e-07,0.7220686542338114,-0.3768636718269469,-10.292747176368344,94.97218288630276,103.36992173567421,-21.942979073719137,-48.95402423594932
2.0285741945134714,575.4866130371906,296.82344660430965,94600.87521913326,-0.060098908610868876,0.04579838460283773,2.0726754101086394e-07,0.7062589047675668,-0.38495344927876,-10.454479433367123,94.9303899354731,103.75255015398555,-21.94297881271591,-48.95402389807234
2.0326039334251136,575.8496010297098,296.8209601081782,94596.75111511294,-0.05828864861113925,0.04203385186903672,2.0371299268741514e-07,0.6892550852848943,-0.3926700480967779,-10.615976983260214,94.88793920817791,104.13500870733787,-21.942978551768878,-48.95402356008441
2.0366336723367557,576.2124381869847,296.8184747329966,94592.62887030073,-0.05646043364166026,0.03827044318421709,2.0007163888213995e-07,0.6710330940904681,-0.4000267380274758,-10.777231175231625,94.84483601387007,104.51729484262421,-21.942978290879125,-48.954023221988166
2.0520141688858597,577.5958420685365,296.8089994472568,94576.91315551677,-0.04938385823603305,0.02403833151962156,1.8565536738077406e-07,0.5949165343082107,-0.42357980499421527,-11.365661988679879,94.67462741727277,105.97472887231106,-21.94297729568144,-48.95402193065136
2.0673946654349638,578.9768744070803,296.79954167624874,94561.22649067767,-0.04221925643234264,0.010137108922149278,1.707137551001964e-07,0.5103569292545171,-0.4398207863785259,-11.902765097208642,94.49584425915508,107.42946888656174,-21.942976301380334,-48.95402063797599
2.0827751619840678,580.3554370601016,296.79010208527524,94545.56997925525,-0.0350832593516818,-0.0032281185991425584,1.5572673993052015e-07,0.44151335248805074,-0.44110877688937994,-12.243784537242897,94.31070621590005,108.88141255231005,-21.94297530799813,-48.954019344124134
2.093980515940076,581.3581914330964,296.7832366047361,94534.18288898996,-0.029958399883186014,-0.012533270301993029,1.4500725425161232e-07,0.403220830161391,-0.4323513981695822,-12.361290505115027,94.17319413235097,109.93742133586659,-21.94297458485409,-48.95401840082525
2.1051858698960846,582.3595751905324,296.77638117645625,94522.81247140827,-0.02495202632340951,-0.02138076981466989,1.3466370179416144e-07,0.3604293257992987,-0.4209858475423673,-12.463006117901998,94.03425486182245,110.99188393862596,-21.942973862193668,-48.95401745703421
2.116391223852093,583.359575322524,296.76953588669653,94511.45886958225,-0.020106328844127747,-0.029703620478470572,1.2483414416490287e-07,0.3197602502518894,-0.40500306002408265,-12.51050826415251,93.89448497090117,112.04478709245689,-21.942973140004376,-48.9540165128025
2.1301476585936046,584.5853375390407,296.76114609844836,94497.54356160875,-0.0144204723122401,-0.039138204976858,1.1358437945595772e-07,0.26173517398982504,-0.3834629647808432,-12.567491538868842,93.72189679105593,113.33525613271127,-21.94297225402371,-48.95401535306243
2.131893029205383,584.7407048103998,296.7600827511388,94495.7798931039,-0.013723975711941564,-0.040266833037442815,1.1223272521690366e-07,-0.021747728864488294,-0.481141027288716,-14.30457661349537,93.69794125250239,113.49881410836713,-21.942972141662526,-48.95401520588501
2.133638399817161,584.8960343269739,296.75901967828986,94494.01667981972,-0.013033612154980657,-0.04137930238304811,1.1089896030103872e-07,-0.02813899581080201,-0.4777612732231832,-14.301315960753758,93.67331534192614,113.6623298680562,-21.942972029313818,-48.95401505870605
2.1353837704289393,585.0513253595366,296.75795688488034,94492.25393001387,-0.012349473936846664,-0.04247555674095237,1.0958332370958607e-07,-0.03464758565354403,-0.4743553287869983,-14.298016687707022,93.64846981293704,113.8258026459855,-21.942971916977882,-48.954014911527
2.1382025565452616,585.3020394672415,296.7562410611422,94489.40806370138,-0.01125808062115676,-0.04421136802663547,1.0749742278133875e-07,-0.04540321608695009,-0.46880514536150836,-14.292645382521725,93.60827232557159,114.0897207982797,-21.942971735581654,-48.9540146738335
2.141021342661584,585.5526520833637,296.75452597380405,94486.56341878235,-0.010183715012082727,-0.04590391736371736,1.0545997727260346e-07,-0.05645420048343819,-0.4631967606212037,-14.287225923847766,93.56802474037845,114.35352568175767,-21.94297155421873,-48.95401443614308
2.143840128777906,585.8031630745471,296.7528116237269,94483.71999668493,-0.009126839728581367,-0.04755261095449089,1.0347150672382147e-07,-0.0677923199828919,-0.4575340206863741,-14.281764023037805,93.52777071986071,114.61721716398073,-21.942971372888813,-48.95401419845687
2.152470641366715,586.5695416160593,296.7475672385234,94475.02165614527,-0.006006684914892709,-0.05231920598354944,9.769306680095516e-08,-0.10415688443220511,-0.4399145719845321,-14.264813053170458,93.40461936068338,115.42387837402305,-21.94297081789497,-48.95401347075424
2.161101153955524,587.3349680581017,296.74232975881756,94466.33476906827,-0.003067732522827867,-0.056653939667004515,9.238186580040332e-08,-0.14285481906261568,-0.42193029025213863,-14.247545405257483,93.28159315904853,116.22947742007932,-21.942970263194464,-48.95401274312929
2.1697316665443327,588.099443208302,296.7370991776063,94457.65932383861,-0.00032047768976725503,-0.06054523303077455,8.753403367079212e-08,-0.18363560353531025,-0.40367801683871823,-14.23000742022558,93.15870958638405,117.03401537932642,-21.942969708775912,-48.954012015609
2.1822288722032006,589.2047384471698,296.7295373742295,94445.1173120845,0.0033018991078859598,-0.06537832477559559,8.131282447839402e-08,-0.2459369793935848,-0.3769383387813108,-14.204213735992864,92.98103089783223,118.19712854232637,-21.942968906443312,-48.95401096237486
2.1947260778620685,590.3080437873112,296.72198999542246,94432.59922493076,0.006478181210608044,-0.069241615316798,7.598250124760703e-08,-0.31130635048351407,-0.35011776339699946,-14.178081736742863,92.80367478085701,119.35802300085163,-21.94296810464247,-48.95400990950747
2.2072232835209364,591.4093626834223,296.71445701310705,94420.10501580682,0.009185335287025125,-0.07212136491818076,7.145810091254983e-08,-0.37887296653597824,-0.3235259195967012,-14.151754814215924,92.6266493380175,120.51670307373263,-21.942967303333056,-48.954008857111724
2.2197204891798044,592.5086984424022,296.70693840023443,94407.63463984967,0.011408632382201347,-0.07401783502774852,6.763436991883471e-08,-0.4478227914998942,-0.2974382334297553,-14.125362187563605,92.44995558963551,121.67317292144799,-21.942966502477425,-48.95400780529032
2.23928320338957,594.2255883352065,296.6951977994807,94388.16167218363,0.013903182870671568,-0.07505004071886186,6.276523499395646e-08,-0.5566787592483897,-0.25820211899626033,-14.084195483247557,92.17402696152288,123.47904469537775,-21.942965249670117,-48.95400616020417
2.2588459175993356,595.937639281861,296.68349224150666,94368.74682649359,0.015190156266110066,-0.07380004331575545,5.884860236193842e-08,-0.6641299935293438,-0.22169194903603112,-14.043563108009211,91.89889906761796,125.27952639021476,-21.942963997752916,-48.954004517178845
2.2784086318091012,597.6448635946172,296.67182162537165,94349.38993535936,0.015293560132694933,-0.07041005014781901,5.543842415929378e-08,-0.7674863513834931,-0.18866985434311145,-14.003808355389662,91.62455789666714,127.07463353206663,-21.94296274660063,-48.95400287661022
2.297971346018867,599.3472732951043,296.660185852228,94330.09083483214,0.01426657330313314,-0.06506984577809932,5.215889635070743e-08,-0.864315797432131,-0.15976162146698225,-13.965207256411679,91.35098368965534,128.86438132511208,-21.94296149609974,-48.95400123888051
2.319709118566881,601.2333305831341,296.6472971193933,94308.71357458696,0.011892669187470967,-0.05712257582877865,4.833291170837664e-08,-0.9613210796466107,-0.13292062366503732,-13.921750326177834,91.04788542897438,130.84685218126438,-21.94296010720459,-48.95399942283023
2.3414468911148947,603.113473762419,296.634451155782,94287.40725140226,0.008357138502813865,-0.04740379168077156,4.413983956890546e-08,-1.045094869803784,-0.11218402212858833,-13.879597663266393,90.74571531402293,132.8227445211147,-21.942958718873523,-48.95399761117919
2.3631846636629086,604.9877182311726,296.6216478337089,94266.17165349916,0.003833505610732116,-0.03631495603287893,3.961653206590852e-08,-1.1141090067167372,-0.0978884001523528,-13.84080948060557,90.44442853069452,134.79207798448076,-21.942957331020132,-48.95399580431076
2.3849224362109225,606.8560783034852,296.6088870330451,94245.00658163166,-0.0014875783759338698,-0.0242702013651828,3.497679078633927e-08,-1.1671457779312855,-0.09004671607842173,-13.805566239510828,90.14395226634802,136.754871048906,-21.94295594358478,-48.95399400253892
2.4066602087589364,608.7185668920894,296.5961686433764,94223.91185266699,-0.007406434488421473,-0.01168132897164887,3.055671674635557e-08,-1.2033200738654222,-0.08838095850541368,-13.77241278508911,89.84421965857442,138.71114069764792,-21.94295455653408,-48.95399220610485
2.4451638767359896,612.0031793177468,296.5737446031288,94186.71932565373,-0.018731978979811676,0.010734351795560851,2.443787005264341e-08,-1.2259480876830482,-0.09943359184098573,-13.718741059397466,89.31498737132051,142.16027777250235,-21.94295210061445,-48.95398903768258
2.4836675447130427,615.2694638402087,296.55145279505393,94149.746119004,-0.03018109444008718,0.03156364043332019,2.2289430358266227e-08,-1.1987531835836398,-0.12569157763233427,-13.671254071816994,88.78769113244594,145.58907565403194,-21.94294964603118,-48.95398588682178
2.522171212690096,618.5174693943122,296.5292927643169,94112.99147832824,-0.04073401848975788,0.04909263175747014,2.5401396108555227e-08,-1.1290971303148662,-0.16311869364124282,-13.629445526610576,88.26211345991914,148.99760430234133,-21.942947193128195,-48.95398275315269
2.5516069236257755,620.9882381581091,296.5124402457031,94085.03988054013,-0.047662235306182694,0.059464298914754514,3.134754552557058e-08,-1.0536537976752123,-0.19639325333820434,-13.600856681063137,87.86134800102178,151.58976192040166,-21.942945319346673,-48.95398036848545
2.581042634561455,623.448364368109,296.49566434420626,94057.21535994967,-0.05329385699636624,0.06682607981475268,3.966251341516185e-08,-0.9648545955311487,-0.23141469900419218,-13.574717075039654,87.46138829856909,154.17013473358676,-21.94294344709671,-48.95397799265712
2.6104783454971345,625.8978621225739,296.47896491084424,94029.5176694548,-0.05744566055683224,0.07102821128662087,4.929665831592985e-08,-0.8682116728426859,-0.26617599364622213,-13.55011424643186,87.06217355577755,156.73874565748565,-21.942941576650096,-48.95397562492057
2.639914056432814,628.336744626581,296.4623418030579,94001.94657260693,-0.06002308673594608,0.07209041855457414,5.9049031643758673e-08,-0.7687657962326203,-0.29871079193775874,-13.523879326345197,86.66370227950938,159.2956166197216,-21.942939708275723,-48.95397326446673
2.6693497673684936,630.7650243573192,296.4457948835764,93974.50184172859,-0.061017557148020776,0.0701870706381075,6.774961594591235e-08,-0.6722558936401066,-0.3277642128482373,-13.499538153591324,86.26596828636406,161.84076873450294,-21.942937842226616,-48.95397091046791
2.702339857368322,633.4739352976393,296.4273402873726,93943.89303705966,-0.06034212306433104,0.0649170315636606,7.504098742609758e-08,-0.573277883735085,-0.3547359008140999,-13.474539856561748,85.82103737012146,164.67934872566502,-21.942935753892495,-48.95396827889552
2.7353299473681503,636.1695616679652,296.40898102461927,93913.44235251062,-0.05797612482865896,0.056913542784475975,7.885891423291014e-08,-0.4885736630415981,-0.37446884480125747,-13.448519611745699,85.37695323568003,167.50326507303575,-21.942933669024754,-48.953965653367916
2.7683200373679786,638.8519198938599,296.39071691127117,93883.14948282388,-0.054211881913191935,0.046889625060988975,7.89236356216686e-08,-0.4218718961915833,-0.38632783290413947,-13.420664382703055,84.93374139107576,170.3125460854021,-21.942931587813923,-48.95396303299995
2.801310127367807,641.5210269417323,296.3725477600978,93853.01411745879,-0.04939864179854764,0.03561254352897773,7.552966998483162e-08,-0.3754075705170988,-0.3902251763099185,-13.390363931079223,84.49147955007295,173.10722056148597,-21.942929510373833,-48.95396041710265
2.8343002173676353,644.1769033075257,296.35447336034963,93823.03590686615,-0.04391597738366167,0.023854631942462505,6.936669797442203e-08,-0.3500120309952013,-0.3865501026369564,-13.357247650380694,84.05026646440969,175.88732091756094,-21.942927436742753,-48.95395780519138
2.8672903073674636,646.8195738240202,296.33649347229533,93793.21445342728,-0.03815097677026736,0.012352074961069456,6.134784327243751e-08,-0.3452146362443488,-0.3761003461038473,-13.321202710666212,83.61019888791012,178.6528840277356,-21.94292536688645,-48.95395519699296
2.9163446040905785,650.7247096992506,296.309932643778,93749.1606468333,-0.02984817527746571,-0.0028850243095053366,4.806630360723451e-08,-0.3724024123528686,-0.3505211812685717,-13.262549100292993,82.95816397631299,182.73831811393157,-21.94292229588412,-48.95395132554885
2.9653989008136934,654.6008105747071,296.2835792870573,93705.4509530895,-0.022795201994695362,-0.014415535633594212,3.548041623907818e-08,-0.4322227031254989,-0.31706784209296374,-13.199079673243586,82.30912746524706,186.79184008001084,-21.942919232450233,-48.9539474628376
3.0051482120346917,657.7204454627687,296.26237631983116,93670.2836985443,-0.018533633944586722,-0.02032154392687695,2.6819940274136035e-08,-0.49587833575405077,-0.2873851994200459,-13.142470400139883,81.78558639161356,190.0531587161304,-21.94291675516794,-48.95394434018196
3.04489752325569,660.8211558589909,296.2413083602325,93635.34036773352,-0.015842191319660956,-0.02292067836639916,1.9766969169601037e-08,-0.5664213656771564,-0.2583328575821509,-13.085975815582369,81.26429332486137,193.29371125442378,-21.942914281963617,-48.953941225141484
3.0846468344766884,663.9030097503186,296.22037482851687,93600.61999909268,-0.014810799165563533,-0.022301586840151367,1.419107194087977e-08,-0.6375492488600777,-0.23214684161661273,-13.031990221532286,80.74522476537663,196.51358686785036,-21.942911812430037,-48.95393811878021
3.1243961456976868,666.9660737019495,296.19957515590886,93566.12164925039,-0.015391467815310797,-0.018794455777776067,9.86363321034064e-09,-0.7030331609714682,-0.21034804723580675,-12.9792160602023,80.22828473863835,199.71287304219004,-21.94290934619789,-48.95393502216913
3.164145456918685,670.010410009144,296.1789088039101,93531.84442505302,-0.01741645314002493,-0.0129203139432953,6.6230461957464386e-09,-0.758104774088299,-0.19408786475164416,-12.928356353094387,79.71338402589359,202.89165260616403,-21.942906882959207,-48.953931936305054
3.2038947681396834,673.0360773457073,296.15837525984693,93497.78747617973,-0.020622341149637034,-0.005333155589761276,4.462998275441464e-09,-0.7993292545736282,-0.18395815479355837,-12.879902071071328,79.20045067220296,206.0500044162833,-21.942904422483785,-48.95392886203174
3.251741701285353,676.6534437208336,296.1338341250449,93457.08353483016,-0.02558095583126616,0.005050135456385477,3.4965519493906745e-09,-0.8278790024610995,-0.17993691762141423,-12.825158527062023,78.58550634487702,209.82478081562434,-21.942901464233483,-48.95392517772776
3.2995886344310223,680.2439334217931,296.10948388379387,93416.69620964218,-0.031147914889880928,0.0156203929371974,4.666569454493517e-09,-0.8328699040921499,-0.18403586261781985,-12.774451840540575,77.97309719617593,213.57019506538552,-21.942898509698306,-48.95392151175012
3.347435567576692,683.8076315712585,296.08532376544076,93376.6242224103,-0.036708360194571625,0.02525879282014821,8.206959142292958e-09,-0.8155091190553091,-0.1943667527838435,-12.723603025478122,77.36310498718952,217.28636570297704,-21.942895558960046,-48.953917864204044
3.3952825007223613,687.3446181227066,296.0613530366894,93336.86635688889,-0.04172335434371185,0.03308013232205286,1.395201833264296e-08,-0.7811248419056263,-0.20946826587458517,-12.679664611007784,76.7553739387757,220.973405519823,-21.942892612231418,-48.953914234715135
3.4431294338680307,690.854963702148,296.03757102968945,93297.42150538096,-0.045775855071815495,0.03849342385316987,2.1245819332098847e-08,-0.7344741498805589,-0.2268849297601866,-12.639161906523334,76.14969241409159,224.63141724082425,-21.94288966981799,-48.953910622525854
3.4909763670137,694.3387300250172,296.0139771390897,93258.28866385078,-0.048596848529602714,0.041222824322994414,2.90617538975618e-08,-0.6812811072515362,-0.2443969251641346,-12.600684979504749,75.5458838468784,228.2604939776104,-21.942886732074008,-48.953907026611276
3.5445578648757903,698.2085550808291,295.98777805138815,93214.83484079737,-0.05015832320756048,0.04113282040629951,3.702271614910893e-08,-0.6210029934698302,-0.2617882302698387,-12.558933308259276,74.87182565006535,232.29028716924483,-21.942883448217895,-48.95390301759046
3.5981393627378804,702.0451953538468,295.9618133864245,93171.76983144198,-0.050093429454547034,0.03813198793509107,4.2827857234194964e-08,-0.5666950674812651,-0.2748975954871721,-12.51743527993914,74.1999914477441,236.28402280177147,-21.942880171110982,-48.95389902585067
3.6517208605999705,705.8487281993853,295.93608236611186,93129.09234524911,-0.0486506146404856,0.03293713140167439,4.567683906915325e-08,-0.5235950185712425,-0.2825097205378424,-12.475143249259899,73.53041468186738,240.24182055606047,-21.94287690108805,-48.95389504989292
3.7053023584620606,709.6192341866652,295.91058419372644,93086.80106077227,-0.04621015502376058,0.02643155552991512,4.545972681074916e-08,-0.4948280124607075,-0.2842398897837819,-12.431294594061686,72.8631515672084,244.16380297957855,-21.942873638342522,-48.95389108852738
3.7588838563241507,713.3567994559529,295.8853180379952,93044.89459926145,-0.04321923362921762,0.019535085098227933,4.265082634649927e-08,-0.4808235060283532,-0.28022443928304935,-12.382783481665149,72.19834854952778,248.05009793397699,-21.942870382917015,-48.95388714095711
3.8124653541862408,717.0615178113513,295.86028301900296,93003.37150128874,-0.040130727177388276,0.013092983232108201,3.806841555593108e-08,-0.4815392354006461,-0.2717458672200816,-12.33377653796911,71.53615216820856,251.9008407627554,-21.942867134712014,-48.95388320680169
3.866046852048331,720.7334895365206,295.8354782162613,92962.23024013161,-0.037351646012394935,0.0077918829825056836,3.261293649186179e-08,-0.49455900073541953,-0.26012328482669855,-12.284433838330653,70.87662112725783,255.7161730501466,-21.942863893510644,-48.953879286075285
3.919628349910421,724.3728177141481,295.81090269361204,92921.46926307735,-0.03520434942375536,0.004105860435613659,2.707270774975552e-08,-0.5162228916605405,-0.24675159808461228,-12.233984397144964,70.21976711727315,259.49623879063756,-21.942860659014386,-48.95387537912808
3.973209847772511,727.9796059705837,295.7865555144567,92881.08701668326,-0.03390273749163872,0.0022738230103521166,2.2034795791236924e-08,-0.5426849812511246,-0.23311399789093878,-12.183105711557847,69.56560998289517,263.2411820464193,-21.94285743088191,-48.95387148655559
4.026791345634601,731.5539587432448,295.76243573993344,92841.0819437524,-0.03354429689198897,0.002306641728235795,1.7887802251263636e-08,-0.5701304599016249,-0.22051278720826425,-12.13249649077178,68.91416947029079,266.9511472278343,-21.942854208765425,-48.95386760908828
4.080372843496691,735.0959814276993,295.7385424279085,92801.45248166128,-0.03411640393066907,0.004018568412702857,1.4874766693614302e-08,-0.5951809246392696,-0.20995624611669886,-12.082787428276282,68.26542832063551,270.62627924847527,-21.94285099234252,-48.95386374748159
4.1339543413587805,738.6057784841666,295.7148746457282,92762.19708350983,-0.03551344534702914,0.007074886269561419,1.3151245589629324e-08,-0.6151836014050565,-0.20209781088568537,-12.034483019414353,67.61932138652516,274.26672156378515,-21.942847781342117,-48.95385990242314
4.193733770909185,742.4836550750122,295.68873420211133,92718.84052757162,-0.037830552394006366,0.011545512616868488,1.2868955466359129e-08,-0.6293149273952372,-0.19681861433468809,-11.982258225532087,66.90148332658367,278.2874944591347,-21.942844205069605,-48.953855632793896
4.25351320045959,746.3216801655888,295.6628721359422,92675.94568864026,-0.04065474114255361,0.016510445005833443,1.4364096976138294e-08,-0.6333259713326943,-0.1949164081686272,-11.92991448879687,66.1867553178887,282.2654489343786,-21.94284063512619,-48.95385138492576
4.313292630009995,750.1199842424817,295.6372872638194,92633.51060392542,-0.04366601698603653,0.02135354113112143,1.7551832764513717e-08,-0.6287213015292924,-0.19639030817384034,-11.883086311746323,65.47499731535108,286.2007670135288,-21.942837071454377,-48.953847158967044
4.3730720595604,753.8786880825133,295.6119784723043,92591.53342667707,-0.046568739450949824,0.025559323361334103,2.2163532449213464e-08,-0.6161452768938337,-0.20015724719503056,-11.83854947592825,64.76600041770172,290.09361995932056,-21.942833514096897,-48.95384295475131
4.432851489110805,757.5979019192079,295.5869447233723,92550.01243522714,-0.049122706138204505,0.028758259173844315,2.7742682365509762e-08,-0.5976485992552338,-0.2052726575196027,-11.795982857395103,64.05958518416587,293.94416743472084,-21.942829963172162,-48.95383877184636
4.4926309186612094,761.2777283703617,295.56218503455455,92508.94600005192,-0.05116178852397177,0.030746004533402732,3.369963219260163e-08,-0.575645261194911,-0.2107846386959697,-11.754971161539261,63.355647540453155,297.75256055746877,-21.942826418842763,-48.95383460962038
4.559367552095214,765.2294264244053,295.5348664027837,92464.8619405814,-0.05245436847978743,0.031205845370979007,3.995376879349526e-08,-0.5211308232953584,-0.2171188391968216,-11.71635737311532,62.572464626224786,301.9545555875605,-21.94282247003002,-48.953829986301926
4.569792497125354,765.8382270336836,295.53062961619486,92458.0718404066,-0.05251144256925743,0.031066540791388212,4.082421209800104e-08,-0.5116238586983521,-0.21802514686058833,-11.710650057911689,62.450352299168024,302.60623376599597,-21.94282185396347,-48.95382926619855
4.580217442155494,766.445874622229,295.5264011049569,92451.29500275048,-0.052510742967226916,0.030852928685171963,4.164802175722946e-08,-0.5022968934317388,-0.2188891421644704,-11.704935334917023,62.32829929695693,303.2566390774941,-21.942821238110074,-48.95382854662959
4.590642387185634,767.0523696496224,295.52218086443185,92444.53142018005,-0.05245150556103853,0.030564982281557813,4.2419297704372114e-08,-0.4931694507298911,-0.2197080270099204,-11.699208294813326,62.206305844118525,303.9057722354336,-21.942820622470556,-48.953827827587546
4.601067332215774,767.6577125411063,295.5179688902244,92437.7810856511,-0.05233543526250671,0.030205251466339997,4.313219339201177e-08,-0.48426209373184453,-0.22047913974760275,-11.693463695198343,62.08437216569134,304.5536339158816,-21.942820007045647,-48.953827109064335
4.621917222276054,768.8649434433322,295.5095697244089,92424.3201345089,-0.05194271178046349,0.029283982246426893,4.436225318043967e-08,-0.4671895491237157,-0.22186855340084874,-11.681900449659372,61.840685138260696,305.8455453596797,-21.94281877684251,-48.95382567353815
4.642767112336335,770.0675704488044,295.50120357437953,92410.91209622672,-0.051350799257634264,0.028114642099640597,4.530202539551932e-08,-0.4512298560362641,-0.22304014724598814,-11.670205209597471,61.59724060161582,307.13237850487724,-21.942817547506017,-48.95382423998119
4.663617002396616,771.2655966767858,295.4928704070656,92397.55691780343,-0.05057921426936372,0.02672429861672896,4.5925953423324474e-08,-0.4365123557859227,-0.22398038635520912,-11.658341503143252,61.354041644001576,308.41413843823864,-21.942816319040766,-48.953822808326265
4.684466892456896,772.4590253104808,295.4845701890068,92384.2545456139,-0.049648731421954334,0.02514144466266976,4.621976060439715e-08,-0.42314227736644017,-0.2246796330164283,-11.646277763778619,61.11109207154799,309.6908303064265,-21.942815091450463,-48.95382137851103
4.720686748882166,774.521295892715,295.4702295126741,92361.27141280049,-0.047719590007044586,0.022022021421559138,4.594061335004688e-08,-0.4033436856114108,-0.22530643240546042,-11.624771127147344,60.68965303480127,311.8966307719621,-21.94281296100199,-48.953818898885835
4.756906605307435,776.5697206051045,295.4559879779931,92338.44716968614,-0.04549545351062794,0.018569533377992626,4.469956618450595e-08,-0.3874121902102792,-0.22490377978067155,-11.599716935867702,60.26905433308625,314.0871818380771,-21.942810833209084,-48.95381642438702
4.7931264617327045,778.6043198565145,295.44184538488696,92315.78149561712,-0.043098131677032324,0.014944031766889635,4.261882477215601e-08,-0.37678983912296166,-0.22405457521007227,-11.576599869100876,59.84932183281448,316.26251427943714,-21.942808708068622,-48.95381395481818
4.829346318157974,780.625114887711,295.4278736049253,92293.27406150853,-0.040646029997124605,0.01129869845804417,3.986570010236445e-08,-0.37065870389447786,-0.2225385289959285,-11.552700874524454,59.43045673485658,318.4226596798807,-21.942806585569173,-48.95381149004296
4.865566174583243,782.6321272025601,295.41407063657005,92270.92453618339,-0.038249247682587896,0.007773851752048629,3.6624484597776456e-08,-0.36872301935256746,-0.22042328895949068,-11.528018242448844,59.012469182565766,320.56764982404,-21.94280446569248,-48.953809029982644
4.918255067330057,785.5271582214552,295.39416520179674,92238.69400379907,-0.035060305568085294,0.0031103096719574583,3.14040424094558e-08,-0.3725398542000505,-0.21645827630911665,-11.490885435583731,58.406040844993136,323.66096716745517,-21.94280138654653,-48.953805459717834
4.9709439600768714,788.393140570869,295.3744650434888,92206.79585148272,-0.03244634625420118,-0.0007321902932010684,2.6032120951548068e-08,-0.38274751114900785,-0.21172033412291172,-11.452627970982793,57.80159496860877,326.722384416369,-21.942798312800434,-48.95380189948363
5.0236328528236855,791.2301486874587,295.35496948125177,92175.22897755179,-0.03059008162317817,-0.003539955822745961,2.0898417413167316e-08,-0.3974736783099826,-0.2065378080535179,-11.413689256491248,57.19918734560927,329.752007304492,-21.942795244336825,-48.95379834955145
5.0763217455705,794.0382596757141,295.3356778186989,92143.99225442873,-0.029598899509795936,-0.0051992676488989455,1.6258205464854072e-08,-0.4147666369388313,-0.2012294135257616,-11.374543922801957,56.5988430245046,332.74994405080145,-21.94279218102648,-48.95379481031462
5.129010638317314,796.8175516507101,295.3165893548396,92113.08454708187,-0.029506450692120715,-0.005692149657412674,1.2257276238115398e-08,-0.43275596625757734,-0.19608053146769225,-11.335650988388663,56.00055859289654,335.716303589674,-21.9427891227369,-48.95379128223592
5.195978702720387,800.3085865358438,295.2926199135001,92074.2736462337,-0.030629583232369962,-0.004745741592339985,8.222002140740094e-09,-0.45403865218272943,-0.1901311034371266,-11.287216538184097,55.243063361364506,339.44117016263795,-21.94278524266803,-48.95378681487524
5.26294676712346,803.7533471680925,295.26897620734195,92035.990170103,-0.03295723084146283,-0.0023163818228655784,5.4683442909571394e-09,-0.47090735171625503,-0.1851114916819976,-11.240040765680726,54.48876909979013,343.1154172792933,-21.942781370261688,-48.95378236724936
5.3299148315265334,807.1519847690477,295.2456568760439,91998.23191608123,-0.03620088161436127,0.0011916372067572562,4.147283077887596e-09,-0.48137490978318576,-0.18110254964836292,-11.193737016815168,53.73759866551086,346.73925633444486,-21.942777505317157,-48.95377794008061
5.384538964322637,809.8901129518825,295.22687518334914,91967.82092724708,-0.03929482172346889,0.004541360030716083,4.256181735198046e-09,-0.48527250563872887,-0.17888008014870582,-11.15921009015549,53.127101712797256,349.6579434373872,-21.942774358198744,-48.95377434440689
5.43916309711874,812.5977247597245,295.2083077558142,91937.75687281802,-0.0425947723189951,0.008070317929857964,5.495967233879501e-09,-0.4845816617756593,-0.17740240926920678,-11.126276134396955,52.51845911371708,352.54333359693806,-21.94277121588002,-48.95377076273897
5.493787229914844,815.2748885726625,295.18995395751284,91908.03872311354,-0.04592556869308755,0.011551844242166686,7.867729869151396e-09,-0.47956768795691973,-0.17658539874515472,-11.094884892267915,51.91156080584295,355.3955256364277,-21.942768078319293,-48.95376719506619
5.548411362710947,817.9216675469987,295.17181319074274,91878.66551034432,-0.049130540707299955,0.014787489578896902,1.1303046091696445e-08,-0.4707653667347576,-0.1763116788001136,-11.064924781589237,51.306329545293515,358.21461243919657,-21.942764945494588,-48.953763641253126
5.603035495507051,820.5381213843302,295.1538848838426,91849.63630888639,-0.052081360359092006,0.0176189989809559,1.5655177117747443e-08,-0.4589064610152627,-0.17644306918949668,-11.036235561256039,50.702702996293475,361.00068284177405,-21.942761817399234,-48.953760101046576
5.657659628303154,823.1243074024135,295.1361684838126,91820.9502233322,-0.05468374261677906,0.01993443424999933,2.070057182433535e-08,-0.4448260951330691,-0.17683510245785855,-11.008626329648342,50.10061884462754,363.7538227806805,-21.94275869403662,-48.953756574100886
5.722154932652356,826.1389531123947,295.1155226202581,91787.52080159524,-0.057228246555863095,0.021916169350640224,2.716627774592549e-08,-0.4265107839365488,-0.17744403835717304,-10.977138625641818,49.39164022906789,366.9622032320575,-21.942755012355196,-48.95375242631249
5.786650237001558,829.111565380959,295.09517058352804,91754.56713912131,-0.059166333046479336,0.023056494207088014,3.369947948271862e-08,-0.407637792061435,-0.17801675072123332,-10.946533172556197,48.68465852131245,370.1249228062841,-21.942751337306905,-48.953748295709644
5.85114554135076,832.0422269893926,295.07511155476584,91722.0879100323,-0.06051622699155015,0.02339643930081924,3.981532030255932e-08,-0.3893911324046378,-0.17838310436441235,-10.916492726928887,47.97962750118627,373.24210875418413,-21.94274766891261,-48.95374418153743
5.915640845699961,834.9310189852337,295.0553447312763,91690.08181461818,-0.061342961197000015,0.023035107336298332,4.511918964061212e-08,-0.37272416184880236,-0.17841623880498467,-10.886741257754174,47.27652356862163,376.31388581510885,-21.942744007185986,-48.95374008306401
5.980136150049163,837.7780228612788,295.03586931157787,91658.54755513392,-0.06174638900985746,0.02211316787470644,4.934701482893303e-08,-0.3579402425633602,-0.17787031322204958,-10.855813315300034,46.5753722262646,379.34037853980965,-21.94274035212723,-48.95373599961725
6.044631454398365,840.5833228398694,295.01668447976016,91627.48381047162,-0.06184805842356911,0.020795410793674807,5.2377054053137385e-08,-0.34607128787623265,-0.1769860778300203,-10.825654824903287,45.87619091138473,382.32171372129164,-21.942736703718055,-48.95373193060864
6.122594180332587,843.9188495981135,294.9938803947648,91590.55983426575,-0.06175455717329559,0.018919937237702696,5.446296420512416e-08,-0.33563426065286767,-0.17540110801408867,-10.789516930671542,45.03362082363365,385.86548317019543,-21.94273230230305,-48.95372703053684
6.20055690626681,847.1937104806494,294.9714983054264,91554.3191460585,-0.06163565868384169,0.017007190458246113,5.505094438726038e-08,-0.32911221421686365,-0.1732429569833022,-10.75311424968381,44.19387415390698,389.3436742230807,-21.94272791046431,-48.95372215024413
6.278519632201032,850.4080541237078,294.9495367960162,91518.75945352652,-0.06168969976974572,0.015305589331356409,5.4530851230294205e-08,-0.3259742247250875,-0.1706321074752802,-10.716535569867771,43.35695204819331,392.7565068851063,-21.94272352808561,-48.95371728934971
6.3564823581352545,853.5620307353656,294.9279944488994,91483.87846126039,-0.06207389657126643,0.014005279984556234,5.336558659536674e-08,-0.32546858087111213,-0.16771458662596067,-10.679951043681989,42.5228785057698,396.10420145762316,-21.942719155027195,-48.95371244767229
6.434445084069477,856.6557935297121,294.9068698346907,91449.67385482432,-0.06289737034871817,0.013230924240425159,5.2027969661091746e-08,-0.32674651129458016,-0.16464172020228302,-10.643575256492593,41.691659640641454,399.3869800680324,-21.942714791130644,-48.95370762517829
6.512407810003699,859.6894970740203,294.88616152349545,91416.1433189578,-0.06422048671248375,0.013042562456875836,5.096508599833582e-08,-0.328965449094323,-0.1615542870134802,-10.60763451957944,40.86326739051463,402.6050649228899,-21.942710436227433,-48.95370282193448
6.645306614027052,864.7228696535266,294.85181686857766,91360.53305346184,-0.06765788315531628,0.014060136347436249,5.092999976038295e-08,-0.3328164608660176,-0.15658564465439412,-10.547964993338544,39.45754282440877,407.9422463469946,-21.94270303291375,-48.953694678849146
6.778205418050405,869.582902700165,294.8186710314599,91306.86389281329,-0.07242726713176986,0.016492773754917207,5.449479344615251e-08,-0.3343339264745597,-0.1522454701176198,-10.490594331820407,38.05959211514462,413.0931307153028,-21.942695654453665,-48.953686592699114
6.880352683993077,873.2009961367645,294.79400556664547,91266.92600290879,-0.07678358058169059,0.01900775577680388,6.037327848811926e-08,-0.3329747328141453,-0.1494051164633863,-10.448198373052234,36.990182813700024,416.92615978313955,-21.942689999762326,-48.9536804164838
6.9824999499357485,876.7174079521004,294.7700416629634,91228.1240685389,-0.08155279980632164,0.02181944196669346,6.930362725405775e-08,-0.32969544513379045,-0.1471695813560203,-10.408448427082378,35.9249713764015,420.6501658005768,-21.942684359092404,-48.953674273925174
7.08464721587842,880.1324294410081,294.74677661832374,91190.4537145264,-0.0865826379113968,0.024717423998560938,8.138077091585401e-08,-0.3244662756974909,-0.14535150659063656,-10.370513722355728,34.86373853009811,424.2655686741623,-21.94267873222723,-48.95366816465754
7.186794481821092,883.4463343188518,294.72420787397516,91153.91079778614,-0.09174904567954478,0.02753171082510466,9.65156612441553e-08,-0.3177223304155356,-0.1438641267991324,-10.334260999647045,33.80628447338798,427.7727660354635,-21.942673118992413,-48.953662088153536
7.288941747763764,886.6593788917249,294.7023330129341,91118.49140478033,-0.09696469289610425,0.030142182864707198,1.1447084641013946e-07,-0.30999312100541493,-0.14261234358118854,-10.299515834177171,32.752448342839564,431.17213348529845,-21.94266751925041,-48.95365604376148
7.391089013706436,889.771808665957,294.68114971461466,91084.19177805695,-0.10218340381030996,0.03248302259256884,1.34928931687065e-07,-0.3018264869817116,-0.14150412069817397,-10.266082546188443,31.702095461365225,434.46403164419246,-21.94266193288574,-48.95365003071855
7.552589542494295,894.4880168630965,294.6490633527512,91032.23810123888,-0.11043543161827823,0.03560980799940263,1.7161681372981614e-07,-0.28918415392769725,-0.13986059230196737,-10.215434023930037,30.048246871374136,439.4502728777893,-21.94265312757381,-48.95364058572799
7.714090071282154,898.9542155393491,294.6186915746423,90983.06064849516,-0.11882982512025489,0.038181426355899245,2.1286882358598818e-07,-0.27806226266886047,-0.13817469616980735,-10.166926257065466,28.40240279617852,444.1700666951326,-21.942644355047303,-48.95363121383122
7.875590600070013,903.1712783954864,294.59002620644475,90936.64618488144,-0.12764181600260427,0.040496247206458474,2.5859520113178547e-07,-0.2691359375225402,-0.13636090600916198,-10.120098040895884,26.764244619690032,448.62468331671363,-21.94263561490423,-48.953621912192894
7.996624149551903,906.1688698921027,294.56965736173345,90903.66530721786,-0.1347075035498634,0.042258341928583014,2.9634751658401155e-07,-0.2636484924047299,-0.13479165093529474,-10.08538958352897,25.541477371234816,451.7900148620114,-21.942629085735806,-48.95361498595415
8.117657699033794,909.0273648367366,294.5502392599489,90872.22385589885,-0.142298254965202,0.04416792075172426,3.379724019258885e-07,-0.25959223512383667,-0.13331844271748483,-10.05202972075428,24.322831673023366,454.8076003460965,-21.942622574317248,-48.95360809717965
8.238691248515684,911.7471129106848,294.5317687314421,90842.31669868417,-0.1505193916801185,0.04631741469457583,3.8465877981312e-07,-0.25649657754159794,-0.13183247353154837,-10.019384341214373,23.108193196130625,457.67793233445127,-21.942616080447845,-48.9536012452749
8.359724797997574,914.3284576500272,294.5142426896417,90813.93883785112,-0.1594691775284474,0.04878678862879651,4.3793614891204243e-07,-0.25415339375645307,-0.1303634828452828,-9.987440687301728,21.897454747285067,460.4014904822692,-21.94260960393103,-48.95359442977891
8.480758347479464,916.7717357546517,294.49765813533025,90787.08541711938,-0.16923228576523403,0.05163605067440867,4.996057883791219e-07,-0.2523512103396484,-0.1289378416016791,-9.95619273329516,20.690532247982365,462.97874086985314,-21.942603144578168,-48.953587650355864
8.601791896961354,919.0772803783457,294.4820121339131,90761.75168484455,-0.1798764110834284,0.05490078493872301,5.717017306140984e-07,-0.2508941919962883,-0.12757425601977262,-9.92563164901383,19.48735177964467,465.41013953509037,-21.942596702204526,-48.95358090675912
8.756160110514838,921.8184769793812,294.4634142898366,90731.63838048253,-0.1948155956082206,0.05969248438500774,6.825285269815845e-07,-0.24927867473335985,-0.12593608217998015,-9.887614789251916,17.958101082003438,468.3002564447305,-21.942588509845354,-48.9535723575271
8.910528324068322,924.3368448202664,294.44633264725354,90703.980083102,-0.2113650649554372,0.06518951263487259,8.198137198829857e-07,-0.2476911977803656,-0.12439892287959903,-9.850596582747098,16.434643813267588,470.9547546688472,-21.94258034445626,-48.95356386586144
9.064896537621806,926.6330571850548,294.43076152084154,90678.76758712802,-0.22960339522772638,0.07138353830826054,9.901753816975513e-07,-0.24593324807962938,-0.1229228884189828,-9.814449090754115,14.916827105014333,473.37451771021165,-21.94257220570656,-48.95355543138025
9.21926475117529,928.7077810532603,294.41669537114814,90655.991923176,-0.24960895702244115,0.07827008684343463,1.2011868412365145e-06,-0.24384674178511256,-0.12144426329239001,-9.779003704773531,13.404529413649268,475.5604064032847,-21.94256409328219,-48.953547053667144
9.373632964728774,930.5616822401881,294.4041287686329,90635.64429982885,-0.27145873117141656,0.08584574040079267,1.461529134252661e-06,-0.24128885433287245,-0.11987899336121005,-9.744054458421155,11.897662467599176,477.5132645021372,-21.942556006867335,-48.95353873224012
9.528001178282258,932.1954313484313,294.3930563522712,90617.71603660904,-0.29522736190076015,0.09410743270593208,1.7811893308381343e-06,-0.23811247621062356,-0.11812442593454268,-9.70935782107542,10.396170024638822,479.23392511344105,-21.94254794612399,-48.95353046651243
9.724449556079051,933.9572581383732,294.38111790183274,90598.38550613551,-0.3283694101045023,0.10561943618831597,2.29188853959418e-06,-0.23290496013306153,-0.11542367669744014,-9.665116914291254,8.49312475173891,481.08916797627285,-21.942537724570673,-48.95352002694592
9.920897933875844,935.3650920218219,294.3715796523342,90582.94133911016,-0.3649024126349762,0.11827458931033721,2.9441066009823987e-06,-0.225957324498029,-0.11190973087898314,-9.620150983767589,6.598828925192464,482.57141807206676,-21.942527543024045,-48.953509674414924
10.117346311672637,936.4204370107891,294.36443042230223,90571.36543068652,-0.404990899191987,0.13211954213213997,3.7682303370206918e-06,-0.2165861084244977,-0.10717210582542176,-9.573745978624023,4.713493049170201,483.68241300896625,-21.94251740025318,-48.95349940629431
10.31379468946943,937.1248849978327,294.3596586877016,90563.639121348,-0.44878177429571425,0.14720791438513892,4.797175362267866e-06,-0.20373661706052593,-0.10062440666774097,-9.525357693221045,2.8374576410277093,484.4239436294504,-21.942507294596325,-48.953489219036726
10.510243067266224,937.4801352747091,294.3572524462213,90559.74297716242,-0.49634618620364385,0.16357515998150932,6.064795413286674e-06,-0.1858387441935917,-0.09142892325010904,-9.47513394391372,0.9711121522352498,484.7978751003287,-21.94249722375812,-48.953479107789775
10.612959043159247,937.5274576069158,294.3569319208943,90559.22398815001,-0.5226866301330845,0.17263684105560165,6.833371087018022e-06,-0.17379897714687717,-0.08521427006743632,-9.448639891389814,-0.0007832719541387621,484.84768494194026,-21.942491970903067,-48.953473849077426
10.61904761904762,937.5272866382156,294.35693307890296,90559.22586317747,-0.5242783376933944,0.17318447330183234,6.8813368888751795e-06,-0.17301790675419484,-0.08481055785980056,-9.447077772560089,-0.05830775534239269,484.84750498664573,-21.942491659795458,-48.95347353793345
10.623296178781906,937.5268892971055,294.35693577018196,90559.23022084941,-0.5253919232094478,0.17356760633579787,6.915037251164143e-06,-0.17246655855960263,-0.08452553890993342,-9.445991689438051,-0.09843961528032431,484.84708676016305,-21.942491442730734,-48.953473320871794
10.627544738516193,937.5263299865783,294.3569395585157,90559.23635485329,-0.5265070892491978,0.17395128936586915,6.948871435930365e-06,-0.17191133306411027,-0.08423848774780487,-9.44490650688438,-0.13856686475558794,484.8464980506643,-21.942491225679674,-48.9534731038402
10.636041857984765,937.5248874639608,294.356949329041,90559.25217511723,-0.5287405915267389,0.17471975895494604,7.0168082573426325e-06,-0.17079233029565127,-0.08365990598859027,-9.442733290496966,-0.21881213067054553,484.844979704758,-21.942490791604794,-48.953472669836955
10.644538977453337,937.5227972129279,294.35696348677686,90559.2750990759,-0.5309804073693424,0.17549042755542538,7.085282893791001e-06,-0.16965756078518787,-0.08307306067648047,-9.440564218519413,-0.2990389481189545,484.8427795835166,-21.942490357584195,-48.95347223595319
10.653036096921909,937.520059382752,294.35698203071485,90559.3051250965,-0.5332264818857196,0.17626327866855943,7.154297137649868e-06,-0.16850686985970156,-0.08247787098062721,-9.438399704245183,-0.3792473540682254,484.8398978436452,-21.942489923617504,-48.95347180218811
10.738007291607634,937.4570959595342,294.3574084974801,90559.99565263557,-0.5560169138345099,0.1841073766010759,7.874446228346377e-06,-0.15609342419892647,-0.07605087039133834,-9.41710500892957,-1.180330646926033,484.7736246345276,-21.942485586827775,-48.95346747088291
10.822978486293358,937.3295366284325,294.35827249630177,90561.39462443997,-0.5793511284473912,0.19214440705381747,8.650086164919345e-06,-0.14195248220879936,-0.06871833256820864,-9.396822453226662,-1.9796444529841046,484.63935866293616,-21.942481254965653,-48.95346315048292
10.907949680979083,937.1375218603331,294.35957309212154,90563.50052647947,-0.6031224355666085,0.20034069924879633,9.481895525295622e-06,-0.12603108665845003,-0.06045141848125011,-9.37819932983738,-2.7773007676956634,484.43724523754554,-21.9424769275573,-48.95345884000299
10.992920875664808,936.8811825077338,294.3613094232515,90566.31196352426,-0.6271816413745749,0.208648437439367,1.0369581882959656e-05,-0.10838693982257577,-0.0512777646017228,-9.362029047630326,-3.573473269315688,484.167418265194,-21.94247260406679,-48.953454538330405
11.114369531654026,936.4033507894803,294.36454616370423,90571.55283714346,-0.6616620078267874,0.22058411484783103,1.1731931247786861e-05,-0.08064667555828503,-0.03682745720747012,-9.345042828481994,-4.709362938353978,483.66442672079125,-21.94246643015283,-48.95344840281764
11.235818187643243,935.7945973533953,294.3686699624557,90578.23002006965,-0.6955038967868008,0.23234750249286668,1.319404388792966e-05,-0.051265104422081126,-0.021473434532696865,-9.33802902263034,-5.84376165387566,483.02358574725554,-21.942460261114032,-48.953442278818606
11.35726684363246,935.055039914075,294.37368018083635,90586.34247818007,-0.727589001290213,0.24357003312867276,1.4735216854055267e-05,-0.022788974041953014,-0.006508614724010653,-9.344128759194998,-6.9780743984552815,482.2449945942626,-21.94245409492788,-48.95343616216167
11.478715499621678,934.1846187041648,294.3795774165978,90595.89117934398,-0.7564429661691092,0.25376295724736125,1.6321832234539186e-05,0.000905577799639623,0.006096643639761479,-9.366064842600757,-8.114064355238208,481.32856037079944,-21.94244792963482,-48.95343004882852
11.600164155610896,933.1830586630593,294.386363760624,90606.87950908409,-0.7801985810973979,0.262304290646457,1.7904177254958775e-05,0.014628701435200675,0.013702231108248863,-9.405460421789599,-9.253767759140608,480.2739581521673,-21.942441763592974,-48.953423935494484
11.737192277976918,931.8949161614555,294.3950929023048,90621.01358286002,-0.7980342939645588,0.26900599165282896,1.9598076329239395e-05,0.010398822950243414,0.012339943796011,-9.470498280756416,-10.546796907447812,478.91744393071565,-21.942434804480055,-48.95341703563661
11.87422040034294,930.4380824991257,294.40496651397,90637.00076244946,-0.8027206574870347,0.2713709463384011,2.1071292433616126e-05,-0.023497558957643605,-0.004031697725856986,-9.553256513363408,-11.850030132689078,477.38307833890434,-21.942427843481198,-48.953410134306935
12.011248522708962,928.81116591143,294.4159945204688,90654.85711799473,-0.790166343855754,0.268015327991732,2.217006081918966e-05,-0.0943540753582397,-0.03913981027139357,-9.64517468695442,-13.165352318018913,475.66931904880926,-21.942420883423207,-48.9534032378075
12.092676382379668,927.7631871406955,294.42309914542017,90666.3608026507,-0.7728853456606756,0.26274801735335584,2.2577950422909808e-05,-0.15537773164965074,-0.06960739440376074,-9.699288405242555,-13.952957156837586,474.5652557700772,-21.942416750209972,-48.953399146915864
12.11904761904762,927.4107430269298,294.4254886548352,90670.22985456849,-0.7655550396041316,0.2604626056480525,2.2663719120666115e-05,-0.17812246601101833,-0.08099040410388625,-9.716137353573913,-14.208962535118896,474.19392447287146,-21.9424154124242,-48.95339782398061
12.120829663789262,927.3868657678864,294.4256505414593,90670.49197856322,-0.7655550396041316,0.2604626056480525,2.2663719120666115e-05,-52.33866330406664,-25.964091728114767,51.56738702111371,-14.117066794957694,474.1687671875579,-21.94241532278007,-48.95339773623174
12.122611708530904,927.3631415893789,294.4258113905803,90670.75242265115,-0.7655550396041316,0.26046260564805257,2.2663719120666115e-05,-51.58840201161745,-25.5910836599841,50.769194709614226,-14.026593481347263,474.1437711308819,-21.94241523386636,-48.953397650070265
12.126175798014186,927.3159947901127,294.42613104538157,90671.27000212332,-0.7655550396041316,0.2604626056480525,2.2663719120666115e-05,-50.12544320732328,-24.863758085719823,49.212430093456675,-13.848421431735405,474.0940965695445,-21.942415057479124,-48.95339748087738
12.129739887497468,927.2694417671592,294.42644667583534,90671.7810654424,-0.7655550396041315,0.26046260564805257,2.2663719120666115e-05,-48.724648272410406,-24.16735621776567,47.7219680205347,-13.67568004015508,474.04504739438244,-21.94241488393152,-48.953397317856194
12.13330397698075,927.2234644917186,294.426758404123,90672.28581044218,-0.7655550396041316,0.2604626056480525,2.2663719120666115e-05,-47.38254185452786,-23.500148637860132,46.294103264623644,-13.50813924567484,473.9966046183465,-21.942414713143812,-48.953397160833816
12.149779932361263,927.0179583472037,294.42815176350825,90674.54191362705,-0.7655550396041316,0.2604626056480525,2.2663719120666115e-05,-41.85673667353793,-20.753274019692018,40.41723559853521,-12.795726657444595,473.7800756753194,-21.942413957525424,-48.95339650863513
12.166255887741775,926.8228676761848,294.42947453055183,90676.68371492512,-0.7655550396041316,0.2604626056480525,2.266371912066611e-05,-37.25527738715901,-18.466160340698742,35.52635697504928,-12.171453083369213,473.5745168275034,-21.942413252532727,-48.953395966514975
12.182731843122287,926.636944726352,294.4307351615319,90678.7249065942,-0.7655550396041315,0.26046260564805246,2.266371912066611e-05,-33.383801340342046,-16.542099045872092,31.414342440317142,-11.621050731070776,473.37861396384915,-21.94241259264277,-48.9533955224941
12.1992077985028,926.4591296291677,294.43194083956735,90680.67711941488,-0.7655550396041316,0.2604626056480525,2.2663719120666115e-05,-30.095790935067146,-14.90819323080011,27.92502034360677,-11.133062873922713,473.19125082308017,-21.94241197316076,-48.953395166388276
12.2239675121256,926.2052002239118,294.4336626482916,90683.4650420339,-0.7655550396041316,0.2604626056480525,2.2663719120666115e-05,-26.012580982041264,-12.879400622078569,23.597152317228982,-10.497057405728587,472.9236806419003,-21.942411109518613,-48.95339477772223
12.248727225748402,925.9650519423233,294.4352910513508,90686.10172383122,-0.7655550396041316,0.26046260564805246,2.2663719120666118e-05,-22.723716159732174,-11.24554114014458,20.117734678225766,-9.957219929282807,472.6706257610365,-21.942410317043283,-48.953394544013904
12.273486939371203,925.7366587568359,294.4368397807485,90688.60939942721,-0.7655550396041316,0.2604626056480525,2.2663719120666115e-05,-20.03628097528482,-9.910657654498591,17.28119968016562,-9.495367399254471,472.42995221831364,-21.942409586727806,-48.95339444571712
12.298246652994004,925.5183452905917,294.438320192196,90691.00645579107,-0.7655550396041315,0.26046260564805246,2.2663719120666115e-05,-17.811437299662284,-8.805699672425433,14.939466691776522,-9.097354688920065,472.19989532893135,-21.94240891111226,-48.95339446664079
12.323006366616806,925.3087464297321,294.43974153860484,90693.30787507589,-0.7655550396041316,0.26046260564805246,2.2663719120666115e-05,-15.948735921826636,-7.880713972466065,12.985482603753267,-8.752339163742352,471.97901718446724,-21.942408284097915,-48.95339459354623
12.36667562270955,924.9569303316455,294.4421273641107,90697.17096207227,-0.7655550396041316,0.2604626056480525,2.2663719120666115e-05,-13.328586861252017,-6.579788198785842,10.252413309615942,-8.247810915656208,471.60825836911226,-21.94240728150606,-48.95339504275021
12.410344878802295,924.6237974637237,294.44438656595355,90700.82902224468,-0.7655550396041316,0.2604626056480525,2.2663719120666115e-05,-11.328126828381771,-5.586703806829474,8.185409116276341,-7.847536097446861,471.2571769522844,-21.942406392210124,-48.953395739369526
12.45401413489504,924.3055171587719,294.4465451113263,90704.3241012184,-0.7655550396041316,0.2604626056480525,2.2663719120666115e-05,-9.763862121535132,-4.810251350478428,6.5883580024729556,-7.526408206000646,470.92173761553806,-21.94240559880564,-48.95339664560829
12.497683390987785,923.999221170206,294.44862244384996,90707.68768176514,-0.7655550396041315,0.2604626056480525,2.2663719120666115e-05,-8.51735186316936,-4.191565902069193,5.335080758552622,-7.267125468546804,470.59891880767225,-21.942404888075306,-48.95339773275902
12.54135264708053,923.7026342426685,294.4506339879112,90710.94473878233,-0.7655550396041316,0.2604626056480525,2.266371912066611e-05,-7.507192110760834,-3.6901985328707476,4.338608218950526,-7.05673211631122,470.286323569107,-21.94240424937911,-48.95339897771093
12.585021903173274,923.4139304604957,294.4525921222207,90714.11531566219,-0.7655550396041316,0.2604626056480525,2.2663719120666115e-05,-6.676171603829954,-3.2777276784451117,3.537590019351125,-6.8853784635013024,469.9820282402525,-21.942403674039184,-48.953400361614385
12.656496076575388,922.9547345745715,294.45570673392984,90719.15844055236,-0.7655550396041316,0.2604626056480525,2.2663719120666115e-05,-5.6004786546006375,-2.7437435540509507,2.538613985646622,-6.670286223942527,469.4980155810202,-21.94240285106639,-48.953402887372235
12.727970249977503,922.5079685207827,294.4587371717327,90724.06527252342,-0.7655550396041316,0.26046260564805246,2.2663719120666115e-05,-4.777043140858869,-2.334859331494588,1.8177741877986235,-6.516012232076077,469.0270836008609,-21.942402154511935,-48.9534056913107
12.799444423379617,922.0701003236425,294.4617073836822,90728.8745878444,-0.7655550396041315,0.26046260564805257,2.2663719120666115e-05,-4.129524106457059,-2.013184567550551,1.2915541559220756,-6.405863169955285,468.5655107569819,-21.942401565454976,-48.9534087323501
12.870918596781731,921.6385705709735,294.4646347244965,90733.61448697191,-0.7655550396041316,0.2604626056480525,2.2663719120666115e-05,-3.6083966579732913,-1.7541495662916318,0.9049823138495865,-6.328075560673903,468.11060011503673,-21.94240106907759,-48.9534119783335
12.942392770183845,921.2114850893895,294.46753203891467,90738.30576788326,-0.7655550396041315,0.2604626056480525,2.266371912066611e-05,-3.1803700595979305,-1.541247049791895,0.6202784442878616,-6.274086807783811,467.6603555943196,-21.942400653409408,-48.953415403297896
13.01386694358596,920.7874534307689,294.4704087564341,90742.96369865573,-0.7655550396041316,0.2604626056480525,2.2663719120666115e-05,-2.822562534180227,-1.3631371315933445,0.4108762599982575,-6.237621626041082,467.2133118448984,-21.94240030863578,-48.95341898597048
13.133478800735741,920.0819974027063,294.47519497939055,90750.7134672869,-0.7655550396041316,0.2604626056480525,2.2663719120666115e-05,-2.3389695733228146,-1.1221581806576935,0.1788957278385831,-6.203612742253902,466.4695297246277,-21.942399868360262,-48.95342528695619
13.253090657885522,919.3791038144632,294.4799641464374,90758.43561928712,-0.7655550396041316,0.2604626056480525,2.2663719120666115e-05,-1.9587608275796013,-0.9324393328821233,0.044892879501089104,-6.190898615824871,465.72839810365485,-21.94239957281906,-48.95343191314363
13.372702515035304,918.6769625063135,294.4847285372873,90766.1500377526,-0.7655550396041316,0.2604626056480525,2.2663719120666115e-05,-1.6522945019908835,-0.7793195348785232,-0.028133942134966727,-6.190337615815391,464.98800870675996,-21.942399397647304,-48.953438811891324
13.492314372185085,917.9745441161709,294.48949513637695,90773.86803176142,-0.7655550396041316,0.2604626056480525,2.2663719120666115e-05,-1.40067946395369,-0.6534599830631018,-0.06394311085634764,-6.196147703578301,464.24727614798235,-21.942399323020517,-48.953445940419606
13.611926229334866,917.2713218495207,294.49426751929997,90781.59539085216,-0.7655550396041316,0.2604626056480525,2.2663719120666115e-05,-1.1914112054572372,-0.5486791132458211,-0.07771941687808517,-6.204784417388208,463.50564477778977,-21.94239933263088,-48.95345326357712
13.785913728930856,916.2466400730926,294.5012220600654,90792.85606181514,-0.7655550396041316,0.2604626056480525,2.2663719120666115e-05,-0.9455699879256769,-0.4254649414511646,-0.07674097793784833,-6.218531550637192,462.4249046779088,-21.94239946994157,-48.953464205064876
13.959901228526846,915.21987017715,294.50819147356253,90804.14081444567,-0.7655550396041316,0.2604626056480525,2.2663719120666115e-05,-0.7532096796590724,-0.328967701481955,-0.06516083019987706,-6.2310317753553734,461.34185334596316,-21.942399723608762,-48.95347542519686
14.133888728122836,914.1912946523579,294.5151738463707,90815.44655056625,-0.7655550396041316,0.2604626056480525,2.2663719120666115e-05,-0.6017304185661572,-0.2529297828973555,-0.05136069515577671,-6.241112927488877,460.2567881287687,-21.94240006704142,-48.953486866819944
14.307876227718825,913.1613626229521,294.5221661329586,90826.76833890591,-0.7655550396041316,0.2604626056480525,2.2663719120666115e-05,-0.4821758716960239,-0.19288898726266127,-0.03841421764693395,-6.248845206510403,459.1701823038324,-21.94240047958826,-48.953498485586096
14.506733981709237,911.9830229801632,294.5301668357812,90839.72293720316,-0.7655550396041316,0.2604626056480525,2.2663719120666115e-05,-0.37596600403149083,-0.13953133182077657,-0.02617941853048067,-6.255205539906087,457.92686794861277,-21.94240101495206,-48.95351193746938
14.705591735699649,910.8038323029945,294.5381742419273,90852.68838940491,-0.7655550396041316,0.2604626056480525,2.2663719120666115e-05,-0.2947614611020567,-0.0987263040192995,-0.017045166312327747,-6.259441085444891,456.68251189260167,-21.942401600156092,-48.953525533945566
14.90444948969006,909.6241359837733,294.5461860076563,90865.66090056699,-0.7655550396041316,0.2604626056480525,2.2663719120666115e-05,-0.23268979074586849,-0.0675310589249866,-0.01053313204747708,-6.262134027431929,455.43747835462545,-21.942402220679487,-48.95353924386128
15.103307243680472,908.444181213647,294.55420045518076,90878.63775404551,-0.7655550396041316,0.2604626056480525,2.2663719120666115e-05,-0.18525573642342624,-0.043690405065355986,-0.006018449404867602,-6.26375262431869,454.19202806390643,-21.942402865390584,-48.95355304333734
15.482091147056925,906.1964411431007,294.56947004091256,90903.36200061579,-0.7655550396041316,0.2604626056480525,2.2663719120666115e-05,-0.12385203471237512,-0.012827839845153956,-0.0010779642917794752,-6.265004817669759,451.81912463784056,-21.942404131803592,-48.95357951509015
15.860875050433378,903.949063930309,294.58474052433735,90928.08770071492,-0.7655550396041316,0.2604626056480525,2.2663719120666115e-05,-0.08671656186911625,0.005835614311998528,0.0014957560059645199,-6.265106432098999,449.44608170970116,-21.942405414752017,-48.95360615901341
16.239658953809833,901.7022958992198,294.6000102301175,90952.8121416654,-0.7655550396041316,0.2604626056480525,2.2663719120666115e-05,-0.06442379217350568,0.017036823052978958,0.0026989228832134796,-6.2645979387633215,447.0731596280438,-21.942406691050593,-48.95363292537338
16.618442857186288,899.4562155266326,294.615278622557,90977.5344560776,-0.7655550396041316,0.2604626056480525,2.2663719120666115e-05,-0.05124298092501062,0.023655576100719874,0.002792841622198205,-6.263640786474807,444.70044164036847,-21.942407946629785,-48.95365978397825
17.041577445123334,896.9481049541213,294.6323322135555,91005.14733282241,-0.7655550396041316,0.2604626056480525,2.2663719120666115e-05,-0.04255217408437114,0.02801546958443146,0.0025352831890348244,-6.2624209367505435,442.0503026504873,-21.942409313089684,-48.953689871486574
17.46471203306038,894.4410789077033,294.6493826185159,91032.75505078993,-0.7655550396041316,0.2604626056480525,2.2663719120666115e-05,-0.037904608854734366,0.030343194130822985,0.0024280702312024,-6.261249399903983,439.4006587729765,-21.9424106357263,-48.953720035524036
17.887846620997426,891.9351523304858,294.66642973112414,91060.3574378383,-0.7655550396041316,0.2604626056480525,2.2663719120666115e-05,-0.0353766170885077,0.03160595331741347,0.002564304695676599,-6.2601653181250025,436.7515265291064,-21.94241190983528,-48.953750265973746
18.115446624863598,890.5876818226886,294.67559792357497,91075.20241495415,-0.7655550396041316,0.2604626056480525,2.2663719120666115e-05,-0.03447590231286957,0.032054343849262694,0.00264587175246492,-6.259585055310746,435.32678353611027,-21.942412574075703,-48.95376655191351
18.34304662872977,889.2405128303193,294.68476527428044,91090.04602913071,-0.7655550396041316,0.2604626056480525,2.2663719120666115e-05,-0.03377398243059049,0.03240257859077607,0.0026673924504577807,-6.25898272733004,433.90217135087755,-21.942413223265888,-48.95378285488807
19.42841604012575,882.8204323232615,294.72846990424756,91160.81180277713,-0.7655550396041316,0.2604626056480525,2.2663719120666115e-05,-0.031930890577325254,0.03330669669249278,0.0027248143673723286,-6.256095622582412,427.1104437948319,-21.942416109136865,-48.95386082759669
20.51378545152173,876.4073547569909,294.77215430476116,91231.54482124552,-0.7655550396041316,0.2604626056480525,2.2663719120666115e-05,-0.031563515808481,0.03346846697238955,0.0026975295219996277,-6.25318161694076,420.3218599088623,-21.9424186454924,-48.953939171469784
21.59915486291771,870.0012761246013,294.8158184264471,91302.2450045904,-0.7655550396041316,0.2604626056480525,2.2663719120666115e-05,-0.031619103886526584,0.033417552301326724,0.0026753792794468783,-6.2502746074289375,413.5364273657201,-21.942420829906503,-48.954017880822185
23.02285563057736,861.6088787937712,294.8730628408512,91394.93416075732,-0.7655550396041316,0.2604626056480525,2.2663719120666115e-05,-0.03170866026772684,0.03334247957320259,0.0026628611823587673,-6.246475658140138,404.64060861538815,-21.942423160418205,-48.954121675984545
24.44655639823701,853.2284576324388,294.93027251140705,91487.56706029184,-0.7655550396041316,0.2604626056480525,2.2663719120666115e-05,-0.03175185182924944,0.033290802674954094,0.002656302842146286,-6.2426881601340325,395.75018908138236,-21.942424884132077,-48.95422609525863
25.87025716589666,844.8599747102206,294.98744752563016,91580.14384489751,-0.7655550396041316,0.2604626056480525,2.2663719120666115e-05,-0.03175313923671893,0.03326027425744028,0.0026503619308162526,-6.238910107538624,386.8651551637389,-21.942426001419292,-48.954331138294826
30.92782467179784,815.2275742110073,295.190278288283,91908.56387383294,-0.7655550396041316,0.2604626056480525,2.2663719120666115e-05,-0.03170056847841516,0.033181153750447945,0.0026277518503563676,-6.225562082627867,355.3451244265169,-21.94242507610256,-48.954709330563425
35.98539217769902,785.7436661396137,295.3926767793623,92236.28397618498,-0.7655550396041316,0.2604626056480525,2.2663719120666115e-05,-0.031621334020403735,0.03311635014102578,0.002605441836512132,-6.2123279186027585,323.8922689693576,-21.94241652131048,-48.955095374124696
36.87488019388183,780.5735129812791,295.4282285260739,92293.84874363447,-0.7655550396041316,0.2604626056480525,2.2663719120666115e-05,-0.031606976437030365,0.03310525923265193,0.002601632843972367,-6.210012078951368,318.36750470552477,-21.942414228194725,-48.95516408014461
37.76436821006464,775.4078963978117,295.4640651326295,92351.39204853686,-0.7655550396041316,0.2604626056480525,2.2663719120666115e-05,-0.03159405114768979,0.03309347465894001,0.0025977691839528536,-6.207699676025453,312.8448003043228,-21.942411699604367,-48.955233028499215
38.65385622624745,770.2468067488627,295.4999567899907,92408.91393306243,-0.7655550396041316,0.2604626056480525,2.2663719120666115e-05,-0.03158190970194633,0.03308132281578588,0.0025938939897004036,-6.205390716638997,307.32415171846725,-21.942408935653113,-48.95530221906534
39.332969063361666,766.3094223512643,295.5273506301336,92452.81676244576,-0.7655550396041316,0.2604626056480525,2.2663719120666115e-05,-0.03157289275886048,0.03307193610332068,0.0025909400123496876,-6.203630172775104,303.11058856856124,-21.942406667018,-48.95535520818749
40.012081900475884,762.3746676332695,295.5547367011205,92496.7071405653,-0.7655550396041316,0.2604626056480525,2.2663719120666115e-05,-0.03156393543139939,0.03306253525143808,0.002587992764095093,-6.20187163208015,298.8982204256059,-21.94240426128268,-48.95540833839652
40.06415538153916,762.0728421280986,295.55683628561763,92500.07456175951,-0.7655550396041316,0.2604626056480525,2.2663719120666115e-05,-0.031379177151180146,0.033060702639778415,0.002587704134274264,-6.201736881318451,298.5752743975572,-21.94240407075196,-48.955412418584835
40.11622886260243,761.7607295880824,295.55893582449033,92503.55685823134,-0.7655550396041316,0.2604626056480525,2.2663719120666115e-05,-0.022793736507415445,0.03300816293355335,0.002587977811670307,-6.201602116304983,298.2523353871918,-21.942403879416702,-48.955416499372
40.20838171839581,761.2084382269873,295.5626511706526,92509.71913367228,-0.7655550396041316,0.2604626056480525,2.2663719120666115e-05,-0.009301651967623182,0.032925586175839995,0.0026069383909815198,-6.2013618794873775,297.6808621801889,-21.94240353830333,-48.95542372178226
40.30053457418919,760.6561983224292,295.5663663710337,92515.88116732042,-0.7655550396041316,0.2604626056480525,2.2663719120666115e-05,0.0026797538282888,0.03285222169343275,0.0026384999701744485,-6.201118553028127,297.109411396414,-21.942403194682306,-48.955430943971955
40.484201517903685,759.5556792328146,295.5737707235504,92528.16203098065,-0.7655550396041316,0.2604626056480525,2.2663719120666115e-05,0.023990192633225906,0.03272164747442591,0.0027225518921019606,-6.200625582592734,295.9705164203713,-21.942402504853874,-48.95544533562337
40.66786846161818,758.4553673886101,295.58117447730524,92540.44190153408,-0.7655550396041316,0.2604626056480525,2.2663719120666115e-05,0.040651785381648785,0.03261917862082404,0.0027987068132513345,-6.200118572490225,294.83171354243916,-21.94240180510415,-48.95545971939691
40.85153540533267,757.3552646920458,295.58857761911224,92552.72075711054,-0.7655550396041316,0.2604626056480525,2.2663719120666115e-05,0.05359438742143707,0.03253909033499155,0.002853525768868396,-6.199600567544586,293.69300479080084,-21.94240109546067,-48.9554740904779
41.51960280296401,753.3555416805576,295.61550046084346,92597.37499904475,-0.7655550396041316,0.2604626056480525,2.2663719120666115e-05,0.07880756954004592,0.03237886638606378,0.002880096521626553,-6.197676593998609,289.5518879113303,-21.942398431056294,-48.95552620741206
41.941796922740366,750.8293100465797,295.63251039064346,92625.58767912352,-0.7655550396041316,0.2604626056480525,2.2663719120666115e-05,0.08613688836823039,0.03232884850678786,0.00284725401326829,-6.19646245682143,286.9355182087282,-21.942396680253875,-48.955558970055094
42.36399104251672,748.3041954856202,295.6495169921876,92653.79483895509,-0.7655550396041316,0.2604626056480525,2.2663719120666115e-05,0.09064776273249497,0.03229559369779101,0.0028239813955663515,-6.195261350101066,284.31966043932596,-21.942394877686333,-48.95559157858428
42.78618516229308,745.7801918930115,295.66652030183224,92681.99653884005,-0.7655550396041316,0.2604626056480525,2.2663719120666115e-05,0.0934836641136592,0.03227234027819457,0.0028103423891330465,-6.194070450841939,281.70430901100167,-21.942393023396363,-48.95562402711734
43.20837928206944,743.2572942864074,295.6835203484111,92710.1928266021,-0.7655550396041316,0.2604626056480525,2.2663719120666115e-05,0.09521457443275572,0.032255710175361524,0.002800589688154187,-6.192885985732748,279.0894594887111,-21.94239111741023,-48.955656312739855
43.83720923899402,739.5016495991222,295.70883477407585,92752.17934865452,-0.7655550396041316,0.2604626056480525,2.2663719120666115e-05,0.09662511878183082,0.032237951398067226,0.002788525646336597,-6.191128908496583,275.1957399303812,-21.942388182782636,-48.95570409352993
44.466039195918604,735.7484437165747,295.7341420342253,92794.15398597874,-0.7655550396041316,0.2604626056480525,2.2663719120666115e-05,0.09725258458532504,0.03222490660361787,0.0027794321077573565,-6.189378031125917,271.3031225304694,-21.94238513357813,-48.955751504484944
45.09486915284319,731.997671715655,295.7594421465984,92836.1167679969,-0.7655550396041316,0.2604626056480525,2.2663719120666115e-05,0.0974752805766348,0.03221430244726529,0.0027732234244023596,-6.1876318267519546,267.41160456044423,-21.942381969837943,-48.9557985437481
46.48815365740743,723.6958198436458,295.81547363946083,92929.0506366871,-0.7655550396041316,0.2604626056480525,2.2663719120666115e-05,0.09729632349635794,0.03219488382153563,0.0027653136354643506,-6.183774685999691,258.7931621541299,-21.942374552149932,-48.955901439956556
47.88143816197167,715.4058526216569,295.871470230166,93021.92661663768,-0.7655550396041316,0.2604626056480525,2.2663719120666115e-05,0.09712800926189423,0.03217545105157874,0.0027597156830302923,-6.179927938364492,250.18008819718344,-21.942366572730197,-48.956002502722065
49.274722666535915,707.1277306100508,295.9274320186708,93114.74487363733,-0.7655550396041316,0.2604626056480525,2.2663719120666115e-05,0.09718693723478482,0.03215470081514467,0.002752613817075194,-6.176089263791521,241.57236731479475,-21.942358031956186,-48.95610173211848
50.66800717110016,698.8614173715647,295.98335908552207,93207.50554128089,-0.7655550396041316,0.2604626056480525,2.2663719120666115e-05,0.09725532696604498,0.03213394413036844,0.0027448836835734106,-6.17225983349355,232.96998711772827,-21.942348930177094,-48.956199130424146
53.33486415252682,683.0718237543956,296.0903114924844,93384.89686956732,-0.7655550396041316,0.2604626056480525,2.2663719120666115e-05,0.0972113092244024,0.032095407578072686,0.0027312460471004586,-6.164957510952809,216.51918217693503,-21.94232994573914,-48.956380458264405
56.00172113395348,667.3250911005217,296.1971376621342,93562.07882056927,-0.7655550396041316,0.2604626056480525,2.2663719120666115e-05,0.09707599520483269,0.032057604798965675,0.0027184433331753945,-6.157690272727077,200.08779433448046,-21.94230890994549,-48.95655509114084
58.66857811538014,651.6209695406824,296.30383814715776,93739.05231097245,-0.7655550396041316,0.2604626056480525,2.2663719120666115e-05,0.0969466732254678,0.03201994818947508,0.002705805520252732,-6.150457195757553,183.6757385793477,-21.942285825060072,-48.95672303584957
62.71587034651922,627.8688556726395,296.4655305676819,94007.23545958307,-0.7655550396041316,0.2604626056480525,2.2663719120666115e-05,0.09675042546311302,0.03196314296768135,0.002686625951547458,-6.139544673574169,158.8051391604298,-21.94224688066099,-48.956965150388356
66.76316257765829,604.2134511025504,296.626936717328,94274.94379913845,-0.7655550396041316,0.2604626056480525,2.2663719120666115e-05,0.09655736753820829,0.031906733117444915,0.0026683845909625413,-6.12870948289056,133.9785722837313,-21.942203230082708,-48.9571919037593
70.81045480879736,580.6538683279431,296.7880587690924,94542.18093377155,-0.7655550396041316,0.2604626056480525,2.2663719120666115e-05,0.09641550489900444,0.03185041533618076,0.002648931746544854,-6.117949693505875,109.19570371144448,-21.942154882342827,-48.95740332494266
74.85774703993643,557.1892523337686,296.8474390106927,94808.9501956308,-0.7655550396041316,0.2604626056480525,2.2663719120666115e-05,0.09624338037625381,0.03179468633129621,0.002631401045762563,-6.107265838955852,84.45622442889373,-21.942101845856413,-48.95759944161602
75.55937653656503,553.1310751060632,296.8474390106927,94855.14937849541,-0.7655550396041316,0.2604626056480525,2.2663719120666115e-05,0.09621991333919343,0.031785025711203695,0.0026278838524454538,-6.105421083307553,80.17183379339201,-21.94209217532127,-48.95763188538052
76.26100603319362,549.0757222130787,296.8474390106927,94901.33461609435,-0.7655550396041316,0.2604626056480525,2.2663719120666115e-05,0.09619668315630028,0.03177537556998631,0.002624435963406344,-6.10357857704634,75.88873640512736,-21.94208236416863,-48.95766387014482
76.96263552982222,545.0231894768727,296.8474390106927,94947.50592349168,-0.7655550396041316,0.2604626056480525,2.2663719120666115e-05,0.09617122294784658,0.0317657511391148,0.0026211483234637716,-6.101738358323444,71.60693086709921,-21.942072412437405,-48.95769539604727
77.62184932038858,541.2182108596267,296.8474390106927,94990.87335210014,-0.7655550396041316,0.2604626056480525,2.2663719120666115e-05,0.09614559858343755,0.03175672984213542,0.002618146246070599,-6.1000114439964594,67.5851496689238,-21.942062934267614,-48.957724598133524
77.99393094482122,539.030553153358,296.8474390106927,95015.81454776527,-0.7655550396041316,0.2604626056480525,2.2663719120666115e-05,0.0842838115577746,0.020526980310493485,0.0021928513881024603,-6.099142670353953,65.31560252370741,-21.942057535924906,-48.957740909044105
78.36601256925385,536.8192246924721,296.8474390106927,95041.03099915807,-0.7655550396041316,0.2604626056480525,2.2663719120666115e-05,0.06941987219516563,0.006451178166998575,0.0018021046856873317,-6.098404466178408,63.04635064848662,-21.942052116202017,-48.957757111624176
78.73809419368649,534.6086278935326,296.8474390106927,95066.24452297154,-0.7655550396041316,0.2604626056480525,2.2663719120666115e-05,0.05995971826376866,-0.0025061982030737655,0.0016947742071425323,-6.097739159543409,60.777362228846755,-21.94204668731248,-48.95777321978251
79.15628287679064,532.1249528785495,296.8474390106927,95094.5791704784,-0.7655550396041316,0.2604626056480525,2.2663719120666115e-05,0.05359037617721605,-0.00853483917604078,0.0016850842275271689,-6.097015826672463,58.22750098996403,-21.94204058761396,-48.95779122595706
79.57447155989479,529.6421738109109,296.8474390106927,95122.91043072287,-0.7655550396041316,0.2604626056480525,2.2663719120666115e-05,0.050123295672677454,-0.011813634572053392,0.0017112458182584897,-6.096298177869562,55.677944573968595,-21.94203449795945,-48.95780913748782
79.99266024299894,527.1602886036634,296.8474390106927,95151.23832139104,-0.7655550396041316,0.2604626056480525,2.2663719120666115e-05,0.048334273430737394,-0.013502275719486112,0.0017345359218585165,-6.095576531996664,53.1286913892734,-21.94202842413217,-48.95782696096706
80.53478381816491,523.9441997712851,296.8474390106927,95187.95646990775,-0.7655550396041316,0.2604626056480525,2.2663719120666115e-05,0.04758507330850869,-0.014203468604460524,0.0017541236795274506,-6.094635229674243,49.82439111013139,-21.94202057801152,-48.957849940361385
81.07690739333088,520.7296143849029,296.8474390106927,95224.66891758596,-0.7655550396041316,0.2604626056480525,2.2663719120666115e-05,0.04749034168992144,-0.014284232149938323,0.0017555239493811435,-6.093687016818604,46.520603854737146,-21.942012768363558,-48.95787278305995
81.61903096849686,517.5165324599659,296.8474390106927,95261.37565090391,-0.7655550396041316,0.2604626056480525,2.2663719120666115e-05,0.0473942628120268,-0.014366103303785627,0.0017497189466407445,-6.09273679773991,43.217330839931826,-21.942004998162453,-48.957895492476176
82.16115454366283,514.304952766601,296.8474390106927,95298.07667057317,-0.7655550396041316,0.2604626056480525,2.2663719120666115e-05,0.047217806818099464,-0.014524081363449579,0.0017444015655360909,-6.091787456002405,39.9145720016769,-21.94199726773981,-48.95791806901501
83.72600005795196,505.0431049862973,296.8474390106927,95403.98255707244,-0.7655550396041316,0.2604626056480525,2.2663719120666115e-05,0.04695391540231997,-0.014747541164089098,0.0017406010527553344,-6.0890543040939695,30.384002938178128,-21.94197517356648,-48.95798248764305
85.2908455722411,495.79372369811,296.8474390106927,95509.840979085,-0.7655550396041316,0.2604626056480525,2.2663719120666115e-05,0.04680281608124751,-0.014864180721352576,0.0017407336994983195,-6.086327319015038,20.857705247907802,-21.94195340688145,-48.95804579562162
86.85569108653023,486.5567743715638,296.8474390106927,95615.65201328794,-0.7655550396041316,0.2604626056480525,2.2663719120666115e-05,0.04674397774427375,-0.014893420053773568,0.0017387947968223317,-6.083604351902254,11.335672030628304,-21.941931967627436,-48.95810799350024
88.71949929408875,475.5712590319965,296.8474390106927,95741.61675594398,-0.7655550396041316,0.2604626056480525,2.2663719120666115e-05,0.04665259619561226,-0.014948492146869777,0.0017366189462237835,-6.080367590761667,-1.2123790384788603e-05,-21.9419068595346,-48.958180628972414
