time,altp,temp,p,gx,gy,gz,ax,ay,az,vz,alt,lat,lon
0.0,475.57127077501303,296.8474390106927,95741.61662122162,0.0,0.0,0.0,0.0,0.0,0.0,0.0,0.0,-21.943052799999997,-48.9540861
0.002893136603228063,475.57127077501303,296.8474390106927,95741.61662122162,0.0,0.0,5.0978941156238473e-57,0.0,0.0,0.0,8.077935669463161e-28,0.0,-21.943052799999997,-48.9540861
0.005786273206456126,475.57127077501303,296.8474390106927,95741.61662122162,5.473822126268817e-48,0.0,0.0,0.0,0.0,-3.308722450212111e-24,0.0,-3.1554436208840472e-30,-21.943052799999997,-48.9540861
0.011572546412912253,475.57127077501303,296.8474390106927,95741.61662122162,-4.3790577010150533e-47,0.0,3.2626522339992623e-55,9.183549615799121e-41,0.0,5.293955920339377e-23,5.169878828456423e-26,5.048709793414476e-29,-21.943052799999997,-48.9540861
0.01735881961936838,475.571270775018,296.8474390106927,95741.6166212216,0.0,3.503246160812043e-46,0.0,-3.6734198463196485e-40,-6.617444900424222e-24,0.0,-1.0339757656912846e-25,-1.0097419586828951e-28,-21.943052799999997,-48.9540861
0.023145092825824505,475.571270775018,296.8474390106927,95741.6166212216,7.006492321624085e-46,1.401298464324817e-45,0.0,0.0,5.293955920339377e-23,4.235164736271502e-22,0.0,0.0,-21.943052799999997,-48.9540861
0.026921739448219472,475.571270775018,296.8474390106927,95741.6166212216,0.0,0.0,-5.22024357439882e-54,2.938735877055719e-39,-5.293955920339377e-23,0.0,0.0,0.0,-21.943052799999997,-48.9540861
0.03069838607061444,475.571270775018,296.8474390106927,95741.6166212216,-5.605193857299268e-45,0.0,2.088097429759528e-53,0.0,0.0,3.3881317890172014e-21,0.0,-3.2311742677852644e-27,-21.943052799999997,-48.9540861
0.03825167931540437,475.571270775018,296.8474390106927,95741.6166212216,0.0,0.0,-3.3409558876152446e-52,-9.4039548065783e-38,0.0,-2.710505431213761e-20,-5.293955920339377e-23,0.0,-21.943052799999997,-48.9540861
0.04580497256019431,475.57127077501303,296.8474390106927,95741.61662122163,-1.793662034335766e-43,0.0,1.3363823550460978e-51,3.76158192263132e-37,0.0,1.0842021724855044e-19,1.0587911840678754e-22,2.0679515313825692e-25,-21.943052799999997,-48.9540861
0.05335826580498424,475.57127077501303,296.8474390106927,95741.61662122162,7.174648137343064e-43,-1.4349296274686127e-42,-5.345529420184391e-51,0.0,0.0,-4.336808689942018e-19,-4.235164736271502e-22,-8.271806125530277e-25,-21.943052799999997,-48.9540861
0.055523759363402966,475.571270775018,296.8474390106927,95741.6166212216,0.0,1.4349296274686127e-42,0.0,7.52316384526264e-37,0.0,-2.168404344971009e-19,0.0,0.0,-21.943052799999997,-48.9540861
0.057689252921821685,475.57127077501303,296.8474390106927,95741.61662122162,2.8698592549372254e-42,0.0,1.0691058840368783e-50,-3.009265538105056e-36,0.0,-8.673617379884035e-19,-1.6940658945086007e-21,-1.6543612251060553e-24,-21.943052799999997,-48.9540861
0.06202024003865913,475.571270775018,296.8474390106927,95741.6166212216,0.0,-4.591774807899561e-41,0.0,0.0,0.0,0.0,0.0,1.3234889800848443e-23,-21.943052799999997,-48.9540861
0.06635122715549657,475.57127077501303,296.8474390106927,95741.61662122162,-9.183549615799121e-41,0.0,-6.842277657836021e-49,0.0,0.0,0.0,-5.421010862427522e-20,0.0,-21.943052799999997,-48.9540861
0.07068221427233401,475.57127560654146,296.8474390106927,95741.61656579169,-3.6734198463196485e-40,0.0,1.3684555315672042e-48,3.704634436851663e-18,0.09306387168437558,1.0637249208498833,0.0023034894642451217,4.988190653421043e-06,-21.943052799996074,-48.9540861
0.07564806188644521,475.57131267716255,296.8474390106927,95741.61614049708,-1.4693679385278594e-39,2.938735877055719e-39,0.0,1.1454441614233327e-17,0.28774625479892274,3.2889547422753784,0.013110861424859087,4.3260847064630063e-05,-21.943052799965983,-48.9540861
0.08061390950055641,475.5714281012718,296.8474390106927,95741.61481628801,5.877471754111438e-39,-2.350988701644575e-38,-2.1895288505075267e-47,1.9085443933285403e-17,0.47944414908480665,5.480071700292245,0.03488368594410662,0.00016242765013885216,-21.94305279987228,-48.9540861
0.08557975711466762,475.57167295923216,296.8474390106927,95741.61200714254,-2.350988701644575e-38,0.0,8.758115402030107e-47,2.5865783092464464e-17,0.6497725915377247,7.426934706176974,0.06693079942846325,0.0004152252599851636,-21.94305279967351,-48.9540861
0.09446354838318792,475.57259933627057,296.8474390106927,95741.60137923506,0.0,7.52316384526264e-37,0.0,3.7999833145928807e-17,0.9545912440758326,10.911027847544783,0.1483861152369349,0.0013716405235300044,-21.943052798921492,-48.9540861
0.10334733965170823,475.57436137316245,296.8474390106927,95741.58116418027,7.52316384526264e-37,-3.009265538105056e-36,2.802596928649634e-45,5.042317266126759e-17,1.2666771176632605,14.47818570560205,0.2611623520761035,0.0031908120732850875,-21.9430527974911,-48.9540861
0.11223113092022853,475.5772312364438,296.8474390106927,95741.54823954018,-3.009265538105056e-36,6.018531076210112e-36,1.1210387714598537e-44,6.30413251225849e-17,1.5836568741198467,18.101280900817383,0.4058769425619245,0.006153731005724695,-21.943052795161382,-48.9540861
0.12171176096404683,475.58181541701595,296.8474390106927,95741.49564733417,-1.2037062152420224e-35,0.0,4.484155085839415e-44,7.410128835737116e-17,1.8614934641696828,21.276967656707868,0.5925422457342862,0.010886552459226097,-21.943052791440017,-48.9540861
0.12883278063890427,475.5864382639603,296.8474390106927,95741.4426115503,0.0,0.0,1.793662034335766e-43,7.788376944087396e-17,1.956512916211174,22.363044963321837,0.7479229399711761,0.01565929189604276,-21.94305278768726,-48.9540861
0.1359538003137617,475.5921595135412,296.8474390106927,95741.37697433415,0.0,-1.925929944387236e-34,0.0,8.166863692697553e-17,2.051592316911306,23.44980748623955,0.9110400517973612,0.021566045922611465,-21.94305278304284,-48.9540861
0.14307481998861912,475.5990305598846,296.8474390106927,95741.29814608661,0.0,0.0,-1.4349296274686127e-42,8.489271783376862e-17,2.1325842357967915,24.375549355201652,1.0813227053097123,0.02865987311417939,-21.943052777465038,-48.9540861
0.15605889373979434,475.6146594681473,296.8474390106927,95741.11884324925,0.0,0.0,0.0,8.827778167188058e-17,2.2176201960361266,25.347514828352782,1.4041266715526417,0.044795501937983324,-21.943052764777764,-48.9540861
0.16904296749096956,475.63441857069876,296.8474390106927,95740.89215709752,-1.232595164407831e-32,0.0,0.0,9.09049381104011e-17,2.283616815636947,26.10185964219561,1.7381379078366082,0.06519519921874917,-21.943052748737696,-48.9540861
0.18202704124214478,475.6584338693732,296.8474390106927,95740.61664235375,0.0,0.0,-1.8367099231598242e-40,9.30129635413573e-17,2.336572380230013,26.707144515216616,2.080975910187787,0.08998902683481445,-21.943052729242567,-48.9540861
0.20316931680589392,475.7069436581896,296.8474390106927,95740.06011731546,0.0,-7.888609052210118e-31,0.0,9.885488283434442e-17,2.4833268405425653,28.384555672252592,2.662487154458813,0.1400712317845887,-21.943052689863457,-48.9540861
0.22431159236964307,475.7677884991455,296.8474390106927,95739.36208298815,0.0,3.1554436208840472e-30,0.0,1.0731756804206062e-16,2.6959173844991,30.814476708748273,3.2869624680604135,0.20288798904778105,-21.9430526404713,-48.9540861
0.24545386793339222,475.84201278454714,296.8474390106927,95738.51056034767,6.310887241768095e-30,0.0,-2.350988701644575e-38,1.1891201078606107e-16,2.987180598142864,34.14363047456684,3.972059250301527,0.27951730213595744,-21.943052580218474,-48.9540861
0.2605758127158501,475.90403372616174,296.8474390106927,95737.79904272761,0.0,0.0,-4.70197740328915e-38,1.2476674874266187e-16,3.134257075542368,35.82472230374908,4.502085638136926,0.34354743343504884,-21.943052529872254,-48.9540861
0.275697757498308,475.97398758524935,296.8474390106927,95736.99652210536,5.048709793414476e-29,0.0,-1.88079096131566e-37,1.2868122016956341e-16,3.2325922474327995,36.94869846165773,5.053025519390054,0.4157670093992465,-21.943052473086755,-48.9540861
0.29081970228076587,476.0521670515647,296.8474390106927,95736.09964259226,0.0,-4.0389678347315804e-28,0.0,1.3532699554067848e-16,3.3995403272382982,38.85692374568015,5.625201455003658,0.49647802957014164,-21.943052409624528,-48.9540861
0.30594164706322374,476.1389548634752,296.8474390106927,95735.10401559186,0.0,0.0,-3.009265538105056e-36,1.436536487039047e-16,3.6087136206934876,41.24778543021382,6.2302627494086815,0.5860754278098739,-21.943052339175033,-48.9540861
0.3215441404129715,476.23805163979154,296.8474390106927,95733.96719079754,0.0,6.462348535570529e-27,0.0,1.5029842282458706e-16,3.775636524738106,43.15572295397261,6.889431738906986,0.6883793466356565,-21.943052258734532,-48.9540861
0.3371466337627193,476.347362351293,296.8474390106927,95732.71320580099,0.0,0.0,0.0,1.5890050893381996e-16,3.9917291184441703,45.62567260227229,7.581306573243808,0.8012266208441474,-21.943052170003902,-48.9540861
0.3527491271124671,476.46740520053913,296.8474390106927,95731.33611974132,0.0,0.0,0.0,1.662827584111658e-16,4.1771778641273976,47.74536146491306,8.310172454087274,0.9251518740288134,-21.94305207256278,-48.9540861
0.36835162046221487,476.59870523371364,296.8474390106927,95729.82991390133,0.0,0.0,0.0,1.7262235003511102e-16,4.336433748196324,49.565664549343396,9.069709035932576,1.0606967361353552,-21.943051965985273,-48.9540861
0.3899218188157317,476.7995942636706,296.8474390106927,95727.52545634314,-8.271806125530277e-25,-1.6543612251060553e-24,0.0,1.8215274124114278e-16,4.575817303520568,52.30183110712046,10.168107578295738,1.2680770115682096,-21.943051802924337,-48.9540861
0.4114920171692485,477.0240682495043,296.8474390106927,95724.9505019088,0.0,0.0,0.0,1.9234762979429554e-16,4.831866442931395,55.22848616266323,11.327490308311337,1.4997995520523089,-21.94305162072333,-48.9540861
0.41580605683995187,477.0719062014889,296.8474390106927,95724.4017571676,0.0,-3.308722450212111e-24,0.0,1.9300323329547037e-16,4.848399157691815,55.41745595708147,11.566155800164632,1.5491816008438948,-21.943051581894746,-48.9540861
0.42012009651065524,477.12074350442975,296.8474390106927,95723.84155159109,6.617444900424222e-24,0.0,0.0,1.936588367966452e-16,4.864939732278922,55.60651558972982,11.805636708990795,1.599595020843367,-21.943051542255205,-48.9540861
0.4244341361813586,477.1705835810074,296.8474390106927,95723.2698460814,-2.6469779601696886e-23,0.0,0.0,1.9431613436371453e-16,4.881484195655677,55.79561967144726,12.045933324449683,1.651043330509765,-21.94305150180194,-48.9540861
0.43306221552276536,477.27330218320003,296.8474390106927,95722.09159034403,0.0,-8.470329472543003e-22,0.0,1.986258379993444e-16,4.986038375564322,56.99067941627539,12.532497893022237,1.7570756583690468,-21.943051418429825,-48.9540861
0.4416902948641721,477.3801351805916,296.8474390106927,95720.86615201311,0.0,0.0,0.0,2.0296264668928643e-16,5.106600191444214,58.36870727749843,13.030162863602571,1.8673539916320578,-21.94305133171913,-48.9540861
0.45031837420557885,477.4911779495846,296.8474390106927,95719.59243854933,-3.3881317890172014e-21,0.0,0.0,2.0816681711721685e-16,5.223114383627319,59.70047058816532,13.539517980801717,1.9819766489261497,-21.94305124159254,-48.9540861
0.4727715912773305,477.8006832218968,296.8474390106927,95716.04233805311,0.0,0.0,0.0,1.6653345369377348e-16,5.51618553050669,63.05028912542679,14.917592707602687,2.3014534889762785,-21.943050990391246,-48.9540861
0.4952248083490821,478.1410021769853,296.8474390106927,95712.13892020893,0.0,0.0,0.0,2.220446049250313e-16,5.815326108577205,66.46948157865103,16.371660470957366,2.652725685238693,-21.943050714189603,-48.9540861
0.4995751252447065,478.2106307368294,296.8474390106927,95711.34030481188,1.0842021724855044e-19,0.0,0.0,2.7755575615628914e-16,5.876555026111742,67.16933130851224,16.66236061374372,2.724593826361968,-21.943050657680438,-48.9540861
0.5015913871655726,478.24344483375904,296.8474390106927,95710.9639403881,-0.0005594416850741334,0.0012212906859941307,7.619796919389829e-12,-0.40997427538051423,6.898455966791824,67.3258875048854,16.798107236923123,2.7584632103269655,-21.943050631012458,-48.954086100016156
0.5036076490864387,478.27652548762785,296.8474390106927,95710.58451987704,-0.00112310992657905,0.0024505581250616653,3.829650129760829e-11,-0.4127092150195437,6.927682810352857,67.65043392212222,16.934508230684724,2.792607614421513,-21.94305060409136,-48.95408610004856
0.507640172928171,478.34322258053567,296.8474390106927,95709.81953733838,-0.0022589307285463306,0.004925060658425911,1.9288820629344613e-10,-0.41779535214128427,6.98602304472765,68.29995845628403,17.20861982987883,2.8614491033894747,-21.943050549740825,-48.9540861001461
0.5116726967699032,478.410996181157,296.8474390106927,95709.04221286198,-0.0034117772940210926,0.007431551375851259,5.988164954014539e-10,-0.422090889577453,7.044484977497481,68.95436298268763,17.485360491671,2.9314012547945367,-21.943050494369317,-48.954086100309425
0.5157052206116355,478.4798566451188,296.8474390106927,95708.25242791952,-0.004581759939926426,0.009970126616985984,1.388141336839944e-09,-0.4255646962713767,7.103596431483714,69.619806378537,17.76476231256999,3.002474735110809,-21.94305043796826,-48.954086100539214
0.5342216683833692,478.8103544707033,296.8474390106927,95704.46190526224,-0.010177131255374956,0.022040024632362768,1.505269661381128e-08,-0.4299360974155023,7.345674397734749,72.3904044457209,19.07952463913027,3.3435873886758714,-21.94305016548262,-48.954086102458525
0.5476856281848345,479.0656627524648,296.8474390106927,95701.53382450822,-0.014476906141630627,0.031240898818100975,3.981589639394185e-08,-0.4204377197627377,7.44364464690304,73.56778462376118,20.06211223544429,3.6070880945590034,-21.943049953231274,-48.954086104744334
0.5611495879862998,479.3339322480664,296.8474390106927,95698.45717228223,-0.018971906999322052,0.04079369926933197,8.441964888672689e-08,-0.3980722686749911,7.602128268938137,75.491910235465,21.06557910682154,3.88395888515646,-21.943049728828097,-48.954086107762784
0.5746135477877651,479.61547629790226,296.8474390106927,95695.22836678743,-0.02366184409461427,0.050692069483459196,1.5572059629893528e-07,-0.361659351308003,7.769626048950316,77.57867736604241,22.096047227770562,4.174522089699224,-21.94304949203584,-48.95408611147417
0.5932186557600393,480.0270780696394,296.8474390106927,95690.50819113202,-0.03046125398518751,0.06492268207373299,3.1285055742199023e-07,-0.28581797290064376,7.988849682437155,80.42964041904342,23.56592814051047,4.599295079781314,-21.943049143917843,-48.95408611760699
0.6118237637323135,480.4656900630703,296.8474390106927,95685.47847455723,-0.037624260501470295,0.07976785244153244,5.563618020754026e-07,-0.1760311359024793,8.21104520875977,83.4556780149362,25.090480175262805,5.051923944619659,-21.94304877094444,-48.95408612467027
0.6247065026809563,480.7856905096991,296.8474390106927,95681.80905298407,-0.04279102164948108,0.09038621835434098,7.867888614789385e-07,-0.08226184748552234,8.291586914627343,84.78588904529764,26.17418627673661,5.38213859917778,-21.943048497808526,-48.954086129932904
0.6375892416295991,481.11932088886886,296.8474390106927,95677.98345930123,-0.04811828037261629,0.10125710227132531,1.0774012253590938e-06,0.02655045770573245,8.330075927866178,85.69647672167945,27.27232618745526,5.726407326896322,-21.943048212320782,-48.954086135321525
0.6504719805782418,481.46673808801194,296.8474390106927,95673.99990981523,-0.053595566049992806,0.11235336233412493,1.436242435515533e-06,0.1516812652719063,8.345895663378457,86.41362485565816,28.380950946236183,6.084890644012717,-21.943047914416518,-48.95408614066082
0.6640101589213344,481.84685676646455,296.8474390106927,95669.64155300522,-0.0594997689423626,0.12422336248828257,1.8957893808412601e-06,0.30985321395446747,8.415406796549021,87.87922534764809,29.560754796275397,6.477103220236984,-21.943047587918556,-48.95408614599147
0.677548337264427,482.24259684374454,296.8474390106927,95665.10425549376,-0.06554064513987645,0.1362702884148637,2.4488588871376047e-06,0.4906077555106138,8.470090796647176,89.26484031881377,30.75985877864122,6.8854188363379185,-21.943047247564714,-48.954086150761796
0.6910865156075195,482.65420816831397,296.8474390106927,95660.38517348007,-0.07170030784192721,0.14845130000868326,3.104389736538523e-06,0.6954053966762151,8.513263059409343,90.6133086889796,31.977470015279543,7.3100934085883855,-21.94304689326352,-48.9540861546502
0.7159043153657408,483.4508452030745,296.8474390106927,95651.25234624729,-0.08322100305610078,0.1709452319079094,4.601743910347311e-06,1.1353847751169426,8.556412906318597,92.92360698443659,34.25496127754597,8.131965011422494,-21.943046207325754,-48.95408615808176
0.7407221151239621,484.30303949475496,296.8474390106927,95641.4833796347,-0.09491499701409321,0.19337469079086558,6.513554644350375e-06,1.6689076037569914,8.57563861191307,95.31811931631984,36.590834056385916,9.011083387727751,-21.943045474057374,-48.954086154596894
0.7655399148821834,485.2121844090129,296.8474390106927,95631.06246108617,-0.10659423237195453,0.21532733489933376,8.8686006440657e-06,2.2938382620636393,8.542982834185306,97.46009451701232,38.982999607364604,9.948871524109054,-21.943044693390497,-48.954086141014514
0.7728750967766678,485.49196035770575,296.8474390106927,95627.85576198439,-0.11001674487358164,0.22166718947579508,9.651512035132721e-06,2.488927608259422,8.504247524137885,97.79627655797862,39.699120105991206,10.2374453538136,-21.9430444535928,-48.954086134629435
0.7802102786711521,485.7768445248131,296.8474390106927,95624.5906036426,-0.11341198829010907,0.22791007347391048,1.0474066563268713e-05,2.6893102714190538,8.4566690600595,98.04943720977754,40.41740207299539,10.531279984806758,-21.943044209683794,-48.95408612694626
0.7875454605656365,486.06685162017715,296.8474390106927,95621.2668223273,-0.11677303415329769,0.23404160279970032,1.1335836500113042e-05,2.897346836095871,8.406677067981425,98.30229448647982,41.13753990664846,10.83039015162268,-21.943043961685746,-48.95408611786006
0.8015096397849271,486.63319035459244,296.8474390106927,95614.77626428478,-0.12304852738710594,0.24534788445779607,1.308168793428534e-05,3.338312737253644,8.353264636753485,99.42985854317605,42.518123516122124,11.414481496586916,-21.94304347834141,-48.9540860962307
0.8154738190042177,487.2183669763047,296.8474390106927,95608.0701882659,-0.129123818219405,0.2560942233508026,1.4959480668294535e-05,3.816701847981324,8.298916915663035,100.68066515018029,43.915313119181214,12.017967504358353,-21.94304298035838,-48.954086068276006
0.8294379982235083,487.8226092614481,296.8474390106927,95601.1460209662,-0.1349449646435725,0.26617159240474375,1.6958351315664303e-05,4.322653860793717,8.225114905426395,101.80195965269701,45.3290649408776,12.641079748997413,-21.943042467839984,-48.954086033096885
0.8457188513956737,488.5514150146398,296.8474390106927,95592.79498917103,-0.14134308177670013,0.2769408672794356,1.942432030687263e-05,4.936320249055501,8.101974628576123,102.75693833768841,46.9948590790037,13.392596854478768,-21.943041852098602,-48.95408598183904
0.8619997045678391,489.3067218304006,296.8474390106927,95584.1409178341,-0.14721879241127803,0.2864505992395001,2.200474976002052e-05,5.601150623311707,7.982253818613547,103.92527166150005,48.677050967801414,14.171384769707515,-21.943041217050688,-48.954085917836935
0.8782805577400046,490.08879009273915,296.8474390106927,95575.18089063284,-0.15247520280487314,0.29451388454156563,2.4662648713308317e-05,6.296851325411896,7.840233189234678,104.93022714047194,50.37744549113521,14.977705937255962,-21.943040562997872,-48.95408583944795
0.89456141091217,490.8978909046149,296.8474390106927,95565.9118717252,-0.15700911605745507,0.3009348779610357,2.7353137499836218e-05,7.013057741046094,7.67194074846587,105.68332992900714,52.09227138637979,15.811833555371893,-21.943039890273518,-48.95408574488423
0.9206721226256931,492.2525052648952,296.8474390106927,95550.39510598709,-0.16250902787344573,0.3073172708415747,3.160341808059011e-05,8.248783791089505,7.406286184370632,107.20361240263621,54.87117156730062,17.20820171202013,-21.943038773373978,-48.95408555475393
0.9467828343392162,493.6781562527677,296.8474390106927,95534.06683691905,-0.1654539834079809,0.30820564644906634,3.556226222792411e-05,9.524318568043235,7.1025139399013195,108.34221185455802,57.68602952117554,18.67759780683855,-21.94303761113224,-48.954085310146304
0.9728935460527393,495.17569869240623,296.8474390106927,95516.91761366215,-0.1654397508159068,0.3029064110140301,3.896708866757514e-05,10.835640380373198,6.787474555132941,109.37878442641458,60.5286766748828,20.22087233139962,-21.943036405361074,-48.9540850026023
0.9990042577662623,496.7459172910421,296.8474390106927,95498.93881084249,-0.16211442340891358,0.2908618014244917,4.1557786445534416e-05,12.23138863504252,6.513405161444762,111.07829024396622,63.40537993130088,21.83880149110604,-21.94303515795192,-48.95408462340502
1.0184437493012455,497.9627079456397,296.8474390106927,95485.00859741513,-0.15732017898977657,0.277280406258254,4.281821562163178e-05,13.207604526908685,6.28320895114399,111.72465100752366,65.57207278499459,23.092394332139577,-21.94303420327648,-48.95408428921193
1.0378832408362286,499.2206443937388,296.8474390106927,95470.60906335585,-0.1504624387437926,0.2596838672620888,4.3425496849317716e-05,14.141232667947705,6.056317872059306,112.17587085228911,67.74864513164262,24.388221772621534,-21.943033227248126,-48.954083906659605
1.0573227323712118,500.51989639863683,296.8474390106927,95455.73843813982,-0.14151109157643754,0.23810229254542498,4.333427119827277e-05,15.033528257732316,5.846761317074745,112.59524779138485,69.93341494138058,25.726443143722577,-21.943032230642345,-48.954083472342326
1.076762223906195,501.8606477302822,296.8474390106927,95440.39479758126,-0.13048686915562235,0.212672527101662,4.253282884485797e-05,15.905039571980973,5.6742347473553005,113.27979438046037,72.12843348757802,27.10723160471002,-21.943031214163177,-48.95408298297947
1.1008152450511899,503.57739684971756,296.8474390106927,95420.75113091979,-0.11409413122424433,0.17626136233558884,4.059852982405204e-05,16.89212372560487,5.501328893872953,114.14303677618268,74.86349585152742,28.874983407426498,-21.943029929827436,-48.95408229657992
1.1248682661961849,505.35855502565295,296.8474390106927,95400.37393282622,-0.09492995180073657,0.1350984546602349,3.775594597028115e-05,17.697821689444,5.363307459677924,114.62790672417927,77.61591110750592,30.70874638483099,-21.943028616875093,-48.954081515583624
1.1489212873411798,507.2044633863157,296.8474390106927,95379.25968350294,-0.07343341177535535,0.09023772296396135,3.4230891579876526e-05,18.311276916098443,5.276826043412576,114.89823951714378,80.37657535959704,32.608837286775504,-21.94302727600379,-48.95408063544543
1.1729743084861748,509.11528387763207,296.8474390106927,95357.40692876128,-0.050207663508744275,0.043039665767562144,3.0319305475541234e-05,18.71295289949054,5.250625923092848,115.00163712054322,83.14175555023735,34.57538697704746,-21.94302590767261,-48.954079652765934
1.1970273296311698,511.0910884483122,296.8474390106927,95334.81525863236,-0.026012851568159048,-0.004855208868910858,2.635668839883264e-05,18.832758430494188,5.271554367588428,114.57245072667843,85.90416468092748,36.60843234912704,-21.94302451202587,-48.954078565333894
1.218630661876121,512.9209867858541,296.8474390106927,95313.8957698064,-0.00419475702347451,-0.04692745083153217,2.3027987182867496e-05,18.83249746680336,5.378944293794366,114.75462607952045,88.37925011148023,38.49099657307329,-21.94302323511229,-48.95407749865253
1.2361043210556968,514.4393570943565,296.8474390106927,95296.54050662003,0.01299931371101366,-0.07926434154520853,2.0643844466667325e-05,18.66178803155324,5.49401956346352,114.61106976634048,90.38436761577367,40.05281282220278,-21.943022185824606,-48.95407657367176
1.2535779802352727,515.991973629926,296.8474390106927,95278.79644859397,0.029352949761013537,-0.1092308394947856,1.862351731583812e-05,18.261562482609964,5.6029797480305925,113.62027960748343,92.37996743237056,41.64961707996542,-21.94302112145628,-48.95407559351642
1.2710516394148486,517.578583894099,296.8474390106927,95260.66665747041,0.04445215683069885,-0.13603398543295292,1.7014539374726574e-05,17.756555620164743,5.742736316002763,112.63339985056076,94.35608186667275,43.28113381733658,-21.94302004169678,-48.95407455933371
1.2885252985944244,519.198883965731,296.8474390106927,95242.15478449431,0.0578900262869057,-0.15891693765874546,1.5826291256008227e-05,17.195258594569662,5.9238014758651545,111.94172825567415,96.31751450383342,44.947034455398914,-21.94301894617515,-48.954073472651984
1.3059989577740003,520.8526335865674,296.8474390106927,95223.26375531101,0.06928223256493327,-0.17718941705611047,1.5028928571875922e-05,16.398478319554307,6.064625320610328,110.07344589808785,98.26000811538759,46.64705571260538,-21.943017834420793,-48.95407233519292
1.3234726169535762,522.5393803800433,296.8474390106927,95203.99891996794,0.07828077769205227,-0.1902552140386078,1.4556843136227076e-05,15.479019545722096,6.191237851210837,107.7133366469492,100.16299169416364,48.380716133222336,-21.943016706008393,-48.954071149194434
1.340946276133152,524.2584134123034,296.8474390106927,95184.36858106265,0.08459223171999572,-0.19764788294290947,1.4316178843768977e-05,14.563852606211743,6.341291249687843,105.70372312009184,102.02645649348489,50.147268558785406,-21.94301556060292,-48.95406991740926
1.358419935312728,526.0091479219834,296.8474390106927,95164.37959879446,0.08799591708673185,-0.19906290944918745,1.419538382772276e-05,13.685814510499377,6.516303389548601,104.17499210384587,103.85933587406944,51.94609563358994,-21.943014397796237,-48.95406864254408
1.3758330344620255,527.7848919548968,296.8474390106927,95144.10854295657,0.08836152232682656,-0.19440684844077777,1.4079411371385688e-05,12.776465468717552,6.665811250961339,102.3669960576264,105.65798694276293,53.77030677084554,-21.94301322124722,-48.95406733184359
1.393246133611323,529.5911156209314,296.8474390106927,95123.49313295812,0.08566414051324477,-0.18376590393020267,1.3863540215783368e-05,11.758228943822377,6.729115493021999,99.38336984772005,107.41624235714879,55.62550665875858,-21.943012026565874,-48.95406598365073
1.4106592327606207,531.4270188687648,296.8474390106927,95102.54268042286,0.07996474976794136,-0.16741929687588403,1.3467126251923278e-05,10.75501680319742,6.745552448896132,96.0579180171104,109.1183574550891,57.5108573356564,-21.94301081354694,-48.9540646008743
1.4280723319099182,533.2916245415493,296.8474390106927,95081.26851389305,0.07143422193041171,-0.14586247404284866,1.2843361792380225e-05,9.819744858625548,6.726400912603901,92.68223128696066,110.76170562197167,59.42533933550317,-21.943009582151948,-48.95406318647132
1.4482688106358346,535.4889968535317,296.8474390106927,95056.20260208554,0.0583718560043005,-0.11527660860948258,1.1829536961934026e-05,8.953305387081915,6.72063184274864,89.77974530195252,112.60255334794829,61.681044013665435,-21.943008130950016,-48.95406150990339
1.468465289361751,537.7225249825045,296.8474390106927,95030.72973648758,0.042482762507130005,-0.08002869180919912,1.0558737282404983e-05,8.282857691364882,6.698462636569541,87.46202578916248,114.39139864415658,63.973370841297424,-21.943006655127668,-48.95405979789775
1.4886617680876673,539.9912836734352,296.8474390106927,95004.86073348024,0.024559573859669653,-0.04178736780511891,9.148588215178635e-06,7.754267850765316,6.613857118139593,85.05542361079625,116.13367037984993,66.30134644222939,-21.943005154783407,-48.954058053126644
1.5088582468135836,542.2387722109231,296.8474390106927,94979.23988083442,0.005435396821537416,-0.0024106959153422603,7.753646390057482e-06,7.357368130021245,6.449883511753047,82.4514655182017,117.82552710268635,68.6640071780563,-21.943003630222364,-48.95405627766616
1.5290547255395,544.5059417475713,296.8474390106927,94953.40033790101,-0.014246636990890179,0.036150063206401885,6.534377386004171e-06,7.105366828165079,6.21796467896464,79.72139180369595,119.46339995881034,71.060298387231,-21.943002082033743,-48.95405447307441
1.5492512042654163,546.8044053746297,296.8474390106927,94927.20993850443,-0.033701178310047125,0.07195455319963198,5.6268860263638246e-06,7.030008310620209,5.950443215747043,77.20109787350992,121.04768753377128,73.48912710144636,-21.94300051105159,-48.9540526403317
1.5694476829913326,549.1331941163832,296.8474390106927,94900.67995809045,-0.051889601781881976,0.10318201228466382,5.116781930153913e-06,7.111417575647727,5.651949119446587,74.8274411512196,122.5826609553023,75.9494476655317,-21.942998918263545,-48.95405077976073
1.589644161717249,551.491387087306,296.8474390106927,94873.82111748692,-0.06786768252915452,0.12824979171824027,5.019899137746365e-06,7.285622051373627,5.307265092406832,72.18512306679087,124.0676814072876,78.44026585812675,-21.942997304774032,-48.95404889107571
1.6098406404431653,553.87797427596,296.8474390106927,94846.64514551347,-0.08080252403801366,0.1459109519718281,5.277132690132081e-06,7.482416820425132,4.906730317688244,68.90347935393423,125.493504200474,80.96049397936781,-21.94299567184785,-48.954046973613806
1.6300371191690817,556.2917361525359,296.8474390106927,94819.16614792138,-0.09003669548868211,0.1553391357753268,5.766213693310602e-06,7.6881067671566665,4.479417561014619,65.22042902988575,126.84859557707395,83.50882389900232,-21.942994020931422,-48.9540450265817
1.650233597894998,558.731259795418,296.8474390106927,94791.4004207314,-0.09512932591331325,0.15619054916954547,6.326758093711792e-06,7.863915735181381,4.040657022898224,61.15765888621997,128.12543143002148,86.08374436695395,-21.942992353592047,-48.95404304919021
1.6704300766209144,561.194995436547,296.8474390106927,94763.36580389652,-0.09588935191053001,0.1486351529864454,6.793464216771264e-06,7.9737804171637245,3.6056529194697147,56.757779651732925,129.31673750733538,88.6836009529294,-21.942990671433478,-48.95404104075512
1.6906265553468307,563.6813358643836,296.8474390106927,94735.08077584102,-0.09239429977101704,0.1333583904782237,7.030261219440334e-06,8.12113904456483,3.251841781885211,53.18701515551193,130.42559118902346,91.30668001649099,-21.94298897600623,-48.9540390007578
1.695529512269209,564.2881653300776,296.8474390106927,94728.17841941057,-0.09093529800796249,0.12860406280272807,7.041845852918843e-06,8.16960416936836,3.1833561074075245,52.52319573326043,130.68473758978317,91.94678638677465,-21.942988562578748,-48.954038500704705
1.700432469191587,564.8962276504892,296.8474390106927,94721.26244837581,-0.0892516868769106,0.1234813740642695,7.0342532781724354e-06,8.212872215665866,3.1172629654074853,51.859581314025974,130.94062972179827,92.5881553396332,-21.94298814846351,-48.95403799874891
1.7053354261139653,565.5055079382093,296.8474390106927,94714.33303451636,-0.08735147027754413,0.1180121136955791,7.007200146521039e-06,8.250443080865477,3.0536520614442453,51.19607122682755,131.19326843686488,93.23077094467465,-21.94298773367467,-48.9540374948805
1.7244617256075387,567.8935861476918,296.8474390106927,94687.17710716448,-0.0780369460795622,0.09378982796177367,6.719668875203196e-06,8.161666251610885,2.7506143234054132,47.20832709332339,132.13655379985875,95.74914018046125,-21.942986109434997,-48.954035511002246
1.7435880251011122,570.2986332038527,296.8474390106927,94659.834591362,-0.06618329960761402,0.06615028127440552,6.168812174832022e-06,7.949663184166302,2.483793426217166,43.134002800385986,133.00064935441108,98.28481313811028,-21.942984476125897,-48.954033498176464
1.7627143245946857,572.7192774859319,296.842405954757,94632.32120950255,-0.052531257283950146,0.03673255492223508,5.4293330057140395e-06,7.7548751919604895,2.316585957183297,40.11101709834699,133.7950584368043,100.83633176421118,-21.94298283460514,-48.95403145713066
1.7818406240882592,575.1543890916242,296.8257224412443,94604.6499236796,-0.03791104233717359,0.0072507496687479285,4.601929953828425e-06,7.459819711185666,2.193852277001098,37.21643165613645,134.53434795136644,103.40249398832894,-21.94298118547427,-48.95402938866761
1.785229787836901,575.5873246811849,296.82275671287545,94599.73096477418,-0.03528499233491854,0.002149312662601385,4.454350561046646e-06,7.400435349999831,2.177763799827213,36.74050544066551,134.65967404643132,103.85866529188785,-21.942980892487977,-48.954029019344716
1.7886189515855428,576.0206778781264,296.8197882488214,94594.80746845952,-0.0326605267065374,-0.0028922202950630886,4.3079015907828905e-06,7.28114106475978,2.138052073720004,35.83398572627568,134.78265746417227,104.31525738284085,-21.942980599277575,-48.954028649199515
1.7920081153341847,576.4544400193273,296.8168171087782,94589.8795337477,-0.030042501075786456,-0.007865103275848063,4.163111877168036e-06,7.158417877152037,2.099267500359958,34.927705301279325,134.90256894381056,104.77226107906517,-21.942980305846433,-48.95402827824406
1.7987864428314682,577.3231468816936,296.8108671052132,94580.0108541576,-0.024847117315397696,-0.017566519122139242,3.880720300004944e-06,6.903002525137362,2.0241870169645377,33.11613272152115,135.133180660389,105.68745645263984,-21.94297971833975,-48.95402753396468
1.8055647703287516,578.1933715934241,296.80490720946534,94570.12576738682,-0.01973371119197203,-0.02689282789822606,3.610573358010698e-06,6.634910625091164,1.9521576336095627,31.305756667875716,135.3515170081423,106.60417338497086,-21.94297912999689,-48.95402678661366
1.812343097826035,579.0650424386406,296.79893791523835,94560.22509229272,-0.014738539252792702,-0.0357812625848776,3.35582598305547e-06,6.437613800752175,1.9192856341519249,30.126686205253208,135.55972163318677,107.52233593738163,-21.942978540843864,-48.95402603630107
1.8206528994557727,580.1355441913292,296.7916076982286,94548.06718983014,-0.008828811450409185,-0.04599239009485996,3.0683555732816603e-06,6.197713416765785,1.890013504860474,28.812361070268388,135.80460755763986,108.64982781555501,-21.942977817498452,-48.95402511256817
1.8289627010855103,581.2080467389767,296.7842645461383,94535.88783323497,-0.003209682373938237,-0.0553600158442544,2.8112846564266627e-06,5.942636841855174,1.8640262035604942,27.499645953680986,136.03857840013725,109.77930929352239,-21.94297709297954,-48.9540241846912
1.837272502715248,582.2824646106662,296.77690904829916,94523.68799997309,0.002062422281064923,-0.06379698779516631,2.5866473902309026e-06,5.674001521961854,1.8406201692441448,26.188373256429088,136.26164683151225,110.91068972367077,-21.942976367303398,-48.954023252840514
1.853729230186161,584.4156076552754,296.76230776311064,94499.47029933553,0.011300380423052874,-0.07750419802621492,2.237855054787611e-06,5.1663447454290115,1.8259778739757433,24.0428305805478,136.6743447384893,113.15657554656582,-21.94297492679937,-48.95402139630308
1.870185957657074,586.5553877664131,296.747664090823,94475.18229542914,0.0186314292546046,-0.08682083076771469,2.0082777015208035e-06,4.721112435018239,1.8585805747684208,22.64348520148854,137.05747329870525,115.40898110959199,-21.942973481841946,-48.954019526210445
1.8866426851279872,588.7014230487804,296.73298067201057,94450.82836791221,0.0238245947765325,-0.09153556440739433,1.8714188641013551e-06,4.255327888817451,1.8894337662708107,21.245075440901875,137.4186027239284,117.66750025477086,-21.942972032372666,-48.95401764375328
1.9030994125989003,590.853367209792,296.71825990161716,94426.41248904,0.026739686864177763,-0.09162853452939985,1.7917488022666641e-06,3.757262391831911,1.9006294613740475,19.638075130110405,137.75529005635522,119.93176460559857,-21.942970578311453,-48.9540157501384
1.9142278767836203,592.3117169470949,296.70828554335174,94409.86901225657,0.027396863679786432,-0.08915497103686523,1.7514432826277473e-06,3.4235013691246485,1.9014273391687913,18.542996957998238,137.9677249115875,121.46596310467612,-21.94296959241575,-48.954014463952994
1.9253563409683403,593.7724569673644,296.69829625527746,94393.30077288297,0.027012420742502857,-0.0847587956987018,1.7100856022937716e-06,3.100331686233377,1.8970949246459328,17.468210927413935,138.16808079817324,123.00245802119935,-21.9429686044044,-48.95401317365842
1.9364848051530603,595.2354614491193,296.6882929044569,94376.70920902971,0.02562442321294653,-0.07858515485037137,1.659594610023046e-06,2.788815893266666,1.8853131750271217,16.392300234201684,138.35648957121714,124.54111598858528,-21.942967614282466,-48.95401187964237
1.9476132693377803,596.7006048691428,296.67827635543296,94360.09575462824,0.023290465050156882,-0.07081168013752326,1.5944741044186067e-06,2.4923570113434894,1.8652456411249627,15.31518706797633,138.53291849139208,126.0818040278001,-21.942966622062986,-48.95401058227804
1.9623534188294984,598.6443463565015,296.66499004283673,94338.05906834488,0.018874911317720473,-0.05840820916746118,1.4819715297195862e-06,2.1800216977296016,1.852753865105067,14.318874527603942,138.7507953829044,128.12542831930807,-21.9429653046256,-48.954008859288756
1.9770935683212165,600.5914089715828,296.65168354785516,94315.98890754476,0.01315051029869506,-0.04409788212317257,1.3415853885595637e-06,1.9115594800421662,1.828323683499787,13.384634900098627,138.95489602231214,130.172156949405,-21.942963983576956,-48.95400713171064
1.9918337178129346,602.5416075559561,296.6383581480611,94293.88739121104,0.006373043756294941,-0.028466342078434646,1.183324061757716e-06,1.6846865858992444,1.7883663635217888,12.461409201210879,139.1453697306162,132.22179340916878,-21.94296265896102,-48.954005400100755
2.0065738673046525,604.4947557403101,296.6250151283555,94271.75665048108,-0.0011733944027128931,-0.01212501738831609,1.0229858258462968e-06,1.5093251762174285,1.7372228158906098,11.612333534146275,139.32270390533887,134.27414006252855,-21.94296133085393,-48.954003664933225
2.026719169672422,607.168557097158,296.60675304584277,94241.46714913905,-0.012185260286945557,0.01024713934896372,8.338527607950175e-07,1.3275152820193876,1.636325768558891,10.350587262909178,139.54418569191932,137.08310870347108,-21.942959510280375,-48.95400128841112
2.046864472040191,609.8470588450781,296.5884636234801,94211.13230190512,-0.02329085681822717,0.03130427628491529,7.205979250098783e-07,1.219631831656098,1.50870112600776,9.059460146739571,139.73967837520772,139.89628260309064,-21.94295768374271,-48.95399890664044
2.0670097744079605,612.5297634812928,296.5701502811492,94180.75778099705,-0.033747562396348546,0.04972107793656784,7.129876774340906e-07,1.189778508431967,1.3661102350738208,7.842749315424574,139.90971653265163,142.71313573483758,-21.942955851706536,-48.95399652004936
2.08715507677573,615.2161987065299,296.5518162632308,94150.3489675468,-0.04289718031806805,0.06442224377490885,8.167059498160846e-07,1.2197070669804528,1.2113946374181632,6.652696716756023,140.05571952598746,145.5331690667015,-21.942954014693584,-48.95399412876437
2.107300379143499,617.905916775035,296.53346464325256,94119.91095930924,-0.05020645873411748,0.0746420145238893,1.0124506736936426e-06,1.3045696041342674,1.0565219994788717,5.574968618560708,140.17862413034035,148.35590984630733,-21.942952173259954,-48.95399173266157
2.1347794499346966,621.5793456350187,296.5084090448133,94078.3537282529,-0.05655234590445302,0.0806528101053153,1.3545058161169492e-06,1.471423802823183,0.8529197419508657,4.230374933154542,140.31297569249134,152.20981808743318,-21.942949655357676,-48.953988455910704
2.162258520725894,625.2571216110073,296.4833327700775,94036.76220347853,-0.05833907463776013,0.07756349958676201,1.6648579540583067e-06,1.6287047537605246,0.6578084213665363,2.812103732879609,140.4101701214675,156.06690663771724,-21.942947131667452,-48.95398516841557
2.1897375915170914,628.9382312828197,296.4582427545397,93995.14788820138,-0.055713750245545555,0.06647718462526007,1.8331295719565571e-06,1.7133227075984758,0.47317116241555557,1.1596046882382505,140.4654597669428,159.92610871925206,-21.942944603505158,-48.95398186904353
2.2172166623082887,632.6215837039045,296.4331464519313,93953.52314518507,-0.04935691163297446,0.049397000910335886,1.8074625418343724e-06,1.8176853987999377,0.36615157142935145,0.21350735140021693,140.4816307446868,163.78627784187472,-21.942942072063552,-48.95397855705877
2.244695733099486,636.3064130469259,296.40804909133584,93911.89664739072,-0.04035530836607959,0.028903602079446585,1.6060873268368302e-06,1.9335995414620368,0.3432740530935663,0.03358923550488235,140.48320220189512,167.6466096979914,-21.942939538118633,-48.953975231819804
2.26752742918108,639.3690193962274,296.3871965415591,93877.31059544375,-0.031812389584687045,0.011286935673477291,1.3549919780456403e-06,1.8732913103180975,0.31293900549164017,-0.7097500965980232,140.47784576589484,170.8540291347125,-21.94293743097596,-48.95397245833587
2.2903591252626736,642.4322246152886,296.36634613470653,93842.72809775214,-0.023148109332370662,-0.005228834282224877,1.0806852706601178e-06,1.708603379355092,0.2859069479356851,-1.7214527646358793,140.45023951227185,174.06111895914685,-21.942935322337217,-48.95396967536282
2.3131908213442673,645.4954811529292,296.34550159837147,93808.15533690438,-0.015110977669624315,-0.0193131155784613,8.268111257817899e-07,1.497450049490141,0.2803815269510674,-2.6386354673677066,140.39994013688695,177.26730581430752,-21.942933212356497,-48.953966883789626
2.336022517425861,648.5583305403734,296.3246660497927,93773.59748315492,-0.008343900480559465,-0.02993591305904277,6.203931365677063e-07,1.2499974546736126,0.2894792033955701,-3.4796260834903507,140.32996730580984,180.4721102243999,-21.942931101062644,-48.95396408468034
2.358854213507455,651.6203629343398,296.30384227185334,93739.05915219513,-0.0033360496476104932,-0.03643475628443265,4.688753809226502e-07,0.9769199123803732,0.30482823227420797,-4.279544228604403,140.24134494770703,183.67510414235934,-21.942928988409374,-48.95396127926508
2.3721209954939426,653.3990815328237,296.2917487000073,93719.00074645718,-0.0013623294593598585,-0.03819740473070169,4.030455569210997e-07,0.8225963968157824,0.3187995455932576,-4.656312607553058,140.18197710919992,185.53526790236947,-21.94292776015968,-48.95395964676844
2.3853877774804304,655.1773253257604,296.2796604509809,93698.95116915122,-0.00011770228820530252,-0.038482503454834296,3.499020500343032e-07,0.67663058368768,0.3357573434360909,-4.960064773902792,140.11810718430786,187.39461293683033,-21.94292653140543,-48.95395801286822
2.410391898157322,658.5273617631319,296.25689306677754,93661.18917164081,0.0002651674829924496,-0.035263028866656346,2.72438546159216e-07,0.432376353546623,0.3717435560565428,-5.351371443271225,139.98863291170326,190.89656120690154,-21.942924214082787,-48.95395493044521
2.429716677478285,661.1150170378093,296.2393120333052,93632.0292586582,-0.0011309287743084002,-0.02974924272425456,2.2312277140910653e-07,0.24413079259081832,0.3821820523851503,-5.763739101431654,139.8807462666396,193.60077479615234,-21.942922421716244,-48.95395254630582
2.449041456799248,663.7012549150623,296.22174505850865,93602.89266340388,-0.003827352155132547,-0.02211364324658083,1.7791003228939648e-07,0.07492948222218086,0.3806265128951784,-6.1950016865019535,139.76514933474957,196.30282596064762,-21.9429206280799,-48.953950161272836
2.4642005701016383,665.7289315642145,296.2079751967107,93580.05396211574,-0.006704254567811151,-0.015013988611260454,1.4512199019551853e-07,-0.012653320144287081,0.3844602182258959,-6.338687860029985,139.67032924362,198.42082701302024,-21.94291922017526,-48.95394829011496
2.4793596834040286,667.7556366841092,296.19421465113237,93557.23071271522,-0.01009788475830593,-0.00728295125959228,1.1723025070413483e-07,-0.03893411453020296,0.40277095894933057,-6.164650759227497,139.57562661002663,200.53739509799914,-21.942917811462284,-48.95394641895174
2.494518796706419,669.7813628479549,296.18046346786485,93534.42299164915,-0.013856432417258847,0.0007584627071275432,9.77209566641674e-08,-0.08230559215045605,0.39550938383851625,-6.2617409881234565,139.4808254503613,202.65252312610687,-21.942916401932592,-48.953944547901855
2.509677910008809,671.8060902662528,296.16672177685905,93511.63101445431,-0.01782287075920036,0.0087949380570785,9.033271545551029e-08,-0.13165064845817154,0.36851708599170024,-6.5486555611823,139.3835678519031,204.76619110902925,-21.9429149915999,-48.95394267705868
2.5248370233111994,673.8297664952628,296.1529899295199,93488.855363971,-0.02184049047045268,0.01652723182429612,9.830729648508477e-08,-0.18223613741206046,0.32513870517508336,-6.9851479757409125,139.2811557902552,206.87834499569428,-21.94291358051243,-48.95394080651725
2.5399961366135897,675.8523043804221,296.1392685124387,93466.0970131201,-0.025758315277584074,0.023681984672275665,1.237209587833949e-07,-0.22755192752398337,0.27025113045259036,-7.512210523022925,139.17155216349732,208.98889455997676,-21.94291216875318,-48.95393893637819
2.55515524991598,677.8735964331852,296.1255582496549,93443.35716279357,-0.029436418210793885,0.030020609681428646,1.6699595795751211e-07,-0.25265945640748516,0.213453957094875,-8.004922027806407,139.05423521802686,211.09772843431585,-21.942910756429068,-48.953937066730774
2.5703143632183703,679.8935382032056,296.1118598440355,93420.63697876738,-0.03275067175284721,0.0353466123869754,2.2666802628891202e-07,-0.2449866544252338,0.16337385304457414,-8.354065108156696,138.93043042336564,213.20473850771896,-21.942909343653856,-48.95393519762515
2.5854734765207605,681.9120408487746,296.09817389207507,93397.93745038759,-0.03559656071823222,0.03951080123854979,2.994360543400296e-07,-0.2203684207515608,0.11451838704678077,-8.656218295886955,138.80140103722331,215.3098330308342,-21.942907930537796,-48.95393332906033
2.600632589823151,683.9290192395272,296.0845009646431,93375.2595244988,-0.03789207536620606,0.042414428150256325,3.8047364713939506e-07,-0.209951495516376,0.054077446003106724,-9.11462607438693,138.6664361330089,217.41292419578633,-21.9429065171929,-48.95393146100695
2.615791703125541,685.9443807475043,296.0708416829722,93352.60423147767,-0.03957982438164059,0.04401055077966085,4.639483702975066e-07,-0.19883376626797483,-0.007718920842664384,-9.597019057676135,138.52465528246597,219.51391644815394,-21.94290510373775,-48.953929593429706
2.6309508164279314,687.9580310439142,296.0571966793325,93329.972620008,-0.04062777772922563,0.04430295155270771,5.43665803570557e-07,-0.1714300023583727,-0.060633672658863415,-9.969533901923603,138.37653601455509,221.61271253576217,-21.942903690291466,-48.95392772628617
2.6461099297303217,689.9698808334374,296.0435665514019,93307.36568139867,-0.04102894048287071,0.043343101876849054,6.137344190775705e-07,-0.14364059043737654,-0.11012109437047338,-10.325135884405448,138.22268214636694,223.70922052723714,-21.94290227696716,-48.95392585952429
2.672674541269305,693.4908196018414,296.0197188947316,93267.811943307,-0.040258329419321406,0.03898498700764003,7.003600957742434e-07,-0.11259165025919038,-0.19157671833930603,-10.982627187176693,137.93924357037548,227.37733010345596,-21.94289980088018,-48.9539225890134
2.6917687232862986,696.0178093422873,296.00260839642283,93239.43246023731,-0.03863945724166244,0.03406703223737697,7.256202335261321e-07,-0.07370828151887851,-0.22707028515898564,-11.228847032348297,137.72729643305885,230.00916867645503,-21.942898021812972,-48.953920238695936
2.710862905303292,698.5414901011865,295.9855245111509,93211.09711756714,-0.036292933307321903,0.028068994464589,7.183415918162994e-07,-0.040910011541823645,-0.2503594376496889,-11.400067662063282,137.51104257280616,232.63691378496878,-21.942896243486356,-48.9539178886511
2.7299570873202854,701.061773969802,295.9684678164589,93182.80687320954,-0.033399366761328375,0.021401548380695454,6.815371612759571e-07,-0.03603765610698032,-0.27053943152698795,-11.631492645921304,137.29082061555482,235.26047659466292,-21.942894465994385,-48.953915538795606
2.745637406820459,703.128860897842,295.9544813822548,93159.60896479484,-0.030756112424363546,0.01572733877907389,6.333595888953934e-07,-0.06505542603425507,-0.29021665330405366,-11.942919734605121,137.10586312059218,237.41178957061882,-21.94289300697157,-48.95391360918449
2.7613177263206325,705.1935428391463,295.94051403535224,93136.44271459004,-0.027996358608991044,0.010119358650644367,5.737946840673963e-07,-0.11156839694180053,-0.307334296637369,-12.279836465828858,136.91606736505406,239.56016664750382,-21.942891548590097,-48.95391167972784
2.776998045820806,707.2557433975005,295.9265662821449,93113.30896250044,-0.02523317224865235,0.0047892695739442485,5.074773039217162e-07,-0.16969313443491302,-0.31995922876669236,-12.60663856298551,136.72109352167212,241.7055299347112,-21.942890090884337,-48.95390975053072
2.7926783653209797,709.3153937510414,295.9126385774123,93090.20846282324,-0.02257365391941402,-7.299932391661576e-05,4.3872435391456854e-07,-0.21458265419693912,-0.3175462716980671,-12.76279619132967,136.52236857705446,243.84780948070508,-21.942888633875686,-48.95390782171667
2.8083586848211533,711.372447403431,295.8987312246519,93067.14171893986,-0.02011530694998906,-0.004305099710205269,3.7118978596212815e-07,-0.25480109915471955,-0.3054850620428693,-12.817010783405324,136.32173438711885,245.98695860321322,-21.94288717756412,-48.95390589340372
2.824039004321327,713.4268697887883,295.88484444649026,93044.10910009865,-0.01794289343412396,-0.007776998780443193,3.0765389127963105e-07,-0.3213357341370057,-0.29998231480619386,-12.990581159242701,136.11908279107436,248.1229430591203,-21.94288572193633,-48.95390396571681
2.8397193238215004,715.4786166676819,295.87097853075176,93021.11108368535,-0.01612599192813162,-0.010394260884501537,2.499527207918544e-07,-0.4153584821705574,-0.30340194735772197,-13.304403325220964,135.91281042240226,250.25571857692694,-21.942884266981473,-48.953902038816025
2.8582776470974864,717.9034190847582,295.854595045403,92993.9374247606,-0.014508267456959949,-0.012306448830705306,1.9057396828240098e-07,-0.5078609425134026,-0.29567178873187006,-13.51023730290827,135.66423052959095,252.77573219211774,-21.942882545838625,-48.95389975951671
2.8768359703734725,720.3243110838055,295.83824184738626,92966.81400042343,-0.013519864706289709,-0.012906623924672128,1.4125191147249475e-07,-0.6226363526931585,-0.2982665201601861,-13.847161289798683,135.41037879017713,255.29108718385976,-21.942880825616058,-48.953897481914716
2.8953942936494586,722.7411922988791,295.821919595021,92939.74190256283,-0.01317573036197403,-0.01224542199229283,1.0127023508543334e-07,-0.7247438311995413,-0.2973017944010036,-14.10353001040104,135.1512342548678,257.80168229324386,-21.942879106311292,-48.95389520637641
2.9139526169254446,725.1539707902199,295.8056288891398,92912.7221277204,-0.013456572864632239,-0.01043465473208965,6.965564508878584e-08,-0.8134361462429408,-0.294811441640213,-14.296043599844444,134.8876455186563,260.3074251036222,-21.942877387923467,-48.95389293325069
2.9325109402014307,727.5625674862165,295.7893702431777,92885.75552747943,-0.014313404453911351,-0.007634692449388987,4.57860426400211e-08,-0.9012162714584413,-0.2988361861517948,-14.52742798866063,134.620026593362,262.808236641399,-21.94287567045332,-48.95389066285072
2.9532637771244916,730.2509396026883,295.77122755390695,92855.66405184242,-0.015860976028158426,-0.003578813016284212,2.8234269503792148e-08,-0.9795119588591081,-0.30376118904001553,-14.723503774378779,134.31653818340155,265.59884089960633,-21.942873750989023,-48.953888127545696
2.9740166140475526,732.9339134047576,295.7531260406295,92825.6408707334,-0.017899382346938462,0.0011431953080581502,2.0967388229769356e-08,-1.0302076127062596,-0.3071074620466927,-14.822788956896746,134.00988476901603,268.3831117030203,-21.94287183269701,-48.95388559631275
2.9947694509706135,735.6114292114936,295.73506607628366,92795.68660270785,-0.020270904173305588,0.00618980159347818,2.5038170275349957e-08,-1.0735875879701324,-0.31925024049992684,-14.96954069187724,133.7005801548053,271.1609916884326,-21.94286991559956,-48.953883069384744
3.0155222878936745,738.2834262628068,295.71704804073283,92765.80187780781,-0.02280766804717718,0.011222241571595466,4.13665539746122e-08,-1.1046551972975016,-0.3374131395832306,-15.130949443300656,133.38833621353112,273.9324224274028,-21.942867999740294,-48.95388054693649
3.0362751248167354,740.9498417081454,295.6990723275758,92735.98734885611,-0.025343227665199877,0.01592647732858016,7.014353405569923e-08,-1.1137809618627976,-0.3558051730946576,-15.237339062806685,133.07332724840026,276.6973433788602,-21.94286608518337,-48.95387802908516
3.0596199745787467,743.9425425294273,295.67890252445864,92702.53370094068,-0.02800283652080303,0.02049167739461305,1.160534091508704e-07,-1.1203621118116527,-0.38566560316651183,-15.42801270997834,132.7153035773378,279.7997466458699,-21.942863933156012,-48.95387520232145
3.082964824340758,746.9280002095403,295.6587874081948,92669.17075667392,-0.030277411561064567,0.02400034137131412,1.7280833685551103e-07,-1.121664684201949,-0.42153957993164365,-15.662720905147653,132.35250504077422,282.89373829520594,-21.94286178302038,-48.953872381476735
3.106309674102769,749.9061078139458,295.63872765498394,92635.89963760102,-0.03202292817937716,0.026257735851213413,2.3483180898851226e-07,-1.097840299815003,-0.4503244070300004,-15.78478428468298,131.98552579616768,285.97921431772204,-21.942859634936067,-48.95386956652379
3.1296545238647804,752.8767629046733,295.61872391003845,92602.72141387175,-0.03314797611551299,0.02718205339118957,2.9535924735148467e-07,-1.0811938613939067,-0.48407998268414143,-15.978733020287496,131.6145471019625,289.0560754705466,-21.94285748906539,-48.953866757385924
3.1529993736267916,755.8398652595438,295.5987768029844,92569.63712978413,-0.03361671277905939,0.026801586049835874,3.476208154390427e-07,-1.065155335187257,-0.5162269459279842,-16.173570630747918,131.23930669417973,292.1242249082274,-21.94285534556755,-48.95386395396316
3.182710291298578,759.5999232364082,295.5734730321252,92527.66827979885,-0.033301458307987704,0.024643782939072278,3.940985370729367e-07,-1.042243217239572,-0.548809942562141,-16.36392851131119,130.75625595461273,296.01630560555645,-21.942852621203997,-48.95386039416584
3.187168186656741,760.1630102497853,295.5696844689082,92521.3845665057,-0.03317207215257264,0.02418038497363014,3.9854970455969313e-07,-1.0395754178006351,-0.5530726031978878,-16.390837049397135,130.6832483463073,296.599040639383,-21.942852212804183,-48.953859860816614
3.191626082014904,760.7258135072233,295.565898023031,92515.10436503372,-0.033023213322846245,0.023685625815574415,4.023273034325828e-07,-1.0355611192453447,-0.5564055791795733,-16.40710004376453,130.61014428312595,297.1814499961548,-21.942851804503164,-48.95385932766737
3.196083977373067,761.28833260794,295.5621136968663,92508.82767931813,-0.03285873427210492,0.023164554412578482,4.054375606584003e-07,-1.0307260834918517,-0.5592477977254803,-16.41865071685767,130.5369743752661,297.76353331093355,-21.942851396301503,-48.95385879471747
3.2005418727312303,761.8505672402493,295.55833149218694,92502.55451229947,-0.032695275593221364,0.022635186294651975,4.07895930915893e-07,-1.0243848449370536,-0.5619733130638839,-16.430449287802446,130.46375141437568,298.34529031101914,-21.942850988199737,-48.95385826196602
3.209457663447557,762.9440019118715,295.5507734574972,92490.35543493766,-0.032340442429964505,0.021526171332261597,4.1092972894940313e-07,-1.0077050014879856,-0.56775229875756,-16.46396669448307,130.31708858330754,299.50782379622046,-21.942850172298602,-48.95385719705074
3.2183734541638835,764.0286073158319,295.54322392386183,92478.25614964624,-0.03183993385335849,0.02024684122383868,4.1134404470387917e-07,-0.9736936622273791,-0.5696848363497806,-16.452865379025553,130.17040743668633,300.669049698064,-21.942849356802377,-48.9538561329042
3.22728924488021,765.1121063436956,295.5356828897635,92466.17048616617,-0.031155209163325995,0.018766452585421835,4.0896029086355117e-07,-0.9416662622076377,-0.570989543269677,-16.4415511427733,130.02378743351014,301.828968249946,-21.94284854171261,-48.95385506950531
3.239459277060744,766.5892941679407,295.5254031105137,92449.69556362345,-0.029931004272454535,0.01644188284036202,4.010378680926265e-07,-0.9014937732347383,-0.5717587315874013,-16.425705014744647,129.82377177420344,303.4101448506015,-21.942847429774663,-48.953853619142784
3.2516293092412782,768.0644216316442,295.5151391493367,92433.24599196784,-0.028381840934877254,0.013797844939415518,3.8761199344496435e-07,-0.8659957874103106,-0.5713724497668199,-16.409297379349063,129.6239459022969,304.9888884061643,-21.942846318597297,-48.95385217008079
3.2637993414218123,769.5374900738751,295.5048909905573,92416.82174607772,-0.02654306785016872,0.010893120568916476,3.6887725676823713e-07,-0.83571063542329,-0.5698659842019752,-16.3922318118945,129.42433558299095,306.56520132766997,-21.942845208180557,-48.953850722263695
3.2759693736023463,771.0085010335105,295.4946586171264,92400.42279862888,-0.02446598650857512,0.007799553821838235,3.4543560021890886e-07,-0.8110045380533829,-0.5672990576706356,-16.374435274903476,129.22494606196474,308.13908623755606,-21.942844098522485,-48.95384927564676
3.296612248216245,773.49893776033,295.4773384548717,92372.66458275284,-0.02054861775295215,0.0023217964536235347,2.9763674972310993e-07,-0.7824271326745672,-0.5607536833318525,-16.3424436117892,128.88726530783262,310.80317411447083,-21.94284221803888,-48.953846824534914
3.3172551228301437,775.9834683038789,295.4600635664778,92344.97892518104,-0.016365759708289573,-0.003150624469743196,2.445911096428399e-07,-0.7708378224784038,-0.5518769554553116,-16.30808646145412,128.55027765092126,313.4602982261523,-21.942840339703288,-48.95384437665154
3.3378979974440424,778.4621021131974,295.442833855589,92317.36567148869,-0.012188642263898623,-0.008293028965327319,1.9263622449472436e-07,-0.7754016195627326,-0.5412776940482902,-16.271434544954403,128.21401670922182,316.1104733934802,-21.94283846348076,-48.953841931952596
3.358540872057941,780.9348495174736,295.42574326832255,92289.82465768258,-0.008262137634486548,-0.012829190924907346,1.470754712467493e-07,-0.7940468766426309,-0.5294427187570344,-16.230417861193576,127.87854816568965,318.75371535566126,-21.94283658933011,-48.95383949045991
3.3791837466718397,783.4017221287302,295.4087785646409,92262.355705729,-0.004793415729856799,-0.016542336311487923,1.1109389295998526e-07,-0.8245495184763826,-0.5170937990279071,-16.186163294420925,127.54395239436087,321.3900411994373,-21.9428347172065,-48.95383705225054
3.404282454225122,786.3931824583547,295.38821175210774,92229.05428202533,-0.0014290181561904182,-0.019730028599376434,8.124904475042821e-08,-0.8738512047307277,-0.5024536701179007,-16.130719349224247,127.13838234688976,324.58613707134697,-21.942832443642377,-48.95383409235001
3.4293811617784047,789.3760018572968,295.3677103326745,92195.85874168706,0.0008057442893424733,-0.021324344287504925,6.436791574067604e-08,-0.9317639028068803,-0.48945631711804344,-16.07789778658157,126.73418438424342,327.772070813552,-21.942830172924282,-48.95383113778548
3.454479869331687,792.3502044210485,295.34727408753395,92162.7687304254,0.0018067943606625114,-0.021312689711024846,5.557984117639364e-08,-0.9919917293438257,-0.47871983152962766,-16.025860406391143,126.33131663224486,330.9478764288275,-21.942827904978124,-48.95382818890661
3.4795785768849696,795.3158132972424,295.3269028047547,92129.78390508483,0.0015801436811874235,-0.019816051625229588,4.953436706835807e-08,-1.0488517318241184,-0.4707420902044526,-15.974482696022172,125.92974208722458,334.11358685144387,-21.94282563974296,-48.953825246079695
3.504677284438252,798.2728510054088,295.3065962770745,92096.90393006975,0.00023152869535709162,-0.017066571881813205,4.22764808177529e-08,-1.0975794362146127,-0.46581853432531967,-15.924478735325458,125.52943265413145,337.26923429010293,-21.94282337717373,-48.95382230965086
3.536937483609012,802.0610756822748,295.2805904083862,92054.79568161973,-0.002842001851795766,-0.012202696769821202,2.8983180388856633e-08,-1.142464247935676,-0.4639876710565181,-15.863093321765685,125.01670132267606,341.31056298049367,-21.942820472891125,-48.95381854522879
3.569197682779772,805.8352200881613,295.254690774544,92012.85944677731,-0.006915075738655772,-0.00657653249002673,1.3893472303502262e-08,-1.1626794237549556,-0.46647601788670423,-15.802981769704274,124.50593199715803,345.3353827076003,-21.94281757294992,-48.95381479232084
3.6014578819505316,809.5953272785941,295.2288969706014,91971.09456986032,-0.011376086473975868,-0.000985446698732992,4.288525616759235e-09,-1.1567754614147399,-0.4719722190665975,-15.741416383352858,123.9971134375625,349.34375640036023,-21.94281467737354,-48.95381105112561
3.6337180811212915,813.3414384140644,295.20320860549657,91929.50041766821,-0.01563251724952783,0.003868977746364117,6.8269437245891505e-09,-1.1293769973043772,-0.48016400345001947,-15.691826530480116,123.4901042766316,353.335744830035,-21.94281178621634,-48.953807321576626
3.6659782802920513,817.0735897291776,295.1776253227961,91888.07641307014,-0.019182256043756552,0.00745284370862136,2.2732268190565053e-08,-1.0842131456343505,-0.4889419190826571,-15.645613187417107,122.98467446928548,357.31140338661703,-21.94280889955141,-48.95380360338955
3.698238479462811,820.7918110419934,295.15214681084115,91846.8220514337,-0.02166266478525995,0.009442856030301492,4.7145490201503864e-08,-1.027809978863125,-0.4969147060991867,-15.601706228596397,122.4806599337554,361.270780502075,-21.942806017458725,-48.95379989611772
3.7409220139300277,825.6900329997762,295.11859667320596,91792.49825444746,-0.022985835571674294,0.009486245932081073,7.924818576561097e-08,-0.9482147365738549,-0.5043401359953309,-15.545401807112414,121.81586577702664,366.4844934303633,-21.942802211307573,-48.953795006841105
3.783605548397244,830.563972044265,295.0852288102045,91738.46959336508,-0.022118214196668463,0.006935259924969532,9.472809640589026e-08,-0.8773477627531384,-0.5067662234307957,-15.488957529245825,121.15347653512788,371.66988076355244,-21.942798413411566,-48.95379013431673
3.8262890828644607,835.413692295991,295.0520425396055,91684.73496352966,-0.019532477294180835,0.0026442694924683706,8.582184496577575e-08,-0.8260068804045491,-0.5033060148641256,-15.424057214514692,120.49370788408011,376.8270485208174,-21.9427946238083,-48.95378527729372
3.868972617331677,840.2392681970698,295.0190371107846,91631.29314954337,-0.01599937916678314,-0.0022831071343157507,5.8477302606357064e-08,-0.8015020860279837,-0.49548296122798874,-15.358516309194238,119.83674132545998,381.95611334965935,-21.942790842442392,-48.953780434873025
3.903632429804005,844.1400169851923,294.9923685968607,91588.11195749935,-0.013032602500386693,-0.005997633752075946,3.251131553077609e-08,-0.8013490671853709,-0.4871620033118392,-15.306096653450679,119.30534144359186,386.1004175350951,-21.94278777787441,-48.953776513178255
3.9382922422763325,848.0249408029034,294.96581838964147,91545.1223256056,-0.010425217925427959,-0.008948234950523312,9.263356279024684e-09,-0.8155475364017616,-0.4779625296603533,-15.251850325119234,118.7757826975666,390.22633678266936,-21.94278471856164,-48.95377260082907
3.97295205474866,851.8940804533846,294.9393860841549,91502.32359813845,-0.008493162277726117,-0.01082553910150515,-8.967645103510785e-09,-0.8398016305022576,-0.46891718276566946,-15.196396018539271,118.24810345843183,394.3339340252953,-21.9427816644086,-48.953768697991286
4.007611867220988,855.74747861772,294.91307126360186,91459.71510022412,-0.007435260129832464,-0.011486947882451772,-2.2072523478483365e-08,-0.8690267591845041,-0.4609315178284923,-15.140497740100122,117.72235656247223,398.42327403381967,-21.942778615320652,-48.95376480494065
4.042271679693316,859.5851811496761,294.8868734905379,91417.29612356014,-0.007320139211181781,-0.010958290021806618,-3.100926938960946e-08,-0.8980508133575535,-0.45468218578697184,-15.084944712064303,117.19855680008195,402.49442478739627,-21.94277557121159,-48.95376092200697
4.076931492165644,863.407235684655,294.86079231639866,91375.06594183903,-0.008087021466624406,-0.009418972803972386,-3.6929854386982156e-08,-0.921543985772776,-0.450167818831664,-15.025971148640114,116.67673952936711,406.5474559932062,-21.942772532011613,-48.953757049519346
4.131578253958467,869.4016469194795,294.81990692813935,91308.86503513467,-0.010662490447380829,-0.005658685814925923,-4.1203145855701216e-08,-0.9412141479967452,-0.4475795227242297,-14.938390069790938,115.85796961700501,412.9010715778501,-21.942767750087388,-48.95375096577384
4.174715635408332,874.1062736035672,294.7878354260234,91256.93541896025,-0.013282161793921865,-0.002367389513444982,-3.87196304228018e-08,-0.938878190008454,-0.4489334785502772,-14.876879651130501,115.21491082390898,417.88500359714976,-21.942763983795682,-48.95374618255495
4.217853016858197,878.786917496311,294.7559420726735,91205.29425815698,-0.01583360691801376,0.0004867331092151253,-2.9588578143168247e-08,-0.9211052533693166,-0.45183904627215293,-14.818395682481695,114.57446583623913,422.8412511838163,-21.942760225015828,-48.95374141625118
4.260990398308063,883.4436483993849,294.7242261629738,91153.94041101338,-0.017869913723198717,0.0024267546206265937,-1.4910003434912528e-08,-0.8918179067842662,-0.4551005439161803,-14.762408582809334,113.93645214514777,427.7699239133327,-21.9427564737949,-48.953736666536
4.304127779757928,888.0765313716511,294.6926870262599,91102.87279160139,-0.019102615091123314,0.0032101533914259328,1.3047851228174803e-09,-0.8563553045461741,-0.4575356544274507,-14.706984869312928,113.300815658183,432.67112600736965,-21.942752730185514,-48.95373193288108
4.347265161207793,892.6856320552035,294.6613239899989,91052.09031096775,-0.019427716399067835,0.002833414869110334,1.3821592195347902e-08,-0.8196213687518957,-0.4578536730428246,-14.645673721347725,112.6676859182078,437.54496197795316,-21.942748994225322,-48.953727214652986
4.390402542657658,897.2710193574334,294.63013636154756,91001.59184759643,-0.01891697917093362,0.0015011404277386591,1.8727235533429902e-08,-0.7890950463221034,-0.45692244488154515,-14.592366775992213,112.03705780477854,442.39153946229965,-21.94274526592363,-48.9537225112115
4.44406449041586,902.942142097582,294.5915834498265,90939.16764617166,-0.01743774288320703,-0.0009585869387293386,1.2807294652168718e-08,-0.7630974425795212,-0.4530451140499435,-14.525192826719993,111.255928385443,448.3826866954113,-21.942740638656304,-48.95371668005347
4.497726438174062,908.576796561247,294.5532996636309,90877.17920809817,-0.015571857095466927,-0.0035539409836670794,-2.4795050001594307e-09,-0.7525564889804597,-0.44685333655421045,-14.45657476482979,110.47837172188547,454.3320116490769,-21.942736023106377,-48.95371087020643
4.541476593553191,913.14378579112,294.5222854695271,90826.96156659367,-0.014190696558813025,-0.005257227161931708,-1.6595149635798738e-08,-0.7540925424274743,-0.44095847255792414,-14.399677793164333,109.84711720634486,459.15163732447456,-21.94273226864577,-48.9537061490394
4.58522674893232,917.6866883151683,294.49144861568254,90777.03107134021,-0.013211649674208646,-0.006306163659154108,-2.906921795507678e-08,-0.7610760328613537,-0.4346369221111272,-14.337482754526885,109.2184572912802,463.9437042097238,-21.942728521766092,-48.95370144186377
4.6289769043114495,922.2055792355018,294.46078836958293,90727.38653626324,-0.012780178669844886,-0.006597078864396505,-3.883071347891466e-08,-0.7711327345830495,-0.429057184307099,-14.276719879053724,108.59250878175912,468.70832613803327,-21.942724782364326,-48.95369674881562
4.672727059690579,926.7005365100281,294.4303039815547,90678.02674750457,-0.012931783342464248,-0.006165400501268467,-4.562099685519882e-08,-0.7812131475108124,-0.42484582240313146,-14.220143374782033,107.96917870218421,473.44561960913893,-21.942721050345824,-48.95369207007629
4.716477215069708,931.1716346395385,294.3999947275785,90628.95053274462,-0.013601296791395674,-0.005161205170728564,-4.919032935701118e-08,-0.7878614276144065,-0.4218679650762765,-14.164605265620484,107.34829833827902,478.1556971361232,-21.942717325635332,-48.953687405819586
4.760227370448837,935.6189415528635,294.36985993032437,90580.15679526258,-0.014643899197926498,-0.0038141147010229363,-4.9229770058722456e-08,-0.7891977979445417,-0.42008720977458347,-14.110414038576728,106.72977215176161,482.8386639764925,-21.942713608182327,-48.95368275616591
4.811158832414648,940.7663619099895,294.3349975918285,90523.7083055571,-0.01607451990362504,-0.00215985960127576,-4.485352628349907e-08,-0.7831371614188157,-0.4192105918848127,-14.049204947287805,106.01263230534643,488.2562937609903,-21.942709289636927,-48.95367736172727
4.862090294380459,945.8817264434277,294.30036978991365,90467.63957338799,-0.01744211973440133,-0.0007733029276102204,-3.6524795205308626e-08,-0.7696395101603916,-0.41906100192933127,-13.989942261450652,105.29858633045751,493.63747641022144,-21.942704980868275,-48.953671986965816
4.91302175634627,950.9651358863591,294.2659755099382,90411.94895586521,-0.0184941076875094,7.938095918182724e-05,-2.6229989193697864e-08,-0.7499245579166266,-0.4183887176632821,-13.92603716471895,104.5876854138537,498.98236960015066,-21.942700681869077,-48.953666631537786
4.9639532183120805,956.0166950319011,294.23181371345856,90356.63477155917,-0.01908450343026623,0.00028842424298432056,-1.6755197504414748e-08,-0.7289881999386638,-0.4176957532651811,-13.868239632394838,103.87988396051783,504.29113470556274,-21.942696392626925,-48.953661294957264
5.014884680277891,961.0365029951935,294.19788340407564,90301.69540711773,-0.019188451140366783,-0.0001017396292952316,-1.0773619214591827e-08,-0.7092986138921227,-0.41628326589773884,-13.81253271064095,103.17501552018399,509.5639265675297,-21.942692113120806,-48.95365597669352
5.065816142243702,966.0246505201603,294.1641836455043,90247.12934652428,-0.01888756250667419,-0.0009273981405028274,-9.794147099909207e-09,-0.6930066345520084,-0.4138846677744746,-13.757058622114943,102.47294988395953,514.800890685369,-21.942687843316353,-48.95365067625457
5.130517032786229,972.3158358253252,294.12170412091467,90178.34724211166,-0.018165301548468533,-0.0022418516761292884,-1.5491315904865694e-08,-0.679258315167714,-0.4095768972583364,-13.686523576857088,101.58508353499896,521.4022360792062,-21.942682433064878,-48.95364396790889
5.195217923328756,978.5562523954723,294.0795933006958,90110.16213737767,-0.017417086205061855,-0.0034021946452547865,-2.577911990501969e-08,-0.6726616596530778,-0.40409160768271485,-13.612604007748779,100.70187425612733,527.9462845771089,-21.94267703822214,-48.953637287130306
5.247929835413907,983.6029361065598,294.0455567422122,90055.05073624782,-0.01702092497002772,-0.003978727892071333,-3.441242317750213e-08,-0.6711287135378903,-0.3994111675724929,-13.551385671416675,99.98592887767572,533.2355876175327,-21.942672654284582,-48.95363186448807
5.300641747499058,988.6161656142012,294.0117625004709,90000.33169015552,-0.017059754485595005,-0.004095844131442068,-4.1536616711899667e-08,-0.6703849884454721,-0.3946007813399743,-13.494797857659314,99.27313630538619,538.4872344806421,-21.942668280316603,-48.95362645992355
5.3103985248007515,989.5045436236562,294.00553380266473,89990.63791553599,-0.017131582500511458,-0.00406481303890221,-4.266191882019217e-08,-0.6665804492830585,-0.39174688820028836,-13.485215339136362,99.14151781791918,539.455178118658,-21.94266747179499,-48.953625461538586
5.320155302102445,990.390601789404,293.99931336516687,89980.97029663355,-0.01716935722872149,-0.004033640804220442,-4.3711837792305876e-08,-0.659645234562755,-0.38721324978715616,-13.476377695351223,99.00998877161292,540.4218380994579,-21.942666663608243,-48.9536244637678
5.329912079404139,991.2755609957571,293.9931011828428,89971.31550767663,-0.01714283043593566,-0.004011392606124862,-4.4676527969767924e-08,-0.6527868006150406,-0.3827574143949584,-13.467544531524497,98.87854646861689,541.3872152209506,-21.942665855753035,-48.95362346660592
5.339668856705832,992.1594217066569,293.9874461598403,89961.67354042357,-0.017043381958871135,-0.004001003294982997,-4.555306079207668e-08,-0.6460410232076206,-0.3784055069671126,-13.458706769472334,98.7471901374015,542.3513103072127,-21.942665048225585,-48.95362247004668
5.359182411309219,993.923849575392,294.00334649597755,89942.4280372464,-0.01664509798313115,-0.004012613043715148,-4.704851269250535e-08,-0.6330239346920538,-0.37010956705300774,-13.440982910468767,98.48473674025831,544.2756577519589,-21.942663434139032,-48.95362047871104
5.378695965912606,995.6838892504719,294.0192045433188,89923.23371972663,-0.015993882520878702,-0.004067872867655042,-4.820375556891124e-08,-0.6208509385172009,-0.36250534348665997,-13.42314075465424,98.2226298619044,546.194887170532,-21.942661821319952,-48.95361848971243
5.3982095205159935,997.4395446478318,294.0350203579983,89904.09051992031,-0.015124083932707916,-0.004162542660476582,-4.902493981270684e-08,-0.6097423080020291,-0.35574339311651426,-13.405123865756455,97.96087249288136,548.1090053566077,-21.942660209742108,-48.95361650300552
5.417723075119381,999.1908197543077,294.05079399670774,89884.99836920865,-0.01407544641585451,-0.004291273589530315,-4.9511909820930066e-08,-0.5998732607925078,-0.3499399920722968,-13.386886940214287,97.69946864453772,550.0180191713425,-21.942658599382195,-48.953614518549074
5.449146018973686,1002.0017262970753,294.0761060070848,89854.36113161025,-0.012117494321885492,-0.004555390807608854,-4.9566479720300095e-08,-0.5868585680694312,-0.3427759277652932,-13.356985795097529,97.27928182756919,553.0814199743184,-21.942656008710834,-48.953611327594686
5.4805689628279906,1004.8013024455721,294.1013090440133,89823.85579366672,-0.00998126482336411,-0.0048675559960954075,-4.8676787698228814e-08,-0.5776277327661744,-0.33842690114831286,-13.326363392358699,96.86004575523422,556.1316322022038,-21.94265342108544,-48.953608142261196
5.5119919066822956,1007.5895664175288,294.12640335702014,89793.48205335505,-0.007840584476910386,-0.005201581435444758,-4.680814726598479e-08,-0.5721715887752489,-0.33683259479471556,-13.295019850725751,96.44178293250079,559.1686860541154,-21.942650836466036,-48.95360496245847
5.5434148505366005,1010.3665375801397,294.151389205418,89763.23959680731,-0.0058564684605690856,-0.00553172058039164,-4.3996627258101855e-08,-0.5699185410727272,-0.33756651599635284,-13.261387610939641,96.02454303235564,562.1926129135388,-21.942648254836655,-48.95360178813159
5.588635299964383,1014.343072607415,294.1871562863988,89719.94771513183,-0.0035458406169849117,-0.005953623765221995,-3.861594028101367e-08,-0.5713589510609413,-0.34192186263827856,-13.209747843169946,95.4260070571747,566.5213447275955,-21.94264454489934,-48.95359722955558
5.633855749392166,1018.2963275828791,294.2227001278038,89676.92603893686,-0.002143280441959089,-0.006262684616748032,-3.244751736503672e-08,-0.5778552491376413,-0.3495496471963323,-13.162364696895006,94.8297082566179,570.8230588419239,-21.94264084123915,-48.95359268229285
5.6714649312894485,1021.5665072862749,294.2520919870077,89641.35061997666,-0.0017676969121188776,-0.006408098972258405,-2.7648614347705716e-08,-0.5846124716356228,-0.35661837159420323,-13.122997961977566,94.3354316700111,574.3802257261423,-21.942637765845717,-48.95358890911525
5.709074113186731,1024.8206667199909,294.28133048599386,89605.96082568074,-0.002096548581892663,-0.006445550451012114,-2.395631745056333e-08,-0.5911169434985574,-0.36326180401929853,-13.08404129378458,93.8426249354389,577.9188321006559,-21.9426346949872,-48.95358514395171
5.746683295084014,1028.0588402785127,294.31041607400135,89570.7561122976,-0.003046557524929083,-0.006380752529794963,-2.192634757822637e-08,-0.5962076806411928,-0.36865384779117144,-13.045783693469868,93.351265422794,581.4389323348921,-21.942631628747215,-48.95358138689061
5.784292476981297,1031.281061532561,294.33934919173504,89535.73594640536,-0.00448450988553544,-0.006228637150119398,-2.1816390490806386e-08,-0.5989974089063707,-0.3721840691543388,-13.00844262095823,92.86132729060583,584.9405797654107,-21.942628567192894,-48.95357763799993
5.82190165887858,1034.4873635220638,294.3681302740129,89500.89980170755,-0.0062449519694317765,-0.006010805442577188,-2.3567275475098464e-08,-0.5989086721298348,-0.3734785027216857,-12.972155917043661,92.37277571833108,588.4238270163131,-21.94262551036835,-48.953573897316794
5.876173243471178,1039.0861920862433,294.40939541649254,89450.9531575711,-0.008993612423064113,-0.005632533170306363,-2.8692830890047053e-08,-0.5931887668048774,-0.37114398798027093,-12.921224639343375,91.67014959428414,593.4179649265008,-21.942621107609163,-48.95356851381279
5.930444828063776,1043.6520328842466,294.45034611281943,89401.3871138433,-0.011520364715395798,-0.005251760439187987,-3.550592556979917e-08,-0.58057346289729,-0.3638617046934455,-12.867740298054295,90.97033982617583,598.3740468078524,-21.942616714667857,-48.95356314722766
5.9847164126563746,1048.1849790006604,294.49098360196007,89352.20017089961,-0.013420233979809036,-0.0049381765829855,-4.246222269233338e-08,-0.5643777112906291,-0.3539516894161438,-12.821395114435242,90.27324634489841,603.2922226070141,-21.94261233135909,-48.953557797214515
6.038987997248973,1052.685117853251,294.53130906748567,89303.39089616518,-0.014468816543297139,-0.004738257759558604,-4.84834025579031e-08,-0.5458387323964073,-0.3425118081777628,-12.776267843527533,89.5786786919099,608.1726355663725,-21.942607957410647,-48.95355246329412
6.093259581841571,1057.1525288333974,294.57132361658654,89254.9579495151,-0.014628039999358633,-0.004671461454459899,-5.3104109821673405e-08,-0.5272257837319241,-0.33122064781844035,-12.731766444494212,88.88650627337834,613.0154196842889,-21.942603592519287,-48.95354714493605
6.147531166434169,1061.5872866110017,294.61102830984305,89206.9000472406,-0.014018640750434639,-0.0047316414966160234,-5.624953131013636e-08,-0.5104631880859188,-0.3214578445926193,-12.687388593794408,88.19671516562376,617.8207033181084,-21.942599236394393,-48.95354184162203
6.2122939427143935,1066.8366983204428,294.65800428231057,89150.04110919237,-0.012614371670922098,-0.004931743196117624,-5.8126461083537346e-08,-0.4947071842731795,-0.3130556743061125,-12.634110918665053,87.37673931827294,623.5059977547842,-21.942594049314884,-48.953535532168125
6.277056718994618,1072.0398580614828,294.70454242745785,89093.71211007185,-0.01095345008675757,-0.005204650354145446,-5.813429675700137e-08,-0.48347723339633125,-0.3080861302024781,-12.575043888556037,86.56040705330703,629.1383038849448,-21.942588874044763,-48.953529242831635
6.341819495274842,1077.1969152889062,294.7506447254828,89037.91065308031,-0.009528618987868762,-0.005473499982749391,-5.6692452954058195e-08,-0.47820998994875974,-0.3072574483022747,-12.520830897069152,85.7477661156884,634.7178613631967,-21.942583710402964,-48.95352297316769
6.406582271555066,1082.3080168335116,294.7963131243178,88982.63438047272,-0.008703519852609223,-0.0056742141902527115,-5.461105426646784e-08,-0.4764462840630572,-0.3087742448521418,-12.46652784360657,84.9386964699122,640.244905939189,-21.94257855834704,-48.953516722943654
6.47134504783529,1087.3733032802438,294.8415495074245,88927.88101253845,-0.008646540180710663,-0.005768680170067063,-5.297113970405875e-08,-0.47616147345263826,-0.3111067659923948,-12.41264996071501,84.13308746540811,645.7196655599548,-21.94257341793205,-48.953510492084924
6.536107824115514,1092.3929122119237,294.88635572295084,88873.64831230958,-0.009326738712883335,-0.005748824287280904,-5.273859363620935e-08,-0.47537861656001956,-0.3128142671872104,-12.359705396537281,83.33090464951901,651.1423638987012,-21.942568289246434,-48.95350428058157
6.6084921918358095,1097.9493613834634,294.93592809747986,88813.64673226363,-0.010729114044978979,-0.005614046929274011,-5.4693726607224326e-08,-0.4720894910450679,-0.31270753224396963,-12.302099866683832,82.4383282041114,657.1418894075625,-21.942562570952337,-48.953497360946095
6.680876559556105,1103.4491035201013,294.9849678657408,88754.28981001198,-0.012434623920702227,-0.005410473289023304,-5.870090493068492e-08,-0.46530526728040245,-0.30988027567218956,-12.246382190052573,81.54988345198029,663.0769559325352,-21.942556867382176,-48.953490465277774
6.753260927276401,1108.8923223578024,295.0334774968942,88695.57455692388,-0.014046958151535126,-0.0051985984290565486,-6.383866595587662e-08,-0.45436116851767827,-0.30402001875886064,-12.187981503540767,80.66555643862475,668.9478623051928,-21.94255117839184,-48.95348359321428
6.825645294996696,1114.2791983440584,295.081459418204,88637.49803507907,-0.015266634912264621,-0.005030312570656019,-6.910195943994751e-08,-0.4419286263894839,-0.2970221589058009,-12.135752542778745,79.78522598119338,674.7549022865905,-21.94254550371582,-48.953476744217404
6.898029662716992,1119.6099031641177,295.12891596650974,88580.0574160059,-0.01594897817017669,-0.004937214027246857,-7.380908214603666e-08,-0.4286075165783395,-0.28943906609470493,-12.084671732222661,78.90868100802842,680.4983586940735,-21.942539843015624,-48.95346991764042
6.970414030437287,1124.8845969261645,295.1758493634989,88523.25001061069,-0.01610749763952847,-0.004926926633308105,-7.767417810646813e-08,-0.4158047394139325,-0.2823003648441401,-12.03434378846778,78.0357705739752,686.178500408671,-21.94253419593649,-48.95346311280987
7.057479019680295,1131.1550920177083,295.2316115342269,88455.75640389396,-0.01579597869090458,-0.0050055492279333265,-8.114941289756274e-08,-0.40254982278177925,-0.2753257977593915,-11.974391640046743,76.99056953486232,692.9271496087717,-21.94252742112985,-48.95345495577066
7.144544008923302,1137.3450423749925,295.286623668517,88389.1706288435,-0.015280836558577938,-0.005137027571501317,-8.359439251957036e-08,-0.3923851957204729,-0.27057842608609595,-11.914851493469252,75.95057652744568,699.5850252119926,-21.942520665090775,-48.95344682831489
7.231608998166309,1143.454722692641,295.3408895305176,88323.48812939643,-0.014927620816429817,-0.0052648678883610075,-8.549151125864271e-08,-0.3843399103433589,-0.26730288730955887,-11.851887572193712,74.91593594766567,706.1525827765862,-21.94251392748984,-48.95343872968676
7.3186739874093165,1149.4844209906346,295.39441297858724,88258.70423545949,-0.014985719348389045,-0.005344387398646617,-8.74739347692031e-08,-0.3788345449727404,-0.2656621574712671,-11.79364450960937,73.88659886211876,712.6302892626538,-21.942507208114066,-48.95343065931186
7.405738976652324,1155.4344158790295,295.4471977635522,88194.81440709488,-0.015531594714026193,-0.005354866471060009,-9.016389359461874e-08,-0.3738202509193141,-0.2641860200528646,-11.73645419574044,72.86234064475086,719.0185986161191,-21.942500506838034,-48.953422616764264
7.492803965895331,1161.3049703206154,295.4992474739086,88131.81430084634,-0.016483017502865776,-0.005300827535455719,-9.393420406154103e-08,-0.36818371308622655,-0.2620796776366915,-11.680597950447869,71.8429566332938,725.3179451368181,-21.942493823560195,-48.95341460167454
7.592617495654339,1167.9377083642073,295.5580186563289,88060.67863627723,-0.017843912631663034,-0.005188500554434737,-9.953052527491952e-08,-0.36015709789415284,-0.25835807716733755,-11.618401575189322,70.68015010037465,732.4307617300708,-21.942486183641815,-48.95340544622584
7.692431025413346,1174.46674060152,295.6158334053373,87990.70062284889,-0.019203345532952266,-0.005065812234144329,-1.059585454725232e-07,-0.34999874247871327,-0.25298497444371276,-11.555809870517468,69.52356864676193,739.4278254124099,-21.94247856685742,-48.95339632554902
7.7755445756045765,1179.8245257560327,295.66324893746355,87933.3096490792,-0.02016757715674486,-0.004984194925699334,-1.1145168083241189e-07,-0.3409468844868155,-0.24802629524801018,-11.5060740111709,68.56519620291749,745.1663178128763,-21.94247224175805,-48.953388756697436
7.858658125795807,1185.1108750910093,295.7100077284859,87876.7135838506,-0.020922069624486114,-0.004933975133384245,-1.168409040691401e-07,-0.33192845895760026,-0.24306458643411338,-11.458363929595658,67.61090741434961,750.825327738616,-21.9424659320474,-48.953381210653305
7.941771675987037,1190.325989825333,295.75611255476787,87820.90906669867,-0.021484514178076553,-0.004916316751017969,-1.2207752427526362e-07,-0.3232262351097891,-0.23831326052433427,-11.411526937704284,66.66052974118179,756.4051912006471,-21.942459637412856,-48.95337368680506
8.024885226178267,1195.4700562784542,295.801566043314,87765.89291794083,-0.02191189130013089,-0.004925558298752488,-1.2718973572034785e-07,-0.31516828207175884,-0.23400358943993255,-11.365450857799576,65.71398095463817,761.9062261337122,-21.942453357572372,-48.953366184589825
8.107998776369497,1200.5432571915355,295.8463707722128,87711.66201710132,-0.02227951723072496,-0.00495199270188602,-1.3225224997801115e-07,-0.3079156892575234,-0.2302396181068603,-11.320073328035809,64.77123283973766,767.3287445524936,-21.94244709227102,-48.95335870348773
8.191112326560727,1205.545780195486,295.89052934559066,87658.21321218886,-0.022667643018711374,-0.004983971899975444,-1.37384177176601e-07,-0.3014746827064879,-0.22701094064830107,-11.275376246546783,63.83224554337502,772.6730616228915,-21.94244084127356,-48.95335124301113
8.315732580240153,1212.9145265765399,295.9462152353052,87579.53083837908,-0.023436763735149805,-0.005018324197061107,-1.455122717763027e-07,-0.29252058560587013,-0.2225476561590845,-11.206996445754172,62.43143051570125,780.5404695879461,-21.942431494891572,-48.95334009447478
8.44035283391958,1220.1254349354617,295.99854976364276,87502.58920675,-0.024542458737132563,-0.0050148070718766214,-1.545291944848413e-07,-0.28491976054126356,-0.21889208531914647,-11.143177290984724,61.038842159073674,788.2338216846517,-21.942422179576305,-48.953328989966735
8.540527182482684,1225.8078135014182,296.03976446557726,87441.99581812715,-0.02568026182558569,-0.004979539705992616,-1.6258675701967559e-07,-0.27884134547224637,-0.21584889917254746,-11.093270713572505,59.92511953930545,794.2925218127575,-21.94241471373995,-48.95332009486656
8.640701531045789,1231.3888934967204,296.0802219437976,87382.51569124428,-0.026977353543538134,-0.0049224840812547195,-1.713269956184096e-07,-0.2725010884579909,-0.2125149470421971,-11.044669782898088,58.8163081169577,800.2399075021135,-21.9424072673651,-48.95331122687165
8.740875879608893,1236.868956957581,296.1199254642834,87324.144024495,-0.02834955824372967,-0.004855785598907149,-1.8062622482286105e-07,-0.26582719250292264,-0.20885601592051287,-10.997377002421405,57.71228962028955,806.0764588627387,-21.942399840164704,-48.95330238538651
8.841050228171998,1242.2482826396338,296.15887824189355,87266.8760914303,-0.029723518889361686,-0.0047914762071508115,-1.903582596849646e-07,-0.2589166733594245,-0.204959695666081,-10.951343243502382,56.61294696500308,811.8026484897167,-21.94239243181171,-48.95329356976699
8.941224576735102,1247.5271448715405,296.1970834323869,87210.70725248902,-0.03105636388874144,-0.004738037594764554,-2.0045051756263067e-07,-0.25196488037721,-0.20098022822979142,-10.906487559038856,55.5181595478517,817.4189402902507,-21.942385041948704,-48.953284779332435
9.060114994825014,1253.6622844379128,296.24146081663184,87145.46412410508,-0.03257730700316142,-0.004693022909781106,-2.1291977089836057e-07,-0.24351201908466905,-0.19602858269374193,-10.852634620494767,54.224695517161415,823.9425653800829,-21.942376294884603,-48.95327437826545
9.179005412914925,1259.6567370644361,296.2847946005035,87081.75528518626,-0.03406881711280579,-0.004665658626357287,-2.2605181010707517e-07,-0.2359870050229914,-0.1917041530055718,-10.802335378590643,52.937406320767636,830.3127776968373,-21.942367572734014,-48.953264010567686
9.297895831004837,1265.5109305170965,296.32708969197245,87019.57352008972,-0.03560044474575187,-0.004647870894663016,-2.400446217863601e-07,-0.22906504424530458,-0.18774738502832364,-10.75338101103772,51.6560534756342,836.5302987287303,-21.942358874929376,-48.953253675182744
9.416786249094748,1271.22527453588,296.3683508179159,86958.9118794141,-0.03724575657643491,-0.004629696630786467,-2.5508743787183403e-07,-0.22272239143635467,-0.18413435824071825,-10.705741949399924,50.380434437548,842.5958233426504,-21.94235020096325,-48.953243371155615
9.53567666718466,1276.8001635080748,296.408582544292,86899.76365033926,-0.03905999263130967,-0.004602898337210087,-2.7131179822549205e-07,-0.21684331803305334,-0.18077658802070679,-10.65942280801773,49.11038827435399,848.5100227498442,-21.942341550382093,-48.95323309762503
9.70051868765977,1284.2997627366829,296.4626691729534,86820.2461006313,-0.04189815354299368,-0.004544549951998158,-2.9586812883386926e-07,-0.20920986736924893,-0.1763633719893809,-10.597410416094059,47.358397258527354,856.4609395008624,-21.942329594219597,-48.95321890230171
9.837442722800224,1290.326665729439,296.50610576212387,86756.38611852494,-0.04454523493073672,-0.004476370148722595,-3.180522316329509e-07,-0.20277925132621644,-0.17249086064803615,-10.546413539147185,45.910859018035985,862.8462645431198,-21.9423196957646,-48.95320715308921
9.974366757940679,1296.1703534077528,296.5481971917406,86694.50377477998,-0.04743200413846068,-0.004394752456130934,-3.4176366317502836e-07,-0.19682962041867055,-0.1689091868890841,-10.498752700215894,44.47007085724185,869.0338465961504,-21.942309826403257,-48.953195440756325
10.111290793081134,1301.831365696398,296.58894964565866,86634.58997796266,-0.05053192611350279,-0.004305856944627696,-3.669752446567188e-07,-0.191016388251129,-0.1653522400361901,-10.452824529467797,43.03572340203947,875.0245947074993,-21.94229998550898,-48.95318376419205
10.248214828221588,1307.3102135344764,296.62836901716236,86576.63606383305,-0.053833105273361166,-0.00421466456010925,-3.9376815956536506e-07,-0.18540381425891828,-0.16187813111872065,-10.408562728002416,41.607541281546986,880.8193752098234,-21.94229017247209,-48.95317212232678
10.385138863362043,1312.6073809099028,296.666460925001,86520.63377176948,-0.05734529277464572,-0.00412350574286494,-4.223058045530747e-07,-0.18007390698469972,-0.1585549100426553,-10.365894280321427,40.18529627948605,886.4190140782135,-21.94228038670933,-48.953160514143434
10.58057533092764,1319.854405841615,296.71854192936894,86444.06486821292,-0.06278629853261064,-0.00399169298846802,-4.6641913464018533e-07,-0.17306129792773683,-0.15415943449200592,-10.307626809471735,38.16514940702787,894.0750972967073,-21.94226646530805,-48.95314400184308
10.721490233162271,1324.8513758319318,296.75443109038827,86391.30102960877,-0.06708030353488273,-0.0038924055176870315,-5.009699501914975e-07,-0.16850498482310888,-0.15129996254267122,-10.26744567363944,36.715495685682335,899.3509249567189,-21.942256460534868,-48.95313213593741
10.862405135396902,1329.6575736908694,296.78893335409066,86340.57619175337,-0.07174246409226881,-0.0037858618343258443,-5.379299596716401e-07,-0.16413433843683448,-0.1485025382249965,-10.227860709058707,35.27147046208802,904.4228740356166,-21.94224648275253,-48.95312030244361
11.003320037631532,1334.27345802805,296.82205397022733,86291.8826365219,-0.07682753871555827,-0.0036686093980100873,-5.772613411569901e-07,-0.16042994344458933,-0.14618968021500234,-10.190650526193174,33.83283725692995,909.2917162645128,-21.942236531491897,-48.953108500557015
11.144234939866163,1338.6994770299596,296.8537980291401,86245.21288015145,-0.08238928208810302,-0.0035377413091016515,-6.187711328301652e-07,-0.15712214632977406,-0.1441375109752688,-10.154817654599716,32.3993659523523,913.9581999408161,-21.94222660631954,-48.95309672953852
11.332717052099499,1344.3234669301225,296.8941140555966,86185.94071405183,-0.09066543456545006,-0.003337404570774445,-6.770391085468949e-07,-0.15328777675140903,-0.14179011085080273,-10.10895719013394,30.489726761572157,919.884791744027,-21.942213370946998,-48.953081032237
11.521199164332835,1349.609525546812,296.9319871383278,86130.26013618612,-0.1000247403342613,-0.0031038442589411542,-7.37104881529488e-07,-0.15009850309447273,-0.13989079237808422,-10.065346571011744,28.588509589862912,925.4522625839221,-21.94220018082686,-48.95306538767742
11.70968127656617,1354.5585837922097,296.9674277508897,86078.15574845075,-0.11060687029582872,-0.0028338981923042793,-7.966099003005183e-07,-0.14752418406598172,-0.1384306122442729,-10.023846919699498,26.69531076927392,930.6621521085378,-21.942187035375625,-48.95304979479714
11.898163388799507,1359.1715418395345,297.00044588890387,86029.61285539594,-0.12255213221672938,-0.002525341926651244,-8.521564188263372e-07,-0.1455597446170546,-0.13741849493026576,-9.984289353474727,24.809752069951323,935.5159297079488,-21.942173934145874,-48.95303425273702
12.086645501032843,1363.4492766219391,297.0310511268489,85984.61738073143,-0.13601798922820618,-0.0021751848111932585,-8.989605261964917e-07,-0.1442132939837838,-0.13687159331590903,-9.94647301757226,22.931483835904743,940.0150028627921,-21.942160876817457,-48.95301876082316
12.310343332482663,1368.0924106387495,297.0642559589241,85935.80001217978,-0.15423739357937474,-0.001698410532004115,-9.332343951204131e-07,-0.1434107669784875,-0.13683069975915596,-9.903537566884381,20.71132034394833,944.8962251185521,-21.94214543660323,-48.953000438851845
12.534041163932484,1372.2659573048586,297.09408956333925,85891.93898440333,-0.17523366187117626,-0.0011440716399963309,-9.271579204539649e-07,-0.14328809865992442,-0.1372896089903455,-9.862045969945905,18.50058792330644,949.2818655431568,-21.942130057920725,-48.95298218641649
12.757738995382304,1375.9713031201575,297.1205660122001,85853.01360875154,-0.19941384037590115,-0.0004975264316668961,-8.532684266927862e-07,-0.14394664371507862,-0.1383528102192818,-9.822158174679627,16.298944245485767,953.1739927835705,-21.942114740986558,-48.95296400346756
12.938619646431505,1378.6260203086717,297.1395292478762,85825.13407414532,-0.22158753453036362,0.00010397653143325127,-7.166003260502106e-07,-0.14478910596260725,-0.1394170689939832,-9.790505494067839,14.525177112097099,955.9616523571556,-21.942102401267153,-48.95294935185108
13.119500297480705,1380.9762721779914,297.1563134585308,85800.4581174797,-0.24634359292504238,0.0007853319875240825,-4.784838787458336e-07,-0.14573197982004163,-0.14050248637783558,-9.759085377168327,12.757110451005468,958.4289879066116,-21.942090102533076,-48.95293474612695
13.300380948529906,1383.0228266447928,297.1709256459459,85778.97544481402,-0.2738955453083337,0.0015553567212299912,-9.796519536318639e-08,-0.14658946751121188,-0.14143654665694935,-9.72756247893761,10.994731786656876,960.577028717495,-21.942077845115907,-48.952920186608765
13.481261599579106,1384.7664834301575,297.183372837925,85760.67572395103,-0.30445881123524043,0.002423446847124871,4.784071513103592e-07,-0.14717199248846238,-0.14204093219257985,-9.695503446851534,9.238098806749957,962.4068079006167,-21.942065629297854,-48.95290567357717
13.662142250628307,1386.2080879897514,297.1936621893505,85745.54843586362,-0.3382651411352771,0.003400389976809739,1.319648975660071e-06,-0.14730052334698004,-0.14214417664196868,-9.66229682379469,7.4873613278898405,963.9193772478047,-21.942053455256556,-48.95289120721651
13.843022901677507,1387.3485477427253,297.2018010996511,85733.58270199531,-0.37559037346233015,0.004499565800779978,2.5137056672401216e-06,-0.14707181004524855,-0.14183464892860978,-9.627349857068335,5.742776471565254,965.1158245000292,-21.94204132303853,-48.95287678758514
13.990007227495923,1388.0541894120392,297.20683646278843,85726.1797680635,-0.4087523183830492,0.0054950776503198285,3.819996451968211e-06,-0.14613947036779187,-0.1408050656867707,-9.596355212305003,4.329963635823616,965.8560398565278,-21.94203149506281,-48.95286510447014
14.136991553314338,1388.562228287308,297.2104615412358,85720.85021873188,-0.44473425583731935,0.00659576504731802,5.504645522286245e-06,-0.1444120205177296,-0.13894006701931536,-9.562212225889454,2.9219174302367232,966.3889386092196,-21.94202169440984,-48.952853451930636
14.283975879132754,1388.8733391174708,297.212681362297,85717.5866629151,-0.4838794549874555,0.007817576726240168,7.652824438113705e-06,-0.14139265459975237,-0.13573501330869941,-9.523882549562268,1.5191827069163142,966.7152597887164,-21.9420119207017,-48.95284182958865
14.342857142857143,1388.9428932804094,297.21317763201483,85716.85705278907,-0.5005377743245588,0.008345334733689258,8.665562382281709e-06,-0.1396625550947001,-0.1339145627954467,-9.507160828563649,0.9588911187070417,966.7882131102666,-21.942008012821145,-48.95283718206401
14.347411346031434,1388.9468688343734,297.2132059975328,85716.81535012543,-0.5018528523657729,0.00838720646800039,8.748139228693106e-06,-0.13951108155837957,-0.1337556591962104,-9.505834316738241,0.9155996179117221,966.7923829370307,-21.94200771075178,-48.95283682280973
14.351965549205724,1388.9506564434685,297.2132330220565,85716.77561897632,-0.503171536663273,0.00842922307440837,8.831305938946405e-06,-0.13935709817149888,-0.13359418899614994,-9.504502722275408,0.8723141814682064,966.7963556331229,-21.94200740870732,-48.952836463583445
14.361073955554305,1388.9578558257483,297.21328438949337,85716.7000991516,-0.5058161854499775,0.008513548304588059,8.998828936929714e-06,-0.13904433128695173,-0.1332663723027592,-9.501820455940193,0.7857555241432973,966.8039068195178,-21.94200680466814,-48.95283574518684
14.370182361902886,1388.9643036388675,297.2133303944695,85716.63246315603,-0.5084754475756664,0.008598460396346147,9.168745367742445e-06,-0.13872108394489924,-0.13292784406806957,-9.499117711425354,0.6992213912278488,966.8106697061006,-21.94200620072832,-48.95283502690201
14.379290768251467,1388.9700000952528,297.21337103851073,85716.57270874635,-0.5111494288423243,0.008683965021187985,9.341083921920624e-06,-0.13838704068564367,-0.13257828733783236,-9.496394441529716,0.6127119694841366,966.816644517178,-21.942005596887608,-48.95283430872869
14.443906519327202,1388.9888581383254,297.21350558990474,85716.37489280874,-0.5305500406487689,0.009308039819037243,1.0635723310732436e-05,-0.1356784348147703,-0.12975282929026866,-9.476484955763656,-0.00026767971047754745,966.8364240256986,-21.94200131601449,-48.95282921712635
14.470374831737283,1388.985687435256,297.2134829670809,85716.40815262846,-0.5387210821282162,0.009572854624978531,1.1204155448202406e-05,-0.1343782104948667,-0.12840124854690685,-9.46803315180119,-0.2509829500657506,966.833098394329,-21.941999563868006,-48.95282713306313
14.5614588952231,1388.9264868503706,297.2130605722642,85717.02915271041,-0.5678760040962537,0.010527464185650271,1.3343355167543817e-05,-0.12888665826341955,-0.12271721304941084,-9.437695200254005,-1.1120032406082163,966.7710049322928,-21.941993540408774,-48.95281996818602
14.652542958708915,1388.7926382756289,297.2121055566161,85718.43320591445,-0.5986992379170891,0.011553687075473105,1.579220939723435e-05,-0.1214826830134554,-0.11509630615432628,-9.4056658645754,-1.9701810483832882,966.6306144124596,-21.941987526084468,-48.95281281365409
14.743627022194731,1388.5843974377467,297.2106197236157,85720.61766078605,-0.6312455805692171,0.01265713995716039,1.8587394512080356e-05,-0.11171333095160739,-0.10508560394531216,-9.37252383778857,-2.825386443330658,966.4121919523332,-21.941981520324013,-48.95280566886911
14.864491114126256,1388.1936745358655,297.2078317680173,85724.71648157353,-0.677095497316798,0.014248679624399383,2.289847615296915e-05,-0.0943966142890305,-0.08740969300024655,-9.328473926162918,-3.9555175921415544,966.0023530805584,-21.94197356289859,-48.952796201772564
14.98535520605778,1387.6730556658201,297.20411678785274,85730.17820339298,-0.7257911038319507,0.01599165598907385,2.7984885490539524e-05,-0.07125930603769273,-0.06387039354457219,-9.287327021343508,-5.0804621482226695,965.4562384723613,-21.941965616886442,-48.95278674797143
15.106219297989306,1387.0231287718445,297.1994788354395,85736.99686857304,-0.7768211527556885,0.01788587333152175,3.394104437711085e-05,-0.042280014225302635,-0.03443191553143702,-9.253558551306016,-6.200829008623946,964.7744438320718,-21.941957679197873,-48.95277730419205
15.22708338992083,1386.2443824882848,297.19392121982173,85745.1676121946,-0.8292525612066497,0.019920649905178167,4.084711764697747e-05,-0.008259555590644507,0.00012754819292579156,-9.232643641362754,-7.317831193071574,963.9574556003231,-21.941949745977947,-48.95276786634363
15.347947481852355,1385.337131359978,297.1874459732369,85754.68744648494,-0.8816223000126517,0.022071292469212404,4.875021667464894e-05,0.027911101179382447,0.036975242660007346,-9.230510671608508,-8.43337860040302,963.0055725228895,-21.94194181273025,-48.95275842965592
15.46881157378388,1384.3014341402286,297.180053267702,85765.55611854668,-0.9318349931545993,0.02429536610215701,5.7637193941536466e-05,0.061505057098271365,0.07146699911146648,-9.252582772571188,-9.550078876038285,961.918819886843,-21.941933874664443,-48.95274898906124
15.568375877584607,1383.351591054952,297.1732727136704,85775.52481239206,-0.9696097449002464,0.02613815745210435,6.562507476414664e-05,0.08248118888879663,0.09342650753784021,-9.291650979833086,-10.473085544241615,960.9220555854785,-21.941927328707028,-48.95274120588896
15.667940181385335,1382.3140626682214,297.16586547974737,85786.41484392584,-1.0020428210057273,0.02793904560218794,7.408172626287875e-05,0.09220188171566335,0.10443336293771921,-9.350093043730531,-11.400949270454849,959.8331672273848,-21.941920774512692,-48.952733414891604
15.767504485186063,1381.1883261008518,297.1578276392192,85798.23198615786,-1.0267878869972151,0.029636398148898867,8.280131637740456e-05,0.08522051780252582,0.09912333946046203,-9.426115502734149,-12.335530847652668,958.6515775724386,-21.941914211136893,-48.952725615174955
15.842857142857143,1380.2772864138187,297.1513220936162,85807.79636572204,-1.0387730624433646,0.030806704586773453,8.939761080576382e-05,0.06552930240812316,0.08099982058161004,-9.492746627399299,-13.04828380255529,957.6952404371845,-21.941909237948355,-48.95271970671633
15.84784680348706,1380.2156079916942,297.150881639564,85808.44391628787,-1.0387730624433646,0.030806704586773457,8.939761080576384e-05,-15.025616507007351,-14.331019792179436,14.396254401122494,-12.976450839276033,957.6304922066381,-21.94190891169323,-48.95271931896338
15.852836464116978,1380.154264503305,297.15044357464984,85809.08795436985,-1.0387730624433646,0.030806704586773457,8.939761080576382e-05,-14.790502729801883,-14.105104865674907,14.106453333735864,-12.906063904969058,957.5660951874507,-21.941908588594263,-48.952718934778346
15.862815785376812,1380.0322345168922,297.1495721285927,85810.36914450652,-1.0387730624433644,0.030806704586773457,8.939761080576382e-05,-14.333465321631069,-13.665970430801549,13.542970532860364,-12.768102171887762,957.4379896792145,-21.94190794861123,-48.95271817343481
15.872795106636646,1379.9114915218606,297.1487098628874,85811.63683779372,-1.0387730624433646,0.030806704586773453,8.939761080576382e-05,-13.89823039364444,-13.247806055745777,13.007024876040798,-12.635626779843193,957.3112337136544,-21.941907320865273,-48.95271742592808
15.88277442789648,1379.7919844462683,297.1478564131355,85812.89156996593,-1.0387730624433646,0.030806704586773457,8.939761080576384e-05,-13.483428564946392,-12.849293320477221,12.496894945061182,-12.508370964404554,957.1857737229641,-21.941906704980898,-48.952716691836805
15.925868824270825,1379.2890479504597,297.1442646236137,85818.17217829576,-1.0387730624433646,0.030806704586773453,8.939761080576384e-05,-11.899151511941497,-11.327412407279887,10.555858873692896,-12.01345553235759,956.6577685545543,-21.94190417380596,-48.952713667095225
15.96896322064517,1378.8048018327386,297.1408061448633,85823.25679463735,-1.0387730624433646,0.030806704586773457,8.939761080576384e-05,-10.590297460255313,-10.070329719283484,8.963365319786558,-11.594114853379674,956.1493605189526,-21.94190183164493,-48.952710856410405
16.012057617019515,1378.3364594198506,297.1374610923111,85828.17465306511,-1.0387730624433646,0.030806704586773457,8.939761080576382e-05,-9.496602025793415,-9.020043594712345,7.643767423902195,-11.23723638877193,955.6576265168853,-21.941899657758047,-48.95270823650243
16.055152013393858,1377.881686122732,297.13421280623805,85832.9502465098,-1.0387730624433649,0.03080670458677346,8.939761080576384e-05,-8.573154225720032,-8.133339468659912,6.540626419467807,-10.932371122307341,955.180117513464,-21.941897634618147,-48.95270578769489
16.119623762476905,1377.2224358637372,297.1295037531439,85839.87344310673,-1.0387730624433646,0.030806704586773457,8.939761080576382e-05,-7.437579513926901,-7.0430256177406045,5.203803559832338,-10.555388988169863,954.4878708333896,-21.941894857369853,-48.95270240770024
16.184095511559953,1376.5839358979065,297.1249426271154,85846.57915900499,-1.0387730624433646,0.030806704586773457,8.939761080576382e-05,-6.527048990094988,-6.168785108934754,4.15512693185867,-10.254874708261235,953.8173699306457,-21.941892344004756,-48.95269932811608
16.248567260643,1375.9620305937465,297.1204997677402,85853.1110006072,-1.0387730624433646,0.030806704586773457,8.939761080576382e-05,-5.785098439473684,-5.456331291993016,3.323389808587938,-10.014810105018302,953.1642546246449,-21.94189006184136,-48.952696512247236
16.313039009726047,1375.3533618725978,297.1161512047939,85859.50420866624,-1.0387730624433644,0.03080670458677346,8.939761080576384e-05,-5.171445064622969,-4.866951355272199,2.6574228756049534,-9.822776150265645,952.5250012115787,-21.941887983847927,-48.95269392974471
16.377510758809095,1374.7552890071809,297.1118780873165,85865.7864976501,-1.0387730624433646,0.030806704586773457,8.939761080576382e-05,-4.657265352420165,-4.372955056690773,2.120533869334854,-9.669351899457808,951.8968385368003,-21.941886087973458,-48.95269155585701
16.49586366012199,1373.678150481056,297.1041814977627,85877.10193655944,-1.0387730624433646,0.030806704586773457,8.939761080576382e-05,-3.9053546050762518,-3.650113981250578,1.3849393257737377,-9.464655825769341,950.7654139255055,-21.941883022047794,-48.95268767411397
16.614216561434887,1372.6199019216697,297.09661908489187,85888.22011042698,-1.0387730624433646,0.030806704586773457,8.939761080576382e-05,-3.3311172834879774,-3.097475561836313,0.8808337318116684,-9.33277412693237,949.6537137389585,-21.941880417803755,-48.95268432484041
16.732569462747783,1371.5735477448784,297.089140891747,85899.21446540608,-1.0387730624433646,0.03080670458677346,8.939761080576384e-05,-2.8785661903545243,-2.661364521237444,0.5332240881400895,-9.250315550914115,948.5543941360401,-21.941878203891957,-48.95268142810355
16.85092236406068,1370.5345450017871,297.0817144716598,85910.13270422131,-1.0387730624433644,0.030806704586773457,8.939761080576382e-05,-2.5131266749061556,-2.3086624718635624,0.29519540619309975,-9.202125622309326,947.4626853471461,-21.94187632593934,-48.952678923078444
16.969275265373575,1369.4997174356,297.0743171345531,85921.00818556754,-1.0387730624433646,0.030806704586773457,8.939761080576382e-05,-2.2117759111043283,-2.017341443471297,0.13438100454285262,-9.177371265172418,946.3752518544284,-21.941874739447606,-48.95267676006059
17.08762816668647,1368.4668237119754,297.0669328651842,85931.86445487347,-1.0387730624433646,0.030806704586773457,8.939761080576382e-05,-1.9588164254091502,-1.7724000102803916,0.02782659047097901,-9.168200094149805,945.2897393632215,-21.941873407305525,-48.952674897656216
17.26904640868634,1366.884208888738,297.05561711444005,85948.50074363,-1.0387730624433646,0.030806704586773457,8.939761080576382e-05,-1.6413674974068744,-1.464406191014358,-0.06512553973402559,-9.172573419935302,943.6262858559794,-21.941871789912422,-48.95267254942873
17.450464650686207,1365.299966240185,297.04428794818455,85965.15675571971,-1.0387730624433646,0.030806704586773457,8.939761080576384e-05,-1.3872009952238074,-1.2172658411145756,-0.10522284273601329,-9.188575898908368,941.9608602233282,-21.9418706071461,-48.952670726257644
17.631882892686075,1363.7127765283967,297.0329359244262,85981.84637265146,-1.0387730624433649,0.030806704586773457,8.939761080576382e-05,-1.1802563608404872,-1.0156600110354381,-0.11564401888468182,-9.208934453929084,940.292074460713,-21.941869785711514,-48.95266934687205
17.813301134685943,1362.122260379655,297.0215583189837,85998.57359948594,-1.0387730624433646,0.030806704586773457,8.939761080576382e-05,-1.0098565767802337,-0.849395606253268,-0.1104600909703448,-9.229622936999402,938.619528104281,-21.94186926564972,-48.952668344912226
17.99471937668581,1360.5285482283714,297.01015605366814,86015.33708098688,-1.0387730624433646,0.03080670458677346,8.939761080576384e-05,-0.8685372175609782,-0.7113314137232147,-0.09800439467249088,-9.248606784044753,936.9433566633768,-21.941868997518302,-48.95266766574388
18.26075573939452,1358.1865315115374,296.99339675355895,86039.97641445036,-1.0387730624433646,0.030806704586773457,8.939761080576381e-05,-0.7028544402667731,-0.5492719338211441,-0.07583817943150083,-9.271803555843752,934.4796830480777,-21.94186897668145,-48.95266716169114
18.526792102103226,1355.8399303173921,296.97660074886664,86064.66971057684,-1.0387730624433646,0.030806704586773453,8.939761080576382e-05,-0.5755401423190496,-0.42461235865408803,-0.055099569409672144,-9.28920991402004,932.0106137353173,-21.941869307163742,-48.95266714175522
18.792828464811933,1353.490096869248,296.9597776980595,86089.40276959541,-1.0387730624433646,0.030806704586773457,8.939761080576382e-05,-0.4774254983998112,-0.32847822425562667,-0.0383910194174582,-9.301494469284828,929.5375685524983,-21.94186990861486,-48.952667517454486
19.05886482752064,1351.1382329267801,296.9429361909955,86114.16296279398,-1.0387730624433646,0.030806704586773457,8.939761080576382e-05,-0.40179047087541564,-0.25433512674946557,-0.02565907146718262,-9.309884124280835,927.0618102377111,-21.941870719965387,-48.95266822160655
19.337758339263583,1348.6714670109895,296.92526766628947,86140.13902797597,-1.0387730624433646,0.030806704586773457,8.939761080576382e-05,-0.3410365019923057,-0.19476110790591716,-0.015946440144945208,-9.315608316948333,924.4644775414765,-21.941871744455113,-48.95266925587193
19.616651851006527,1346.2041110097998,296.90759059827246,86166.127653437,-1.0387730624433646,0.030806704586773457,8.939761080576382e-05,-0.2947799564290266,-0.14939546288594632,-0.009204202881174536,-9.319062023630451,921.8658889497387,-21.941872905724612,-48.952670547847845
19.89554536274947,1343.7366629874573,296.8899085526677,86192.12359689138,-1.0387730624433646,0.030806704586773457,8.939761080576382e-05,-0.25957118798870915,-0.1148628640474011,-0.004630722839673568,-9.320950616157862,919.2665686358076,-21.94187417195355,-48.95267206255565
20.174438874492413,1341.2694683601544,296.8722240043881,86218.12321974992,-1.0387730624433646,0.030806704586773457,8.939761080576382e-05,-0.23277731819170797,-0.08858432428454087,-0.001560850531618158,-9.321790159561823,916.6668804202438,-21.94187551888789,-48.95267377333583
20.73080512834032,1336.3492365552797,296.83694349041974,86269.99223234388,-1.0387730624433646,0.030806704586773457,8.939761080576382e-05,-0.1970787879816467,-0.05357877415073296,0.0018761999917236301,-9.321631156960157,911.480525928604,-21.941878379099002,-48.952677697278695
21.28717138218823,1331.4319882454702,296.801667201337,86321.85503355878,-1.0387730624433646,0.030806704586773457,8.939761080576382e-05,-0.17609149796634532,-0.033009274335382824,0.0037862769100182668,-9.32039689501055,906.2947925093937,-21.94188138804473,-48.952682211942545
21.84353763603614,1326.5180160223238,296.7663972625771,86373.7084986009,-1.0387730624433646,0.030806704586773457,8.939761080576382e-05,-0.16386646216863754,-0.021041534132405535,0.004651077919590526,-9.318498178771655,901.1099926090446,-21.94188449127024,-48.952687257420884
22.399903889884047,1321.6074006948966,296.7311342824898,86425.55173308119,-1.0387730624433646,0.030806704586773457,8.939761080576382e-05,-0.15690635146297757,-0.01424627665765887,0.004494357109879988,-9.316016974084475,895.9262156570369,-21.941887656799913,-48.952692798488066
22.982258984351557,1316.4712649634537,296.6942335126842,86479.80282748103,-1.0387730624433646,0.030806704586773457,8.939761080576382e-05,-0.1526786641331405,-0.010135767502225331,0.004161356378181785,-9.313303686989421,890.5016780950866,-21.941891013283133,-48.95269910314563
23.564614078819066,1311.3392124419192,296.6573433479619,86534.03833040743,-1.0387730624433646,0.030806704586773457,8.939761080576382e-05,-0.15040791524172692,-0.00794395849584222,0.004145992055158364,-9.310735633533021,885.0786995161316,-21.94189440310874,-48.95270591219709
24.146969173286575,1306.2112319857158,296.6204637455795,86588.25830470113,-1.0387730624433646,0.030806704586773457,8.939761080576382e-05,-0.1491576116593424,-0.006752364603049863,0.004376264223132628,-9.308285817401078,879.6572736367528,-21.94189781773358,-48.95271321613453
24.44013637532533,1303.6312289252162,296.6019017090419,86615.5480008717,-1.0387730624433646,0.030806704586773457,8.939761080576382e-05,-0.14872954303656694,-0.006350695958476186,0.004445596413073901,-9.307028111379909,876.9285916890583,-21.94189954442075,-48.95271707845433
24.733303577364087,1301.052222174905,296.5833421066868,86642.83411833465,-1.0387730624433646,0.030806704586773457,8.939761080576382e-05,-0.14838475540814222,-0.006031503678746136,0.004432035938504625,-9.305728268829549,874.2002675744059,-21.941901275802543,-48.95272106439506
25.026470779402842,1298.474230328928,296.5647850769389,86670.11645357967,-1.0387730624433646,0.030806704586773457,8.939761080576382e-05,-0.14812095191792324,-0.005791886405369958,0.004415057684426974,-9.3044267034605,871.4723216416753,-21.941903011850805,-48.95272517391121
25.31635758698368,1295.9260862271872,296.5464382495083,86697.08975175531,-1.0387730624433646,0.030806704586773457,8.939761080576382e-05,-0.14792091545863678,-0.005614590990362573,0.004411159188261134,-9.303146430732538,868.775276158224,-21.941904732888595,-48.952729358746964
25.60624439456452,1293.3789349111455,296.5280939498796,86724.05933358516,-1.0387730624433646,0.030806704586773457,8.939761080576382e-05,-0.14776570927571972,-0.005481308787707294,0.004410824216794382,-9.301868285415491,866.0786022701789,-21.94190645817408,-48.95273366403072
25.89613120214536,1290.8327746111609,296.50975216981504,86751.02521118021,-1.0387730624433646,0.030806704586773457,8.939761080576382e-05,-0.14764410222615018,-0.0053810417926705946,0.004409576178605928,-9.30059009208527,863.3822987665629,-21.94190818760464,-48.95273808963387
26.4778552255855,1285.726309978861,296.472952802354,86805.12722500012,-1.0387730624433646,0.030806704586773457,8.939761080576382e-05,-0.14746924072859174,-0.00524779933645015,0.0044052372216111055,-9.29802570727153,857.9726676911025,-21.94191167031062,-48.952747333204115
27.059579249025642,1280.6238279888273,296.43616357687375,86859.21432819447,-1.0387730624433646,0.030806704586773457,8.939761080576382e-05,-0.14735567939152372,-0.005174773488683442,0.0044006590697573955,-9.295463513663572,852.5645275210218,-21.94191516902708,-48.952757060355175
27.641303272465784,1275.5253226882883,296.39938448671126,86913.28653055926,-1.0387730624433646,0.030806704586773457,8.939761080576382e-05,-0.14727392999838873,-0.005132979783678536,0.004396955398359079,-9.292904325964415,847.1578772768237,-21.941918683480925,-48.95276727065888
28.26712362246726,1270.0447690210824,296.35982874149147,86971.44093978382,-1.0387730624433646,0.030806704586773457,8.939761080576382e-05,-0.14720484052757504,-0.005106516593417877,0.0043931941477026995,-9.290154255836546,841.3430493784876,-21.94192248175548,-48.952778794088836
28.892943972468736,1264.5688018821786,296.32028469850616,87029.57814451565,-1.0387730624433646,0.030806704586773457,8.939761080576382e-05,-0.147147112079446,-0.005091186086486181,0.004388610915801373,-9.287406940134598,835.5299417480653,-21.941926298001405,-48.95279087612197
29.51876432247021,1259.0974131516105,296.2807523439772,87087.69816501107,-1.0387730624433646,0.030806704586773457,8.939761080576382e-05,-0.14709569983799556,-0.005082027554686377,0.004383032052333161,-9.284662327708292,829.7185523601413,-21.941930132167307,-48.952803516542254
30.598327565013655,1249.6698023061392,296.2125850000024,87187.91702311214,-1.0387730624433646,0.030806704586773457,8.939761080576382e-05,-0.14701498550112,-0.005073973120064165,0.004371412173499524,-9.279934338023402,819.697722988886,-21.941936788284302,-48.95282663356632
31.677890807557098,1240.2557500884927,296.1444523261264,87288.08490962602,-1.0387730624433646,0.030806704586773457,8.939761080576382e-05,-0.14693925445358103,-0.005070701168290838,0.0043564565459860375,-9.275214270523444,809.6819902390412,-21.941943497556885,-48.95285141073393
32.75745405010054,1230.8552146748539,296.0763542478771,87388.20193404087,-1.0387730624433646,0.030806704586773457,8.939761080576382e-05,-0.14686370881671804,-0.005067511194540001,0.0043358520577182775,-9.270500962892577,799.6713431629469,-21.941950259913767,-48.95287784715088
33.70000086032078,1222.6588008469187,296.0169273052184,87475.57075298569,-1.0387730624433646,0.030806704586773457,8.939761080576382e-05,-0.1467969522608063,-0.005063846243906116,0.0043148884268686865,-9.266392204843253,790.9353822509684,-21.941956207378848,-48.952902284372925
36.6827193555532,1196.788359623928,295.8132109919561,87751.79806521846,-1.0387730624433646,0.030806704586773457,8.939761080576382e-05,-0.14659016875345554,-0.005055418716320659,0.00431414730921718,-9.253470936214748,763.3155628276238,-21.94197529452286,-48.95298793713222
39.66543785078563,1171.0196458895953,295.5853139300181,88027.64088965522,-1.0387730624433646,0.030806704586773457,8.939761080576382e-05,-0.14638547000862784,-0.005048055200481075,0.0042992441952750165,-9.240614686737413,735.7341881308766,-21.94199478585479,-48.95308622451118
42.648156346018055,1145.3518281079894,295.3577328769061,88303.10122224955,-1.0387730624433646,0.030806704586773457,8.939761080576382e-05,-0.14618216608678047,-0.005041039756220768,0.004276332013046517,-9.227825895179283,708.1910585864036,-21.94201468081603,-48.953197130003446
47.15331470837815,1106.7721614367122,295.0145858437279,88718.44070062641,-1.0387730624433646,0.030806704586773457,8.939761080576382e-05,-0.14587734356938467,-0.005030639535502511,0.004239411956404669,-9.208642360410927,666.6614889742311,-21.942045494733396,-48.95338853498611
51.65847307073824,1068.4180054157575,294.67215034182703,89132.91895334492,-1.0387730624433646,0.030806704586773457,8.939761080576382e-05,-0.1455751817574315,-0.00502045559221421,0.004200972397323359,-9.189617308790089,625.2180328494388,-21.942077226281423,-48.953608632033024
56.16363143309833,1030.2865305335947,294.3304200305366,89546.54365504316,-1.0387730624433646,0.030806704586773457,8.939761080576382e-05,-0.14527507197966522,-0.005009860789972568,0.004169756002443015,-9.170752810075538,583.8599228291257,-21.942109873284828,-48.95385735708268
60.66878979545842,992.3749994652964,293.9893890102821,89959.3219464681,-1.0387730624433646,0.030806704586773457,8.939761080576382e-05,-0.14497766255816552,-0.004999623194932808,0.004133116148765438,-9.152040253697324,542.5864449138584,-21.942143433708424,-48.954134650529426
61.18109114016827,988.0539355280846,294.0155516724181,90006.46705120365,-1.0387730624433646,0.030806704586773457,8.939761080576382e-05,-0.13997769757587833,-0.0022821154847144243,0.004219098223769803,-9.149892453551827,537.8983947273306,-21.942147304912233,-48.95416798354322
61.23641165598397,987.5706639921074,294.0188088672421,90011.74104418355,-1.0387730624433646,0.030806704586773457,8.939761080576382e-05,-0.13499610621984348,0.00044074265786074964,0.0043126733987516,-9.149655652906649,537.3922245605088,-21.942147723415783,-48.95417160458374
61.29173217179967,987.0874280159816,294.02206597691634,90017.01489929049,-1.0387730624433646,0.030806704586773457,8.939761080576382e-05,-0.13025246599829757,0.0030334819859547998,0.004403995026827602,-9.149414297349422,536.8860676260074,-21.94214814189986,-48.954175229612986
61.347052687615374,986.6042278396117,294.02532299979526,90022.28861386,-1.0387730624433646,0.030806704586773457,8.939761080576382e-05,-0.12575375891266027,0.005492275858050941,0.004492242602821414,-9.149168169712663,536.3799241795516,-21.942148560298918,-48.95417885850159
61.45769371924678,985.6379361679499,294.0318367764111,90032.83560720886,-1.0387730624433646,0.030806704586773457,8.939761080576382e-05,-0.11744939305075504,0.010030829598597886,0.004658118422298334,-9.148662089305212,535.367679111494,-21.942149396502977,-48.95418612718821
61.56833475087818,984.6717905934753,294.03835018595987,90043.3820062092,-1.0387730624433646,0.030806704586773457,8.939761080576382e-05,-0.11000572937427154,0.014098626692298152,0.004808684658996571,-9.148138709995028,534.3554910858875,-21.942150231602593,-48.95419340980443
61.67897578250958,983.7057927370589,294.0448632172772,90053.9277927838,-1.0387730624433646,0.030806704586773457,8.939761080576382e-05,-0.10333974618890945,0.01774104099353392,0.004943517417822965,-9.147599625293639,533.3433618376896,-21.94215106517374,-48.95420070551373
62.08562014595201,980.1567029917977,294.0687974895975,90092.68174857015,-1.0387730624433646,0.030806704586773457,8.939761080576382e-05,-0.08441805046291312,0.02807669654274829,0.005312753397217032,-9.145508756308434,529.6239605528945,-21.94215411029056,-48.95422762159463
62.49226450939443,976.6096806053148,294.09272615203383,90131.42662093048,-1.0387730624433646,0.030806704586773457,8.939761080576382e-05,-0.07200503251123344,0.03485125130477251,0.005522256873495859,-9.1432967342664,525.9054310476569,-21.94215711497307,-48.95425467548655
62.898908872836856,973.0647644151071,294.11664893009913,90170.16196541993,-1.0387730624433646,0.030806704586773457,8.939761080576382e-05,-0.06373068042077358,0.0393609923534937,0.005635307116668335,-9.1410184632,522.1878159774593,-21.9421600675075,-48.95428184405629
63.30555323627928,969.5219732985352,294.1405656837135,90208.88755522366,-1.0387730624433646,0.030806704586773457,8.939761080576382e-05,-0.05814264626698264,0.04240053090572035,0.005696398148836872,-9.138706552458347,518.4711371108069,-21.942162960767547,-48.954309113210925
63.81044701071658,965.1261775205753,294.17025248136025,90256.95589956464,-1.0387730624433646,0.030806704586773457,8.939761080576382e-05,-0.05355207492328776,0.04488953214195914,0.005737946635527081,-9.135815380341333,513.8577896970498,-21.94216646377646,-48.95434309735648
64.31534078515388,960.7336750348637,294.19992983077765,90305.00894549768,-1.0387730624433646,0.030806704586773457,8.939761080576382e-05,-0.05055758256816536,0.04650491918285839,0.005765805480239303,-9.13291730450229,509.2459105441965,-21.94216986297057,-48.954377211874466
64.82023455959119,956.344459409022,294.22959775090175,90353.04672368364,-1.0387730624433646,0.030806704586773457,8.939761080576382e-05,-0.048730275185058215,0.047481506695495605,0.005778029762036168,-9.130012960726367,504.63549670957957,-21.942173156287332,-48.95441145259731
65.32512833402849,951.9585262870582,294.25925624670293,90401.06924217053,-1.0387730624433646,0.030806704586773457,8.939761080576382e-05,-0.04773135146295905,0.04800472028757762,0.005774423907786731,-9.127103147129356,500.0265474207911,-21.9421763420942,-48.95444581620322
65.8300221084658,947.5758741269656,294.2889053041649,90449.07647826335,-1.0387730624433646,0.030806704586773457,8.939761080576382e-05,-0.047213247874810335,0.0482647446351202,0.005762633448721399,-9.124192297517972,495.4190648559802,-21.94217941871062,-48.95448029927514
67.59044520411152,932.3203836993007,294.39220958506024,90616.34496592794,-1.0387730624433646,0.030806704586773457,8.939761080576382e-05,-0.04728043466879035,0.048146020756640186,0.005701113287646831,-9.114059378510483,479.3655132816542,-21.942189283227513,-48.95460144788791
68.85859890602502,921.3554033364557,294.4665556952617,90736.7248892899,-1.0387730624433646,0.030806704586773457,8.939761080576382e-05,-0.04650215721449834,0.04851257792349798,0.005742264819978281,-9.106831340187425,467.81208002481816,-21.94219554598943,-48.954689575262925
70.12675260793853,910.410900654315,294.5408426871085,90857.00908924434,-1.0387730624433646,0.030806704586773457,8.939761080576382e-05,-0.045761396001074484,0.0488587470410163,0.005756630740851215,-9.099612936678025,456.267833798252,-21.942201106705287,-48.95477842564502
71.39490630985203,899.4867773423795,294.61507084707034,90977.19802963793,-1.0387730624433646,0.030806704586773457,8.939761080576382e-05,-0.045792642040388735,0.04878278393776513,0.005696625266481909,-9.09237955576875,444.7327300843874,-21.942205969547462,-48.95486800557621
72.66306001176554,888.5829653349089,294.68924025877584,91097.29184588081,-1.0387730624433646,0.030806704586773457,8.939761080576382e-05,-0.046239811333484725,0.04847951237110426,0.00562877398149077,-9.085164652177445,433.20675588727136,-21.94221013335225,-48.954958311085676
74.60700964655672,871.9077907718442,294.8028206737309,91281.19927036684,-1.0387730624433646,0.030806704586773457,8.939761080576382e-05,-0.046317471557610165,0.04834752975698725,0.005613168209640022,-9.07419368604668,415.5562864826094,-21.942215153635832,-48.95509813343755
76.5509592813479,855.2798483979476,294.91626417698643,91464.88500981989,-1.0387730624433646,0.030806704586773457,8.939761080576382e-05,-0.04622204267708102,0.048310616891867955,0.00560109578330767,-9.063277587206992,397.9270932439469,-21.942218529213818,-48.95523964597927
78.49490891613908,838.6988489435757,295.0295714032565,91648.35009195776,-1.0387730624433646,0.030806704586773457,8.939761080576382e-05,-0.04612403121424088,0.04827553336649911,0.005578795588187513,-9.052408883008379,380.31907753632294,-21.942220262750205,-48.95538284845047
82.10227636319249,808.0529696626165,295.2394761788694,91988.22423914736,-1.0387730624433646,0.030806704586773457,8.939761080576382e-05,-0.04599797528481479,0.048181036898760625,0.005530175959697367,-9.03237377451103,347.69974064347537,-21.94221913769119,-48.955653057285744
85.7096438102459,777.5659056202475,295.4490630988189,92327.34898895281,-1.0387730624433646,0.030806704586773457,8.939761080576382e-05,-0.04589461045656949,0.04807559014646727,0.005480768804305387,-9.012514673984901,315.15232697851,-21.94221237797352,-48.95592906546321
86.2649447925395,772.8868905232392,295.48159465008916,92379.4857882312,-1.0387730624433646,0.030806704586773457,8.939761080576382e-05,-0.045880031751841924,0.04805875983888299,0.005473336041166358,-9.00947325676965,310.14851061224874,-21.942210837165586,-48.955972067704316
86.8202457748331,768.2115915117994,295.5141152200175,92431.6049882252,-1.0387730624433646,0.030806704586773457,8.939761080576382e-05,-0.04586516436810332,0.048042120256742066,0.005465929056137789,-9.006435960510155,305.14638333293794,-21.942209163133075,-48.956015207049745
87.3755467571267,763.5400012829151,295.5466248292113,92483.70662196139,-1.0387730624433646,0.030806704586773457,8.939761080576382e-05,-0.045850059381971675,0.048025643531221573,0.005458542675283794,-9.003402772342941,300.14594197085637,-21.94220735593868,-48.95605848343551
87.43891601843494,763.0071291459302,295.55033403044996,92489.65118571301,-1.0387730624433646,0.030806704586773457,8.939761080576382e-05,-0.045848321424297164,0.04802377313607717,0.005457701592640392,-9.003056895141475,299.5754139407073,-21.942207141242562,-48.956063430716334
87.50228527974318,762.4743052114557,295.55404308918,92495.59552107267,-1.0387730624433646,0.030806704586773457,8.939761080576382e-05,-0.045846581643856035,0.04802190416877583,0.005456860694001113,-9.002711071253492,299.0049078304196,-21.942206924813014,-48.95606837978107
87.56565454105142,761.9367121894435,295.5577520054468,92501.59337523412,-1.0387730624433646,0.030806704586773457,8.939761080576382e-05,-0.04285099983019156,0.0480019593404167,0.005455291646631916,-9.002365329607994,298.43442363301426,-21.942206706650452,-48.95607333057785
87.69239306366791,760.8341153883422,295.56516941002525,92513.89588705203,-1.0387730624433646,0.030806704586773457,8.939761080576382e-05,-0.020552238807209255,0.04786381111640844,0.005479475852926814,-9.00167238892673,297.2935210638005,-21.94220626513243,-48.95608323632474
87.8191315862844,759.7317225382915,295.5725862411125,92526.19744767717,-1.0387730624433646,0.030806704586773457,8.939761080576382e-05,-0.0009452188133078545,0.047742270565724824,0.005546704467079055,-9.000973709530994,296.15270670570135,-21.94220581670347,-48.95609314538739
87.94587010890089,758.6295345094535,295.5800024924759,92538.49804677183,-1.0387730624433646,0.030806704586773457,8.939761080576382e-05,0.016289963522982145,0.04763523951630549,0.005632173400752888,-9.000265383912108,295.01198151740766,-21.942205361380967,-48.95610305474638
88.3032446501989,755.5227236928661,295.6009114709175,92573.17769133722,-1.0387730624433646,0.030806704586773457,8.939761080576382e-05,0.0547354499827626,0.04739491814016401,0.005863705995771042,-8.998209596333973,291.79588254756294,-21.942204040490747,-48.956130973807994
88.66061919149692,752.4175742922025,295.6218156071244,92607.84930456922,-1.0387730624433646,0.030806704586773457,8.939761080576382e-05,0.08131211478747427,0.04722579394978869,0.005998130678573267,-8.996082257302852,288.58052838244214,-21.94220266517252,-48.95615882922372
89.01799373279493,749.3141039607086,295.64271477349575,92642.51267482885,-1.0387730624433646,0.030806704586773457,8.939761080576382e-05,0.09973770345288754,0.04710516389606818,0.006040982711180906,-8.993918134921786,285.36593864888425,-21.942201235633256,-48.95618658591706
89.54393663623259,744.7498407006536,295.6734626137619,92693.51106169709,-1.0387730624433646,0.030806704586773457,8.939761080576382e-05,0.11666044963020208,0.04698810703492061,0.006015239019570606,-8.990725284067922,280.63648246424884,-21.942199033450766,-48.95622721184004
90.06987953967024,740.1892378917271,295.7041994822047,92744.49125069231,-1.0387730624433646,0.030806704586773457,8.939761080576382e-05,0.12710385260553445,0.04690962350507609,0.0060289850587307405,-8.987585384953787,275.9087139024682,-21.942196714484066,-48.95626751873921
90.59582244310789,735.6322643658247,295.73492556073717,92795.45354353567,-1.0387730624433646,0.030806704586773457,8.939761080576382e-05,0.13334951033132325,0.04685608883436846,0.006040943705335559,-8.98447305616073,271.18260498271434,-21.94219427889163,-48.95630748522567
91.12176534654554,731.0788788015086,295.7656411001574,92846.39835620084,-1.0387730624433646,0.030806704586773457,8.939761080576382e-05,0.13676743699823427,0.04681909140112305,0.005946629806613931,-8.981331198518788,266.45811712868124,-21.942191726786188,-48.95634709850896
91.43165566701086,728.3976658069207,295.7837340072698,92876.40726311931,-1.0387730624433646,0.030806704586773457,8.939761080576382e-05,0.13806498627434335,0.04680155507790734,0.005889975877326812,-8.97948639062232,263.67517007613344,-21.942190168561112,-48.9563702679898
91.74154598747617,725.7177058531531,295.8018231902183,92906.4099931371,-1.0387730624433646,0.030806704586773457,8.939761080576382e-05,0.13900274362878431,0.04678626048842798,0.005868107828440594,-8.977662732846122,260.89279585309805,-21.942188569940935,-48.956393309075146
92.05143630794149,723.0389910530314,295.81990869657113,92936.40662515114,-1.0387730624433646,0.030806704586773457,8.939761080576382e-05,0.13967669779969785,0.046772574470773966,0.005856851422796374,-8.975847660898852,258.11098714288346,-21.942186930939066,-48.95641622088776
92.3345229736307,720.5930533079426,295.8364267237924,92963.80343530883,-1.0387730624433646,0.030806704586773457,8.939761080576382e-05,0.1401241201227635,0.04676108204794878,0.005846118866229357,-8.974191858479005,255.57027906962085,-21.942185398417656,-48.95643703741756
92.61760963931991,718.1481495780204,295.8529417080797,92991.19519845433,-1.0387730624433646,0.030806704586773457,8.939761080576382e-05,0.14045316790875706,0.04675030445424468,0.005835725507303777,-8.97253830414196,253.03003904298714,-21.942183832216525,-48.95645774515573
92.90069630500912,715.7042789018266,295.8694536516502,93018.58191826513,-1.0387730624433646,0.030806704586773457,8.939761080576382e-05,0.14069318496333483,0.046740070410267225,0.005826991751419635,-8.970887433386476,250.49026672193966,-21.942182232343466,-48.95647834384696
93.46574231824255,710.8293533463285,295.90240271027693,93073.23124726654,-1.0387730624433646,0.030806704586773457,8.939761080576382e-05,0.14099089856406766,0.046720758950992994,0.005813332208787811,-8.96759907646629,245.42223177213577,-21.942178938320044,-48.95651913243836
94.03078833147597,705.9585291486073,295.93533970095905,93127.8605603677,-1.0387730624433646,0.030806704586773457,8.939761080576382e-05,0.14112856932504958,0.04670244081386183,0.005802372723885715,-8.964318036432662,240.3560530442486,-21.94217551022958,-48.956559484990734
94.5958343447094,701.0917974281535,295.96826464994774,93182.46990110859,-1.0387730624433646,0.030806704586773457,8.939761080576382e-05,0.1411834851776402,0.04668464888902104,0.0057921471061782945,-8.96104275938713,235.29172650048827,-21.942171948125736,-48.9565994009398
95.16026766335536,696.2344205862171,296.001141896384,93237.00012236668,-1.0387730624433646,0.030806704586773457,8.939761080576382e-05,0.14119430032271815,0.04666716897104617,0.00578224784238143,-8.95777628222392,230.23473728934232,-21.942168256140334,-48.95663883751188
95.72470098200131,691.3811116174854,296.03400716653476,93291.51047975007,-1.0387730624433646,0.030806704586773457,8.939761080576382e-05,0.14117914208312152,0.04664987329983374,0.005772944957326239,-8.954515041731735,225.1795902016612,-21.94216443053369,-48.95667783821611
98.6615689388426,666.1935904986949,296.2048201017535,93574.8209196698,-1.0387730624433646,0.030806704586773457,8.939761080576382e-05,0.14098932768142675,0.04656096873136299,0.005727941529274858,-8.937624742139402,198.90612559754751,-21.942142371801012,-48.95687374037041
101.5984368956839,641.1149052352447,296.3753120080027,93857.59890074219,-1.0387730624433646,0.030806704586773457,8.939761080576382e-05,0.140713429235253,0.04647327298190702,0.005685499693968511,-8.920862885494339,172.68203982565433,-21.94211670440449,-48.957057865144215
104.5353048525252,616.1440454887633,296.5454851343852,94139.84815333069,-1.0387730624433646,0.030806704586773457,8.939761080576382e-05,0.14043649977714637,0.046386255891792204,0.005643466092431889,-8.904226142950227,146.5069869418904,-21.942087434723643,-48.95723023240159
108.42056915828132,583.2734789625221,296.77012521495675,94512.4363297989,-1.0387730624433646,0.030806704586773457,8.939761080576382e-05,0.14007647360603345,0.04627211854866184,0.005588553987193028,-8.882406480737645,111.95414000436803,-21.942043187017514,-48.957440225092704
112.30583346403745,550.5876059256443,296.8474390106927,94884.11408282018,-1.0387730624433646,0.030806704586773457,8.939761080576382e-05,0.13972901232989066,0.0461590476436398,0.005534877073313856,-8.860799475323704,77.48572334133473,-21.941992660658265,-48.95762972418465
112.82022033660677,546.2738962091615,296.8474390106927,94933.25443413509,-1.0387730624433646,0.030806704586773457,8.939761080576382e-05,0.13968797336970443,0.04614413047337018,0.005527569439887963,-8.857954401129398,72.92857648408608,-21.94198550160182,-48.957653279779585
113.33460720917608,541.9633771285254,296.8474390106927,94982.37902066346,-1.0387730624433646,0.030806704586773457,8.939761080576382e-05,0.1396466294083336,0.04612923474818652,0.005520302845889637,-8.855112995545957,68.372891611652,-21.941978232828554,-48.95767647725874
113.67256945046314,539.0937883484277,296.8474390106927,95015.09353727207,-1.0387730624433646,0.030806704586773457,8.939761080576382e-05,0.13045690863162898,0.0374410252669051,0.005006703757520891,-8.853362795755753,65.38048692747691,-21.941973401348488,-48.957691528062135
114.0105316917502,536.1783779497205,296.8474390106927,95048.33978222599,-1.0387730624433646,0.030806704586773457,8.939761080576382e-05,0.11254781603050279,0.020492086362454698,0.0041608118269586365,-8.851841931011949,62.388626473736174,-21.941968536854535,-48.95770644065401
114.34849393303726,533.2642674676576,296.8474390106927,95081.58061581066,-1.0387730624433646,0.030806704586773457,8.939761080576382e-05,0.09932194904443555,0.007976306033470562,0.003770306912989616,-8.850485726247925,59.39725299414124,-21.941963651534174,-48.95772122892357
114.72966319221352,529.979109096655,296.8474390106927,95119.0652250042,-1.0387730624433646,0.030806704586773457,8.939761080576382e-05,0.08877057636092112,-0.0020061288865366373,0.0036062977188677852,-8.84905136243369,56.02397820700378,-21.941958131301583,-48.957737775319515
115.11083245138978,526.695527946609,296.8474390106927,95156.54379378993,-1.0387730624433646,0.030806704586773457,8.939761080576382e-05,0.08164525282017002,-0.008743849462900693,0.0035815474234723596,-8.847661885557619,52.651247001775005,-21.941952611016426,-48.957754193704396
115.49200171056604,523.413511817334,296.8474390106927,95194.01644717668,-1.0387730624433646,0.030806704586773457,8.939761080576382e-05,0.0769049248166258,-0.013222334687592516,0.0036035815495932886,-8.846283258828544,49.27904812879251,-21.941947099563276,-48.95777049420858
116.01741081426498,518.8920941740371,296.8474390106927,95245.65962382063,-1.0387730624433646,0.030806704586773457,8.939761080576382e-05,0.0731846936316796,-0.016729657707926768,0.003657761340080519,-8.844384343058906,44.63163071005454,-21.941939525915657,-48.95779278002364
116.54281991796391,514.3736405215733,296.8474390106927,95297.29160664206,-1.0387730624433646,0.030806704586773457,8.939761080576382e-05,0.07129623859424536,-0.018501104378111918,0.0036914428583840505,-8.842470875920647,39.985220633797326,-21.94193199121338,-48.95781486716767
117.06822902166284,509.85814851596257,296.8474390106927,95348.91238546169,-1.0387730624433646,0.030806704586773457,8.939761080576382e-05,0.07017279530957596,-0.019547260621977397,0.0036938567080944326,-8.840541558786962,35.33981881606576,-21.941924504149274,-48.95783676558803
117.59363812536178,505.3456183854106,296.8474390106927,95400.52192072364,-1.0387730624433646,0.030806704586773457,8.939761080576382e-05,0.06940413794947674,-0.020256974154901037,0.0036824171604710673,-8.838606176260102,30.695428816530182,-21.94191706799094,-48.95785847905479
118.3866985353232,498.5399437700032,296.8474390106927,95478.40079019856,-1.0387730624433646,0.030806704586773457,8.939761080576382e-05,0.06864848789184631,-0.020944771732474658,0.0036714106097404256,-8.835690013688591,23.687037039144002,-21.941905942177744,-48.95789090585961
119.17975894528463,491.741002763921,296.8474390106927,95556.25399835262,-1.0387730624433646,0.030806704586773457,8.939761080576382e-05,0.06821170888399355,-0.02133037147102073,0.003666134973683766,-8.832779647370815,16.680954547853446,-21.94189493609156,-48.95792291585852
119.97281935524606,484.9487815023193,296.8474390106927,95634.08157738618,-1.0387730624433646,0.030806704586773457,8.939761080576382e-05,0.06798983849337441,-0.02151231202439536,0.0036622639037540675,-8.829873261620174,9.677178444911307,-21.941884050526113,-48.95795451012249
121.06902666904098,475.5712691711264,296.8474390106927,95741.6166396223,-1.0387730624433646,0.030806704586773457,8.939761080576382e-05,0.06775872570772631,-0.021692224223566557,0.00365598770918573,-8.82586157109993,-1.6558940962189744e-06,-21.941869204453965,-48.95799749989606
