time,pos_x,pos_y,pos_z,vel_x,vel_y,vel_z,e0,e1,e2,e3,gyro_x,gyro_y,gyro_z
0.0,0.0,0.0,475.5751953125,0.0,0.0,0.0,-0.9230002039112792,0.04029905920751535,0.016692416874629214,0.38231920253318424,0.0,0.0,0.0
0.002893273430344001,0.0,0.0,475.5751953125,0.0,0.0,0.0,-0.9230002039112792,0.04029905920751535,0.016692416874629214,0.38231920253318424,0.0,0.0,0.0
0.005786546860688002,0.0,0.0,475.5751953125,0.0,0.0,0.0,-0.9230002039112792,0.04029905920751535,0.016692416874629214,0.38231920253318424,0.0,0.0,0.0
0.011573093721376004,0.0,0.0,475.5751953125,0.0,0.0,0.0,-0.9230002039112792,0.04029905920751535,0.016692416874629214,0.38231920253318424,0.0,0.0,0.0
0.017359640582064004,0.0,0.0,475.5751953125,0.0,0.0,0.0,-0.9230002039112792,0.04029905920751535,0.016692416874629214,0.38231920253318424,0.0,0.0,0.0
0.023146187442752007,0.0,0.0,475.5751953125,0.0,0.0,0.0,-0.9230002039112792,0.04029905920751535,0.016692416874629214,0.38231920253318424,0.0,0.0,0.0
0.026923422532411798,0.0,0.0,475.5751953125,0.0,0.0,0.0,-0.9230002039112792,0.04029905920751535,0.016692416874629214,0.38231920253318424,0.0,0.0,0.0
0.030700657622071588,0.0,0.0,475.5751953125,0.0,0.0,0.0,-0.9230002039112792,0.04029905920751535,0.016692416874629214,0.38231920253318424,0.0,0.0,0.0
0.03825512780139117,0.0,0.0,475.5751953125,0.0,0.0,0.0,-0.9230002039112792,0.04029905920751535,0.016692416874629214,0.38231920253318424,0.0,0.0,0.0
0.04580959798071075,0.0,0.0,475.5751953125,0.0,0.0,0.0,-0.9230002039112792,0.04029905920751535,0.016692416874629214,0.38231920253318424,0.0,0.0,0.0
0.05336406816003033,0.0,0.0,475.5751953125,0.0,0.0,0.0,-0.9230002039112792,0.04029905920751535,0.016692416874629214,0.38231920253318424,0.0,0.0,0.0
0.05552973535252095,0.0,0.0,475.5751953125,0.0,0.0,0.0,-0.9230002039112792,0.04029905920751535,0.016692416874629214,0.38231920253318424,0.0,0.0,0.0
0.05769540254501156,0.0,0.0,475.5751953125,0.0,0.0,0.0,-0.9230002039112792,0.04029905920751535,0.016692416874629214,0.38231920253318424,0.0,0.0,0.0
0.0620267369299928,0.0,0.0,475.5751953125,0.0,0.0,0.0,-0.9230002039112792,0.04029905920751535,0.016692416874629214,0.38231920253318424,0.0,0.0,0.0
0.06635807131497404,0.0,0.0,475.5751953125,0.0,0.0,0.0,-0.9230002039112792,0.04029905920751535,0.016692416874629214,0.38231920253318424,0.0,0.0,0.0
0.07068940569995527,1.7378232625917104e-23,4.3655740904195895e-07,475.575200302374,8.02442814681297e-21,0.00020158111795509282,0.002304082721475814,-0.9230002039112792,0.04029905920751535,0.016692416874629214,0.38231920253318424,0.0,0.0,0.0
0.07565522521296324,1.5068723279404628e-22,3.7854038060328783e-06,475.5752385798635,4.5666214608408586e-20,0.0011471778954362355,0.01311230334540785,-0.9230002039112792,0.04029905920751535,0.016692416874629214,0.38231920253318424,0.0,0.0,0.0
0.0806210447259712,5.657297547720517e-22,1.4211658991887623e-05,475.57535775250557,1.2149351873873525e-19,0.0030520304853597796,0.034884868077284366,-0.9230002039112792,0.04029905920751535,0.016692416874629214,0.38231920253318424,0.0,0.0,0.0
0.08558686423897917,1.4461516733508273e-21,3.632867859405888e-05,475.5756105511964,2.3309927853815197e-19,0.005855671245671062,0.0669306286057959,-0.9230002039112792,0.04029905920751535,0.016692416874629214,0.38231920253318424,0.0,0.0,0.0
0.0944755287206124,4.7796716955017825e-21,0.00012006981011104565,475.5765677167095,5.169616613997877e-19,0.012986559009351951,0.1484370487097893,-0.9230002039112792,0.04029905920751535,0.016692416874629214,0.38231920253318424,0.0,0.0,0.0
0.10336419320224566,1.1121691611594033e-20,0.0002793872644379424,475.57838872354523,9.100288454155796e-19,0.022860773213242973,0.2612998335089326,-0.9230002039112792,0.04029905920751535,0.016692416874629214,0.38231920253318424,0.0,0.0,0.0
0.11225285768387891,2.1452464487254745e-20,0.0005389059126849117,475.58135503526825,1.4144537349955227e-18,0.03553239682374088,0.40613715413782914,-0.9230002039112792,0.04029905920751535,0.016692416874629214,0.38231920253318424,0.0,0.0,0.0
0.12173118280551072,3.793975418619771e-20,0.0009530820045827999,475.5860890896612,2.064492077009104e-18,0.05186196614623715,0.5927849855755285,-0.9230002039112792,0.04029905920751535,0.016692416874629214,0.38231920253318424,0.0,0.0,0.0
0.12885869263368424,5.45847503645946e-20,0.0013712198303083767,475.590868426879,2.606142316332095e-18,0.06546872525551241,0.7483109538656191,-0.9230002039112792,0.04029905920751535,0.016692416874629214,0.38231920253318424,0.0,0.0,0.0
0.13598620246185775,7.518656182954658e-20,0.001888756545825541,475.59678389860596,3.174785951736089e-18,0.07975358364611455,0.9115876324077408,-0.9230002039112792,0.04029905920751535,0.016692416874629214,0.38231920253318424,0.0,0.0,0.0
0.14311371229003125,9.993035859551832e-20,0.0025103437945716346,475.6038886733699,3.7683954329426205e-18,0.0946656073643256,1.0820328434469106,-0.9230002039112792,0.04029905920751535,0.016692416874629214,0.38231920253318424,0.0,0.0,0.0
0.15602523685989841,1.5580251910541622e-19,0.003913904568260512,475.6199314464233,4.886223270217227e-18,0.12274648502893941,1.402998743860889,-0.9230002039112792,0.04029905920751535,0.016692416874629214,0.38231920253318424,0.0,0.0,0.0
0.16893676142976558,2.2635702742140167e-19,0.0056862996103616645,475.6401900144557,6.042696642311534e-18,0.1517981745658013,1.7350610747508046,-0.9230002039112792,0.04029905920751535,0.016692416874629214,0.38231920253318424,0.0,0.0,0.0
0.18184828599963274,3.120390837042785e-19,0.007838712764070731,475.66479220937975,7.229486077874322e-18,0.18161143188720383,2.075828165250118,-0.9230002039112792,0.04029905920751535,0.016692416874629214,0.38231920253318424,0.0,0.0,0.0
0.20378332058820192,4.934419194316493e-19,0.012395721158578045,475.7168790536731,9.332238916459353e-18,0.23443454404299832,2.679599099985477,-0.9230002039112792,0.04029905920751535,0.016692416874629214,0.38231920253318424,0.0,0.0,0.0
0.2257183551767711,7.227083717335797e-19,0.01815510823502367,475.7827091491887,1.159927499032252e-17,0.29138460426571505,3.330541266976537,-0.9230002039112792,0.04029905920751535,0.016692416874629214,0.38231920253318424,0.0,0.0,0.0
0.2476533897653403,1.0040828210517924e-18,0.025223496788056084,475.86350120004613,1.4093913265705572e-17,0.354052244033292,4.046835667210549,-0.9230002039112792,0.04029905920751535,0.016692416874629214,0.38231920253318424,0.0,0.0,0.0
0.26342126228040963,1.2414292577223772e-18,0.031185860606556516,475.9316513303397,1.6031352332879132e-17,0.4027225200935035,4.6031394681685995,-0.9230002039112792,0.04029905920751535,0.016692416874629214,0.38231920253318424,0.0,0.0,0.0
0.27918913479547897,1.5099816314545706e-18,0.03793214666407827,476.0087617328266,1.804450157799868e-17,0.4532947064246659,5.1811822029987775,-0.9230002039112792,0.04029905920751535,0.016692416874629214,0.38231920253318424,0.0,0.0,0.0
0.2820378015805357,1.5619116860970291e-18,0.03923667806230052,476.0236725949389,1.8414697281468974e-17,0.46259436770923396,5.2874778178793544,-0.9230002039112792,0.04029905920751535,0.016692416874629214,0.38231920253318424,0.0,0.0,0.0
0.28488646836559245,1.6149011098641275e-18,0.040567821800812316,476.03888763749256,1.878826660007219e-17,0.47197877735189075,5.39474211092546,-0.9230002039112792,0.04029905920751535,0.016692416874629214,0.38231920253318424,0.0,0.0,0.0
0.2877351351506492,1.668961275754042e-18,0.04192586357993334,476.05441012605723,1.9166446927937174e-17,0.48147901984704283,5.503330379533963,-0.9230002039112792,0.04029905920751535,0.016692416874629214,0.38231920253318424,0.0,0.0,0.0
0.2934324687207627,1.7803529619946183e-18,0.04472412661281955,476.08639441888,1.993664748267343e-17,0.5008271760063113,5.7244808163963965,-0.9230002039112792,0.04029905920751535,0.016692416874629214,0.38231920253318424,0.0,0.0,0.0
0.29912980229087616,1.896185334353465e-18,0.04763394382200729,476.11965378177246,2.072531163662536e-17,0.5206391549954782,5.950932772463783,-0.9230002039112792,0.04029905920751535,0.016692416874629214,0.38231920253318424,0.0,0.0,0.0
0.30482713586098964,2.0165626575219372e-18,0.0506579344337719,476.154218152628,2.1532113419238465e-17,0.5409067681302415,6.18259265064626,-0.9230002039112792,0.04029905920751535,0.016692416874629214,0.38231920253318424,0.0,0.0,0.0
0.3203647520716359,2.3688019425877062e-18,0.0595065137433718,476.25535787694184,2.3808083432959935e-17,0.5980812572532401,6.836100051705793,-0.9230002039112792,0.04029905920751535,0.016692416874629214,0.38231920253318424,0.0,0.0,0.0
0.33590236828228215,2.757309190125902e-18,0.06926617809073216,476.3669113508896,2.6200520505397385e-17,0.6581815074985728,7.52304905541899,-0.9230002039112792,0.04029905920751535,0.016692416874629214,0.38231920253318424,0.0,0.0,0.0
0.3514399844929284,3.1839523690232494e-18,0.07998385259619827,476.48941493105104,2.871693547337344e-17,0.7213961980911989,8.245596275195581,-0.9230002039112792,0.04029905920751535,0.016692416874629214,0.38231920253318424,0.0,0.0,0.0
0.3709575997405693,3.776766644592038e-18,0.09487590000724727,476.6596318118545,3.202965456728262e-17,0.8046147908935553,9.196789143488713,-0.9230002039112792,0.04029905920751535,0.016692416874629214,0.38231920253318424,0.0,0.0,0.0
0.3904752149882102,4.435829796883318e-18,0.11143218097969879,476.84887096930885,3.550555886831954e-17,0.8919327482717672,10.19483796329196,-0.9230002039112792,0.04029905920751535,0.016692416874629214,0.38231920253318424,0.0,0.0,0.0
0.4099928302358511,5.164486817565038e-18,0.12973672482350967,477.0580928628218,3.9161043700919485e-17,0.9837619360645501,11.244450382683562,-0.9230002039112792,0.04029905920751535,0.016692416874629214,0.38231920253318424,0.0,0.0,0.0
0.4148626419361097,5.357476121738616e-18,0.1345847961099522,477.11350657119334,4.009840812637766e-17,1.0073094045393267,11.513599178947883,-0.9230002039112792,0.04029905920751535,0.016692416874629214,0.38231920253318424,0.0,0.0,0.0
0.41973245363636835,5.555039025632007e-18,0.13954776048631107,477.1702335135918,4.103939194563087e-17,1.0309477955613775,11.78378722468305,-0.9230002039112792,0.04029905920751535,0.016692416874629214,0.38231920253318424,0.0,0.0,0.0
0.424602265336627,5.75719316019e-18,0.14462606085836052,477.2282787524535,4.198399663721202e-17,1.0546771462728273,12.055014944425485,-0.9230002039112792,0.04029905920751535,0.016692416874629214,0.38231920253318424,0.0,0.0,0.0
0.43434188873714424,6.175395134370458e-18,0.15513168442978043,477.348358579348,4.3897709603241214e-17,1.102751400547325,12.60450618519924,-0.9230002039112792,0.04029905920751535,0.016692416874629214,0.38231920253318424,0.0,0.0,0.0
0.4440815121376615,6.612473828677723e-18,0.1661115088136281,477.47385854633046,4.586369026063427e-17,1.152138667969338,13.16900523492331,-0.9230002039112792,0.04029905920751535,0.016692416874629214,0.38231920253318424,0.0,0.0,0.0
0.45382113553817877,7.068954082851031e-18,0.17757871847357465,477.6049293525104,4.7881721650639416e-17,1.2028334983327045,13.748449797456203,-0.9230002039112792,0.04029905920751535,0.016692416874629214,0.38231920253318424,0.0,0.0,0.0
0.463560758938696,7.545331939361283e-18,0.18954577445905652,477.74171342833455,4.994915635153101e-17,1.2547693859349134,14.342079709139787,-0.9230002039112792,0.04029905920751535,0.016692416874629214,0.38231920253318424,0.0,0.0,0.0
0.4938989342621155,9.16321935442935e-18,0.23018861503136898,478.20626322180885,5.670771316382935e-17,1.424550635521802,16.282688271946107,-0.9230002039112792,0.04029905920751535,0.016692416874629214,0.38231920253318424,0.0,0.0,0.0
0.4995750043453541,9.488952202722854e-18,0.23837132793157478,478.2997920582367,5.802663056092088e-17,1.4576830704482369,16.66139373607309,-0.9230002039112792,0.04029905920751535,0.016692416874629214,0.38231920253318424,0.0,0.0,0.0
0.5014812716197266,-1.346639216131348e-06,0.2411759636755541,478.3317976460729,-0.0007061415057688112,1.4712706946596534,16.789664439346385,-0.9230002297978903,0.04029846626057378,0.0166910631882785,0.38231926163557356,3.127287276150798e-05,0.0015517117535914224,-5.117314123589389e-13
0.503387538894099,-4.047596327809871e-06,0.24400660650353273,478.3640488668418,-0.0014165937760551037,1.4849136283551758,16.918519892261408,-0.9230002817056463,0.04029727709856892,0.01668834755511583,0.3823193801976347,6.239579215363713e-05,0.003112722672544659,-2.5588064583297254e-12
0.507200073442844,-1.2172914621376468e-05,0.24972011557909848,478.42904480532917,-0.0028455370012794847,1.5123095693375066,17.17740117521811,-0.9230004378071505,0.04029369981846061,0.016680175867878802,0.38231973694562144,0.0001243291359920209,0.006253373365094463,-1.279504042808316e-11
0.511012607991589,-2.577393834616785e-05,0.2555384900458851,478.4950322084428,-0.004289350457189173,1.5399247760817987,17.438627753435824,-0.9230006989496389,0.04028771158862179,0.016666490275782965,0.3823203343433654,0.00018562167129936404,0.009431367287324547,-3.939996723293649e-11
0.514825142540334,-4.490322434848911e-05,0.2614625662576931,478.56202007234896,-0.005745579696379834,1.5677591597198914,17.702228310167516,-0.9230010660199669,0.040279286293337616,0.016647224480975498,0.38232117518046865,0.0002462412117338691,0.012646858448446402,-9.05270098160338e-11
0.5328806165582457,-0.0002114999385255783,0.29098409893301425,478.8931914924882,-0.012705557233100045,1.7023304532641501,18.981541243631245,-0.9230042674926618,0.04020526401297145,0.016477584663105612,0.3823285692050137,0.0005228573175751143,0.028388139337768015,-9.77257551110136e-10
0.5453575306815771,-0.00039994178133264486,0.31281708338362807,479.1356890499767,-0.0174963906216931,1.7974062876720096,19.889859399092455,-0.9230078996525176,0.040120459074516376,0.016282835065057236,0.3823370429022074,0.0007028745454306749,0.03976092832398582,-2.4297434134882695e-09
0.5578344448049085,-0.0006472184208524427,0.33584441541886784,479.3896246356217,-0.02213873151545731,1.89378175951535,20.81501127766273,-0.9230126914058159,0.04000704327746987,0.016021864564639117,0.38234837064655114,0.0008721263545116826,0.05153470454684235,-4.889172876009795e-09
0.5703113589282399,-0.0009506934719399315,0.36008448986305325,479.6552425641485,-0.02650589987192763,1.9918051956545417,21.762492042405583,-0.9230186218068722,0.0398641305578539,0.015692352147280566,0.3823626289394298,0.0010291846996134772,0.06370436670807333,-8.592685040219614e-09
0.5872688156601285,-0.0014461793441098252,0.39500619771106826,480.0354358948516,-0.03177821513260322,2.1276226571464125,23.08810238756561,-0.9230284387491119,0.039621216554111764,0.015130936288654492,0.3823868127582009,0.0012207211049207979,0.08086863289924437,-1.5947967473275114e-08
0.604226272392017,-0.002021605701840394,0.43225617221049895,480.4385118420672,-0.03589567060513947,2.2661774428170176,24.459138987735862,-0.9230401194908119,0.039320040924759186,0.014432832696398926,0.3824166810236027,0.0013830284849321926,0.09872976202193927,-2.641431523556743e-08
0.6211837291239055,-0.0026541756719582,0.47187482142685333,480.8652098038102,-0.038451721318690124,2.406895223393166,25.87384169347638,-0.9230534213521828,0.038958696824007294,0.013592789532531275,0.3824523265671337,0.001512132892064321,0.11725429154978755,-4.02154215298701e-08
0.638141185855794,-0.0033140666799490776,0.5138861810015032,481.31616513994123,-0.03904949136508463,2.5480969825177766,27.317687956040476,-0.9230680103678415,0.038535369080340144,0.01260567857602548,0.3824937999138209,0.0016037391805223415,0.13639053349555635,-5.7384537142964373e-08
0.6576722741073963,-0.004059435012337013,0.5652344805153358,481.8661574249388,-0.0367523247782275,2.7098794890871405,29.006760778376357,-0.923085837857009,0.03796896814973971,0.011280548500706086,0.382548772621688,0.0016569897476139993,0.1590902315883236,-8.102403465916193e-08
0.6772033623589985,-0.004722489299727712,0.6197312955984119,482.4494573572197,-0.030486993213656943,2.87044020289262,30.72920641893488,-0.9231039645894037,0.03731636195064012,0.009748177463171564,0.38261134030842064,0.0016478023060319908,0.18236233095850823,-1.0800411022669468e-07
0.6967344506106007,-0.005217052798760257,0.6773498106062775,483.06678388997364,-0.019345858891547066,3.029495575705227,32.49233393604981,-0.9231213701189935,0.036576245598586396,0.0080038306802747,0.3826812540821364,0.001569475647124051,0.2060463458684749,-1.3690951841791086e-07
0.7162655388622029,-0.005439297096983179,0.7380503024219444,483.7189129919985,-0.0024540684156748207,3.185834117297096,34.29239656839119,-0.9231368446045056,0.03574803343525481,0.006044354532949772,0.38275812745538684,0.001415466131765336,0.2299526675379002,-1.6568001087532848e-07
0.7408181088883244,-0.005142196912660395,0.8186274648786197,484.58915724548615,0.02841119344358748,3.3768152402926916,36.605154065962026,-0.9231513886249184,0.034582434235438324,0.003274235403058973,0.38286379633470285,0.0011050106233184815,0.2599720418514146,-1.9734358028620365e-07
0.765370678914446,-0.003936350907348124,0.9037998400075262,485.5168825818659,0.07191266077296066,3.5598241694084893,38.97486400702793,-0.9231575475726391,0.03328072009698805,0.00016457522893355617,0.3829782238013615,0.0006540613751051998,0.2894673495970582,-2.1751744478578982e-07
0.7899232489405675,-0.001490214755095452,0.9933356711892493,486.50331592428887,0.12972216532823103,3.7317311111124,41.38456103509292,-0.9231518868306037,0.03184828128289192,-0.0032759932044630867,0.3830996529468373,5.348169817839119e-05,0.31782653501740427,-2.1781044292674778e-07
0.793200306737079,-0.0010505612976109053,1.0056006715165637,486.63946529049065,0.13859635918692456,3.7536461092654014,41.707882708021145,-0.9231500438284042,0.03164760950397117,-0.0037595070638463688,0.3831162815952334,-3.8390214518227526e-05,0.32148918793994147,-2.1584728525008062e-07
0.7964773645335904,-0.0005813341077094151,1.0179371265266044,486.7766757734972,0.1477746303279945,3.775336181308358,42.03216186397998,-0.9231479174310651,0.031444781999825644,-0.004248591487093546,0.38313299237613063,-0.0001330534609983689,0.32511746558276583,-2.1333814884421416e-07
0.7997544223301019,-8.15192992545395e-05,1.0303442891268375,486.91495059869834,0.1572641027467222,3.7967991934800014,42.3574545430178,-0.9231454989845951,0.031239824496123784,-0.004743195795836007,0.38314977976689735,-0.0002305176518151715,0.32870954976081107,-2.102593792503597e-07
0.8063085379231248,0.0010145436320625819,1.0553673097458787,487.1947082273022,0.17720132704722694,3.839020072987166,43.011082101449546,-0.9231397474914459,0.03082364479966808,-0.0057487127676406425,0.38318355885486083,-0.00043388693843152674,0.3357772464667571,-2.0228638736236916e-07
0.8128626535161478,0.002245565956955021,1.0806638550328482,487.4787629147889,0.19844705588467945,3.88026589629091,43.66870968412262,-0.9231327257520613,0.030399289489028185,-0.006775614810297171,0.38321757559576486,-0.0006485501856823058,0.3426787595670999,-1.9175052724357945e-07
0.8194167691091708,0.0036202327401880867,1.1062273500017825,487.76713996514644,0.22103463661130898,3.920480301864767,44.33005882018972,-0.9231243669330245,0.02996700899965438,-0.007823389239558944,0.3832517827334288,-0.0008745435786276451,0.3493991953608887,-1.7846271158167437e-07
0.8348519061433645,0.007485072819490345,1.1674372183091197,488.4635013219451,0.2797458304219382,4.010761855056359,45.90060853137645,-0.9230989738743554,0.0289195449845312,-0.010369465050183232,0.3833327679881861,-0.001451518848841721,0.3644075616001563,-1.3507583680476553e-07
0.8502870431775581,0.012318056213128308,1.2299889635963388,489.1842268181475,0.3464750124025799,4.094360328238585,47.48703013728534,-0.9230650085803428,0.02783371025442554,-0.01301954258628786,0.38341388191039094,-0.0020909003274048026,0.3781173265963641,-7.307996727211786e-08
0.8657221802117517,0.01824712665861644,1.2937757735362234,489.9295653643157,0.42176668494889635,4.1707989010235105,49.08983115070527,-0.9230217564972206,0.02671408629406485,-0.01576376045402542,0.3834944526017488,-0.0027914961431415456,0.3903138832212403,9.629697604898356e-09
0.8785778998221185,0.024116656582169015,1.3477663347407791,490.56931222113013,0.49135951175630366,4.228676512538611,50.437363707537244,-0.9229782213063485,0.02575938621330962,-0.018113349305593125,0.38356066844117115,-0.0034203375379102596,0.3991629315216392,9.55793151109037e-08
0.8914336194324853,0.030921911081886445,1.4024646436745054,491.2264355691949,0.5673431241369467,4.280901766475725,51.79314117144915,-0.9229275639683827,0.02478818848463537,-0.02051296818378935,0.38362564371179847,-0.004088516861234349,0.4066790074506383,1.978971747521213e-07
0.9042893390428521,0.038746973145586956,1.4577966681197285,491.90104636330886,0.650012874075331,4.327266178776946,53.15793348960521,-0.9228696118140747,0.02380416536147623,-0.022954390430046642,0.3836889936220938,-0.004793803031759644,0.4127327636292772,3.170501088997974e-07
0.9171450586532189,0.047679739395209794,1.5136859147565758,492.59326800619476,0.7396705545714868,4.367591529721794,54.532909870617814,-0.9228042955827896,0.022811291873280175,-0.02542862698974843,0.3837503472725076,-0.0055334539091129765,0.4171964831284275,4.5315723672967505e-07
0.9300007782635857,0.057810820298154146,1.5700532543508268,493.3032214467932,0.836436995200462,4.401645498076215,55.916519301440964,-0.9227316625256767,0.02181383969754483,-0.0279259328767234,0.38380935338044186,-0.006304171904593857,0.41994490589852435,6.059348192066612e-07
0.9428564978739525,0.06923230741067873,1.6268168712531228,494.03101018531606,0.9404214910935593,4.429242588238896,57.307596784727394,-0.922651888478822,0.02081636487442327,-0.03043582797377571,0.3838656861261609,-0.007102078485932706,0.42085790211986585,7.746476037198002e-07
0.9650793025864728,0.09226862813530227,1.725650556014225,495.3313897135274,1.1374479848389278,4.461374877223046,59.727973721170564,-0.9224980896235153,0.019105029207386128,-0.03477404493239625,0.383956003199855,-0.008533097337166517,0.4178100764482618,1.1002169604239226e-06
0.987302107298993,0.11994712536117196,1.8249651550222916,496.68583606402365,1.35735159257214,4.473358643193618,62.17313057205358,-0.9223266110258798,0.017435108772669905,-0.0390530727630128,0.3840361674795343,-0.01000412699238557,0.40840600406230637,1.4594635698330781e-06
1.0050668508903378,0.14575033719832395,1.9044082497593215,497.80785718012424,1.5501865952307534,4.468375443533862,64.15027556792757,-0.9221794441583175,0.016148496222962917,-0.042387182352655484,0.38409236971973004,-0.011187842980348294,0.3960506610665858,1.7611691904371889e-06
1.0228315944816824,0.17510848761829229,1.9836481699929436,498.96511445324063,1.7574248857732948,4.450514297283611,66.13854898760403,-0.922026215379076,0.014921070642182977,-0.045605386096173955,0.3841412934018512,-0.012358110692697086,0.37924010765002236,2.0652341278569483e-06
1.040596338073027,0.2082723516141369,2.06245885226603,500.15776919739915,1.978563299353209,4.420100625600388,68.13489896060072,-0.9218701167739327,0.01376797973024241,-0.048670889900885944,0.3841828700564908,-0.013494240322479254,0.35790906441664105,2.3603235014154516e-06
1.0583610816643716,0.24548409342444483,2.140621527649269,501.3859494724366,2.213054185966676,4.377644991275194,70.13786052468276,-0.9217147740351269,0.012704310434100969,-0.05154658920048225,0.3842172026165131,-0.014573995213014442,0.33207958514309865,2.6339001024167013e-06
1.0740830370650407,0.2819808853720386,2.2090880749273376,502.5026354225799,2.4314199422061513,4.330540813767125,71.91759954813732,-0.9215810800916696,0.01184932216609683,-0.053903917618638664,0.384241747876378,-0.015463876317620237,0.3055606117116926,2.8475309206299225e-06
1.0898049924657098,0.321989434280763,2.276747319718268,503.64737470885393,2.65975588487454,4.275032945292439,73.70703213891049,-0.9214539190456384,0.01108552669834036,-0.05605942191605921,0.3842610860683652,-0.01627476467044214,0.27576345193280566,3.024945297436162e-06
1.105526947866379,0.36566166313400067,2.3434724061835164,504.8203190904959,2.8973629314245835,4.211822507814303,75.50547530700226,-0.9213361584136337,0.01042189677292154,-0.057989927990885246,0.38427554210297304,-0.016989983836942155,0.24290937987159902,3.1576177918033725e-06
1.121248903267048,0.41313458659076824,2.409149065219213,506.0215836667846,3.1430463805449773,4.141811262287002,77.30900851249794,-0.9212305782834924,0.009866502136376305,-0.05967409012531854,0.3842854783059942,-0.017593032206506515,0.20729328487757298,3.2380513069760112e-06
1.136840020208412,0.4640830875296554,2.4731457775785333,507.24088769131026,3.3937013718323197,4.066608647370477,79.10178871344615,-0.9211404502275681,0.009429459759062713,-0.06108225834093335,0.3842912377212577,-0.018064680966232163,0.16961220387826711,3.2603648489762967e-06
1.1524311371497757,0.5189866892542332,2.5359320364013613,508.4881675012813,3.650212098855274,3.9867113719211567,80.89746986408102,-0.9210670617351927,0.009111152101349145,-0.062213809398126915,0.3842932755604288,-0.018396025308028606,0.13001727390997103,3.221619657521694e-06
1.1680222540911396,0.5779276810758477,2.597443347588807,509.76346161301205,3.9114177792352915,3.9032478959946753,82.69528357385462,-0.9210122323641191,0.008915520925417258,-0.06305641053678118,0.3842919127956518,-0.018574147236283388,0.08901648429445236,3.120322914285426e-06
1.1836133710325034,0.640967678722745,2.657633928451112,511.0667815229503,4.1757671072955596,3.817504395098921,84.49203676907811,-0.9209772905723745,0.00884479761699674,-0.0636015655990703,0.3842874182086135,-0.018588073587142685,0.04718546153397812,2.9576283487740164e-06
1.2008829312989862,0.7156214549104974,2.722733342351873,512.5430687408993,4.470258978536504,3.7215030920351047,86.47693882216204,-0.9209626906160637,0.008912564619212084,-0.06385339929729139,0.38427902670102626,-0.01840164097278707,0.0006553697236268569,2.7107275972564432e-06
1.218152491565469,0.7953697527442632,2.786176124360854,514.0536301499557,4.765600941918381,3.6259054382429077,88.46232116732692,-0.9209735568015027,0.009131467091109815,-0.06373640653542124,0.38426721595935265,-0.017995963582378073,-0.04517257131300364,2.402903743473888e-06
1.2354220518319516,0.880213843547609,2.8479838917577522,515.598487855879,5.060129865424148,3.5324387235379904,90.44895136165508,-0.9210090706343232,0.009495789075219502,-0.06325931530917517,0.3842520584435052,-0.017368651526654937,-0.08930609598063002,2.047461607794255e-06
1.2526916120984344,0.9701161203276074,2.9082105133483176,517.1775960403747,5.350903166074046,3.4431293563358305,92.4273086336167,-0.9210674642695752,0.009996448485839853,-0.06243889497794246,0.384233546368572,-0.016522881885042633,-0.13071875218213969,1.6609077403009654e-06
1.2747354133690787,1.0920786574734742,2.9829309690382506,519.2426657066816,5.712212811494226,3.338182970189158,94.92673165496797,-0.9211710429244383,0.010813727721171855,-0.0609327456707843,0.3842049680278141,-0.015141275603875187,-0.17799118286603297,1.1518577670189119e-06
1.296779214639723,1.2218590628321895,3.0554751457993508,521.3625292499727,6.05997695276345,3.246082120990813,97.40087856292018,-0.9213003460192681,0.0117989200850235,-0.05897973325353543,0.38417077371746466,-0.013455330230210333,-0.21707904067040196,6.631593567378264e-07
1.3188230159103673,1.3591159090261602,3.1261573578567483,523.5365303464345,6.389730061482059,3.16968290511201,99.83499314052291,-0.9214468675766789,0.012910445344315104,-0.0566713168118511,0.38413112733718197,-0.0115180545599824,-0.24612732059929524,2.3222068569063964e-07
1.334601969009432,1.4617046016060253,3.1758148084802342,525.1252788331187,6.611181864199021,3.126099640487658,101.53253560661234,-0.9215572801191547,0.013757077052546963,-0.05486077545932147,0.38409971149172045,-0.010015427413999948,-0.2598923426798121,-2.4001322954183655e-08
1.3503809221084966,1.5676929018303492,3.2248597541618405,526.7405626853923,6.8211214407034655,3.091988783248334,103.20308556404274,-0.9216686080083325,0.014624670353714904,-0.05296811745511851,0.38406620601385455,-0.008450289833353492,-0.26731692599224893,-2.2840666337139608e-07
1.3661598752075612,1.6769064939904845,3.273441763770595,528.3820430022988,7.020024531422552,3.0674359374634204,104.85364848905883,-0.9217777758710125,0.015493231404983742,-0.051040333799932475,0.3840311895043273,-0.006856174607042371,-0.2681394280882976,-3.776737810285341e-07
1.3819388283066258,1.7891668932027232,3.321712144680431,530.0493733703975,7.20705788600518,3.0524979345265537,106.47728222337666,-0.9218820262291648,0.016342482460904178,-0.04912586068764194,0.38399541878853183,-0.005268907945424794,-0.26226129480390353,-4.7244828004699384e-07
1.3977177814056905,1.9042774423704425,3.369821549670834,531.7420295663878,7.381062975286974,3.046978812867237,108.06106830506378,-0.9219789936730418,0.017152374632240217,-0.0472733669801281,0.3839598117099364,-0.003725746210882106,-0.24975831262671727,-5.170927479500339e-07
1.4188887290884757,2.0628374369391604,3.434368176332597,534.051663181732,7.593930576063024,3.0533236405014623,110.11326282942363,-0.9220943938976978,0.018143896172816858,-0.04496768513729099,0.38391413533388513,-0.0017902922537195156,-0.22309245581287582,-5.120190881268672e-07
1.440059676771261,2.2256673653960757,3.49919906082989,536.4038443493305,7.784778224885192,3.0735145481445794,112.08106227049194,-0.9221898832985101,0.018988011569828874,-0.042965386960445016,0.38387332843660527,-8.959166803749558e-05,-0.18620454260133718,-4.5495973665856943e-07
1.4612306244540463,2.3923400260301353,3.564581212558277,538.7969441426972,7.957601326450923,3.1049902675735424,113.98167088128207,-0.9222633245960496,0.019649281086210463,-0.04135934745379174,0.38384002190980554,0.0012975067683042166,-0.1408578769299717,-3.7290100472243154e-07
1.4784516391136988,2.5305140705416242,3.618319161498556,540.7728704329793,8.088053036328699,3.1369275454865164,115.49167439340083,-0.9223060030307444,0.0200334367864756,-0.04039724105437141,0.38382005955746673,0.0021487957104636846,-0.09928823013494838,-3.051565861461722e-07
1.4956726537733513,2.670867507144955,3.67264239811702,542.7745022933449,8.210917289850988,3.172672822205219,116.96630969696905,-0.9223331315625208,0.020269700226301927,-0.039774434319917416,0.383807473407418,0.002723380241163174,-0.05504944152100572,-2.47526898277204e-07
1.5128936684330039,2.813282723943384,3.727600731650072,544.8012074161466,8.327760461224512,3.2103802045490184,118.40321019845616,-0.9223447045376526,0.020354081707532102,-0.039506978331816,0.38380277292591986,0.0030048665932247733,-0.009694993009789148,-2.059348113640382e-07
1.5301146830926564,2.9576699761610934,3.7832118525815424,546.8523153751206,8.440213931009923,3.248174936110308,119.79998905998205,-0.922340861073499,0.020287929059826827,-0.03959853405711874,0.3838060275361324,0.0029635682933741745,0.03520161832613207,-1.8164183232373939e-07
1.549447770629872,3.1220413163393683,3.84640447440983,549.1832070409955,8.563704433169516,3.2884392122942763,121.32155184963744,-0.9223185240646024,0.02004247473263994,-0.04011794756576023,0.38381869497992005,0.0025830201855277703,0.08295380660705222,-1.7123830309195808e-07
1.5687808581670875,3.288794996559907,3.910334531064757,551.5430717743764,8.687165185656639,3.3241052416172923,122.79836106031244,-0.9222778966323031,0.01963313298010689,-0.041043080921368616,0.3838396964044384,0.0020628669720580734,0.1253983158732728,-1.6989800855110468e-07
1.588113945704303,3.4579522399634497,3.974892746116822,553.9310534246326,8.812596738917684,3.353125611371392,124.22973490815805,-0.9222203210014087,0.01908436732132476,-0.04231797035025636,0.38386729389550045,0.0013795693647839736,0.16069808918812895,-1.6869210643167123e-07
1.6074470332415185,3.6295623706886966,4.039933926192421,556.3462102077408,8.94099379548992,3.3738189975235158,125.60767568267106,-0.9221477044374183,0.01842702012210495,-0.04387223285377177,0.38389939474728385,0.0005845014343812871,0.18722848576361936,-1.5953552756831248e-07
1.626780120778734,3.803685753702421,4.105285030978592,558.7874061696444,9.072539416346938,3.3850511386355575,126.92145893528358,-0.9220627825452435,0.017696718381736573,-0.045622372487200885,0.3839337569163866,-0.000280891344726415,0.20383856044450976,-1.368730263124956e-07
1.6341628935599248,3.8708545077592733,4.130283143200355,559.7262290961535,9.123620619148392,3.386715099945086,127.40484820479955,-0.92202783599226,0.01740663804614968,-0.046323325067864296,0.3839470118622264,-0.000619159813861971,0.2074112934703727,-1.2420436547548922e-07
1.6415456663411157,3.9384021890763847,4.155288115956061,560.6685832319931,9.175189840140908,3.38691101114591,127.87806732610564,-0.9219918515441109,0.017113742043046495,-0.04703423433885137,0.38396016396880667,-0.0009577212002923848,0.2094253056480757,-1.0936771968949217e-07
1.6489284391223065,4.006332099685119,4.180289149360239,561.6143905908192,9.227151396684024,3.3856492091245487,128.34017204938476,-0.9219550818557568,0.016820235263547555,-0.04774979478547491,0.3839731064922613,-0.0012938024170599802,0.2098790487882175,-9.251279966840077e-08
1.6563112119034973,4.07464676278013,4.2052755609193255,562.5635658581571,9.2794025404651,3.382953925105266,128.79029143242104,-0.9219177960975126,0.01652830989971656,-0.04846470536575922,0.38398574025023496,-0.0016247139017790363,0.20878407958101777,-7.387165278376968e-08
1.6693262021883872,4.196020733627648,4.249256468054411,564.244785739879,9.372147211740657,3.374821746846467,129.554847457379,-0.9218516806071126,0.01602406993133307,-0.04970751659206636,0.3840069910208246,-0.0021874782660164355,0.20316559693189595,-3.764043378077365e-08
1.6823411924732772,4.3186063265922225,4.293104651258568,565.9357198856,9.465566805374488,3.362599910107403,130.28320833550467,-0.9217864603043664,0.015542794234548388,-0.05090425462699083,0.38402657527995104,-0.0027121705292184888,0.19303277856202128,1.0905561460893494e-09
1.6953561827581671,4.442414031654108,4.336768695505792,567.6359323450395,9.560006118760683,3.346571438988881,130.9816857766951,-0.9217237998819351,0.015095106158279737,-0.052028687948723645,0.3840441517315225,-0.003186115284030217,0.17872233987012143,3.986698387991376e-08
1.708371173043057,4.567459476714418,4.380201203354569,569.3450797342097,9.655830877609503,3.3270758901876594,131.65742228312564,-0.9216653440945259,0.014690591309272586,-0.05305688412920174,0.38405946672450203,-0.0035980739965943537,0.1606692350495684,7.612003110099435e-08
1.7168478854014195,4.6495744109126145,4.408344143172168,570.4629106367632,9.71841528085539,3.3127816560876138,132.0820470271915,-0.9216302816164508,0.014454393557010354,-0.05366457431149349,0.3840681385748849,-0.0038284107394942696,0.14714331298254893,9.719963672443857e-08
1.725324597759782,4.7322183558861,4.436361425938708,571.5842762064814,9.780569643374967,3.2974589220640773,132.49091194643572,-0.9215980634545914,0.014242043376927268,-0.054217360866989264,0.38407574596276606,-0.004026196905903953,0.13241556292022594,1.1557508522380781e-07
1.7338013101181444,4.815386920319177,4.464245031624041,572.7090422230953,9.84217429706667,3.2812685828976735,132.88441594371403,-0.9215690490038053,0.014055228204834156,-0.054710836170508856,0.3840822696285819,-0.004189634048138774,0.11666177047041278,1.3074689875331508e-07
1.7422780224765069,4.899074762821918,4.491988327074432,573.8370787867451,9.903060375976885,3.2643827159209877,133.2625695181326,-0.9215435536409246,0.013895333116965046,-0.055141300058651914,0.38408770070625853,-0.004317333783848936,0.10006760301927946,1.4232841209032178e-07
1.7658740703849427,5.134713656235823,4.568437276416101,576.9933461278131,10.068559515008095,3.2149948602351794,134.2454661474369,-0.9214931140320899,0.013599762349085245,-0.05598582575873428,0.38409709024255567,-0.004478125616545671,0.05108163213717175,1.540139817586011e-07
1.7839869966666408,5.3182025816718435,4.626319375341645,579.4313118752326,10.191385493011039,3.1762864560846826,134.94431064454696,-0.9214763642396699,0.013526063507910961,-0.056267363592217436,0.38409873729535,-0.004406678521385134,0.012773828180919659,1.4278564349915505e-07
1.802099922948339,5.5038591060249775,4.683509592708916,581.8814111426029,10.307003386863494,3.1389629943249595,135.5797153508472,-0.9214788112461143,0.013582288053467596,-0.05623361408887602,0.38409582504896017,-0.004174717160556131,-0.024029075686873985,1.1724438739855426e-07
1.8047166005207254,5.530849879480554,4.691716498976265,582.2362902489926,10.322735290379988,3.1338224740202456,135.66381449415633,-0.9214806923424959,0.013600649787270635,-0.0562036583231848,0.38409504689678364,-0.004128830147810211,-0.029112295418930616,1.1265358797925641e-07
1.8073332780931117,5.5578814808121875,4.699910054804918,582.5913868865196,10.33823692436968,3.128753545766995,135.74621258628594,-0.9214829438783437,0.013621489607277937,-0.056167596387582126,0.3840941818904707,-0.004079996643089264,-0.03412109339656756,1.0788456087441114e-07
1.809949955665498,5.58495338085649,4.708090437989449,582.9466972680685,10.353542242142783,3.1237541640743283,135.82724124143593,-0.9214855596447605,0.013644766206770766,-0.056125517498615496,0.3840932312366457,-0.0040282804333542635,-0.03905051430422003,1.02955760103172e-07
1.8125666332378845,5.612065109683665,4.716257828217644,583.302218240985,10.36868476643215,3.1188223316768977,135.90722806434817,-0.9214885328292881,0.01367043491167556,-0.05607751906242801,0.38409219621849716,-0.003973752498334201,-0.04389571052173272,9.788549822677759e-08
1.8177999883826572,5.666406001173034,4.7325545062757755,584.013879119611,10.398448527843998,3.1091813638369605,136.06394872056083,-0.9214955166101211,0.013728724008120979,-0.055964258687621504,0.3840898793953302,-0.0038566119080713896,-0.05331171250390277,8.740715324747576e-08
1.82303334352743,5.720900781474978,4.748801562312003,584.7263488305905,10.42749587621183,3.099858212301126,136.21633460633743,-0.9215038367462471,0.013795984308112292,-0.055828642669501244,0.3840872417122054,-0.003729144012868241,-0.06233611759543519,7.65861987058208e-08
1.8282666986722027,5.775545627705844,4.765000731257633,585.439604696914,10.455798527750977,3.0908804286488656,136.36438897242724,-0.9215134241304154,0.01387178088769446,-0.05567164559643306,0.3840842949934989,-0.0035920004121159513,-0.07093469255064129,6.557152821649336e-08
1.843914076638093,5.9397873566330786,4.8131678082082265,587.5766701442499,10.535747721372788,3.066321339017252,136.7812520141987,-0.9215489191086419,0.014144786831959834,-0.05508502328915761,0.3840737639121371,-0.00313086308920383,-0.09382269227374532,3.2809749378191426e-08
1.8595614546039834,6.10522493278975,4.860980406136309,589.7199848044457,10.608841025499903,3.045566109060877,137.16517981782408,-0.9215928015512891,0.014475780416713433,-0.05434918851004969,0.38406097230273606,-0.002609679111621832,-0.11189126355126407,3.221386420467496e-09
1.8752088325698737,6.271757682816152,4.908499540178229,591.8691200747421,10.67585443241517,3.0288570401080572,137.52703622421257,-0.9216426211920257,0.014849292966535492,-0.05350024976369137,0.38404637122401086,-0.0020499571563126428,-0.12464072786498569,-2.0465863102657063e-08
1.890856210535764,6.439290460297347,4.955790528007747,594.0237538996544,10.73664024604529,3.016443951333666,137.86823166390582,-0.9216958153525138,0.01524862849883276,-0.052577687717032015,0.3840304913876565,-0.0014742737409260199,-0.13177948190609085,-3.655410159583013e-08
1.9111350404236613,6.657735095551613,5.016851296052102,596.8237644693635,10.805640177910199,3.0069021197612806,138.27656671076838,-0.9217657274488806,0.015776819470396868,-0.05133906005169751,0.3840089970976276,-0.0007408722968753404,-0.13262776022081832,-4.5502992495134325e-08
1.9314138703115586,6.877466132519407,5.077791760113301,599.6316467057338,10.863475664060338,3.004554066091337,138.6440690747652,-0.9218321844371086,0.016283867184356673,-0.05013236568079443,0.3839877878529915,-6.412395964376111e-05,-0.1243931241921706,-4.2614603707292625e-08
1.951692700199456,7.09826355738726,5.138751624060917,602.446581772576,10.910934513870911,3.0087097873271884,138.97243200291143,-0.921891021284553,0.01673688756740557,-0.049038602693865625,0.3839683376785533,0.0005156111698982103,-0.10807301679274667,-3.187886871813099e-08
1.9719715300873533,7.319931692135036,5.199852602785427,605.2678290585072,10.949604741289427,3.018303010067726,139.26760434435042,-0.9219390282754456,0.017108199744953586,-0.04812726989651509,0.3839520352581,0.0009662025013793086,-0.08515146744535955,-1.826086137778021e-08
1.9811343476153613,7.420331552754841,5.227534530173654,606.5444898738344,10.96480929186925,3.024069710081764,139.3929244094585,-0.9219565155601872,0.017243123384547875,-0.047790838020116244,0.3839460316166631,0.0011208801037875535,-0.07310962337695867,-1.2455352904073487e-08
1.9902971651433694,7.5208648980864545,5.2552726625646455,607.8222753356246,10.978742037732868,3.03054618664552,139.5128468778832,-0.9219711832264567,0.017355552987353907,-0.04750675987477336,0.38394099890503325,0.0012432069030896991,-0.06028472566884587,-7.349383896856648e-09
1.9994599826713775,7.621520707386746,5.283072855996714,609.1011359528378,10.991565683143701,3.037594265760163,139.62764692311137,-0.9219829296360792,0.01744443165702527,-0.04727796937059558,0.3839370039357052,0.0013323737295270815,-0.04687183678035387,-3.1926672394208234e-09
2.0086228001993858,7.722289581232799,5.310939710398288,610.3810261572376,11.003448960616726,3.0450732915259655,139.73762960455662,-0.9219916873978817,0.01750903879530652,-0.04710659790115497,0.3839340954131603,0.0013880299850884677,-0.03306881140922742,-1.4638838525568296e-10
2.0265300385198484,7.919523300384473,5.365604126309289,612.8851621509789,11.02440123438499,3.0604043798504694,139.9377958475707,-0.9220000942613489,0.01756432802803832,-0.04694113537020345,0.3839316285690503,0.0014011658673799743,-0.005718261680899329,2.4640436985213134e-09
2.044437276840311,8.11711080182717,5.420545334472086,615.3927000209629,11.043101459054457,3.0758260304431864,140.1173508364108,-0.9219970826702536,0.01752681765944154,-0.04699964220502387,0.3839333982665101,0.0012929547187827233,0.020925371772920698,1.0665732553319148e-09
2.0623445151607736,8.315020599319093,5.475756242015833,617.9032711975076,11.06056130105311,3.090369182633555,140.27663072815818,-0.9219831765710048,0.017402217639691277,-0.047271099588854025,0.38393911893606775,0.001075170806441484,0.04551979851648707,-2.8839865577932886e-09
2.080251753481236,8.51323914474575,5.531213323545299,620.416520056497,11.0777483192039,3.1031744930405054,140.416568316802,-0.9219593024789849,0.01720045239112017,-0.04773402029485609,0.38394825885691164,0.0007647053429491323,0.06689327991147995,-7.354967100096321e-09
2.105698010452136,8.795446139106389,5.610366461066574,623.9918004309585,11.103280603780597,3.1170153932334665,140.58384813034152,-0.921910842045544,0.016807613596401035,-0.048660930975979934,0.3839657079895022,0.0002053125262195171,0.08990526362649415,-1.064921429389756e-08
2.1311442674230356,9.078336209307757,5.689793740376129,627.570896960554,11.131712424053134,3.1245209769338995,140.71712727585202,-0.9218499025290235,0.016333658294188914,-0.04980244254882959,0.38398615358971816,-0.0004300304508002503,0.1027498092319199,-6.614488902215663e-09
2.1565905243939354,9.361997520437,5.769324311819204,631.1529812540149,11.163998352966699,3.1250818553704574,140.81900657349573,-0.9217825580468562,0.01583070692475994,-0.051034693779218106,0.38400710522579456,-0.0010698740434385364,0.10483156790939382,5.422248737306563e-09
2.182036781364835,9.646526118595599,5.848782181199273,634.7372285480425,11.199647509798298,3.118949658992956,140.8860674991872,-0.9217155263011031,0.015350221117057089,-0.052233144921705145,0.38402636254820455,-0.0016473870915905253,0.09672355063059374,2.2448579060172184e-08
2.207483038335735,9.931994019741744,5.92800821492307,638.3227174598414,11.237597956541611,3.107079530059007,140.9163877269258,-0.9216553894678436,0.014937343023504534,-0.05328647201277642,0.38404224408873555,-0.002107485176593368,0.08000971413868224,3.93092305180275e-08
2.2329292953066346,10.218461012971467,6.006872083083303,641.9086791716948,11.27838807516687,3.090726161924217,140.92785114616814,-0.9216078369671903,0.014627022821381896,-0.05410628261354137,0.38405365503975436,-0.0024113507307463285,0.05705603597813079,5.074182239168014e-08
2.253961574586982,10.456044802352416,6.071713927992626,644.8727770141934,11.314237017532394,3.0749482464810702,140.934291466032,-0.9215809704054347,0.014463864567870766,-0.054565529460119534,0.384059324968063,-0.002530025807870029,0.03538784901147194,5.358733857121156e-08
2.274993853867329,10.694384177470551,6.13621382698492,647.8369051852476,11.349646273758474,3.0584569275504103,140.92717514838836,-0.9215666571799983,0.014390665881567616,-0.054810471387093634,0.3840615366304391,-0.002527398809353063,0.013076511055125051,5.0001790199237104e-08
2.2960261331476763,10.93344645888565,6.200370047775487,650.8006740827783,11.382691723457574,3.042466225325299,140.89923257497512,-0.9215649777196157,0.014405547788158874,-0.05484241074802634,0.3840604487974067,-0.002411336606081103,-0.008251604552127166,4.096175749752857e-08
2.3170584124280236,11.173171394743173,6.26420386577865,653.7636493749619,11.41263429161434,3.0279408488604647,140.85294878384937,-0.9215749718538016,0.014500500085264911,-0.05467766887472601,0.3840563866960408,-0.0021973469422373296,-0.02714226532374312,2.8488434638954578e-08
2.338090691708371,11.413487755181647,6.327754794217803,656.7254758557144,11.438832040826743,3.015688883204178,140.79028421632424,-0.921594796750681,0.01466232177220805,-0.054345520943120396,0.38404982027201423,-0.0019069630349846445,-0.04240781937685313,1.5048869475618704e-08
2.3651407362146863,11.723294982495966,6.409162100714798,660.5325126665422,11.466090670814689,3.0042428647737127,140.68653279312568,-0.9216307177691581,0.014941003070913252,-0.05373607280407541,0.3840386581566169,-0.0014626127152483626,-0.055383698460745756,-6.765553687158466e-11
2.392190780721002,12.033738491234946,6.4903326486134265,664.3364405542817,11.485895355479972,2.9982510215062748,140.56143845547598,-0.9216726845892576,0.01526002204680704,-0.053013550119396013,0.38402583079658276,-0.0009931079336973113,-0.060079665344644685,-9.856799726296073e-09
2.4192408252273174,12.344624257209956,6.571415392175965,668.1367853930017,11.498998020950749,2.99769405520489,140.42329815100712,-0.9217145688324424,0.015576282129883184,-0.0522814959555889,0.3840129703223697,-0.0005552387417783913,-0.056625446345497654,-1.368071969853493e-08
2.446290869733633,12.655778322009569,6.652551416591447,671.9332184085158,11.505764470008875,3.0020622141647446,140.2713354117475,-0.9217509707506026,0.01585049517687574,-0.05163620820964065,0.38400167732447227,-0.00019744491238309054,-0.04607869427352929,-1.3009126671269888e-08
2.4733409142399485,12.96704067572797,6.733861252827877,675.7253602214224,11.50723367130345,3.0103289465149796,140.10623451105593,-0.9217777376293457,0.016051430505940788,-0.0511561531856796,0.3839933168904501,4.507601021210711e-05,-0.03022484101844525,-1.0258754245973766e-08
2.500390958746264,13.27830078215052,6.815431138228027,679.5129996903555,11.506221022958924,3.0209942155406093,139.94185049419283,-0.9217922055439548,0.0161587708683342,-0.05089456471036578,0.38398883159494684,0.0001532772295856892,-0.011304698555307063,-7.522717532374013e-09
2.5274410032525796,13.589506560132532,6.897306156765008,683.2961100809428,11.503083183540237,3.0326564154803806,139.7676133207423,-0.9217932479894242,0.016164522413609952,-0.05087545757966663,0.38398861331538464,0.00012504428748847223,0.00828208171205479,-5.722459763761183e-09
2.554491047758895,13.900597591064061,6.979495028621946,687.0742072407804,11.497668355122975,3.0439778923394805,139.56818194463673,-0.9217811938324063,0.01607288969954364,-0.05109333937102213,0.38399247002162457,-2.6151688653181505e-05,0.026261795960781594,-4.491203040352373e-09
2.5689958638289747,14.06734566045972,7.023687624517144,689.0977826307083,11.494418429117232,3.049440589160003,139.4520520113937,-0.9217698593451892,0.015988518417955313,-0.05129747615772177,0.3839959844362829,-0.00014902707164869661,0.03455717946312955,-3.6697920748119585e-09
2.5835006798990543,14.23404767530442,7.067954856379576,691.1196401570048,11.491360138869311,3.0542484271026398,139.3315208752187,-0.9217555924037997,0.015883645677628514,-0.051553357971626586,0.384000315683199,-0.00029461933531139305,0.04160654265128302,-2.501695039029028e-09
2.598005495969134,14.400707268318204,7.112286329474367,693.1397150581918,11.488582904009728,3.0582790322751405,139.20618623448252,-0.9217388494402153,0.0157621140400172,-0.05185213049006588,0.38400528621996094,-0.0004572709170674643,0.04723362190126233,-8.375768479490334e-10
2.6125103120392135,14.56732796454025,7.15667019449977,695.1579255970083,11.48597917763291,3.061460153997154,139.074133310762,-0.9217201505086405,0.01562815823591437,-0.052183891153547685,0.3840107048826812,-0.000631001120912729,0.05131650899353107,1.4035098593063756e-09
2.627015128109293,14.733912784310075,7.201093683237128,697.1741743795063,11.483653713668446,3.063732215092444,138.93575168092076,-0.9217000623131408,0.015486235325981956,-0.052538090565745016,0.3840163762349109,-0.0008097479015166266,0.053790458968548734,4.217979178727573e-09
2.6415199441793726,14.90046687601793,7.245543328775027,699.1883775936765,11.481769989120757,3.065060587103005,138.79228823824832,-0.9216791802508233,0.015340864174004097,-0.052903919133243084,0.3840221087402432,-0.0009875785286306243,0.05464728529715814,7.514956372557176e-09
2.656024760249452,15.066996783493202,7.290005489955615,701.2004628825352,11.480317913766294,3.0654599750173834,138.6437180372705,-0.9216581093506779,0.015196472418562245,-0.053270678726479316,0.3840277218065719,-0.0011588810409389342,0.05393262611774861,1.112535868670249e-08
2.669956988477473,15.226935079354075,7.33271206523347,703.1310516592765,11.479198245880067,3.0650221473771433,138.49534052666877,-0.9216382456079311,0.015062605605326393,-0.05361431203126153,0.3840328481997204,-0.0013125059181737704,0.051854416224121264,1.4677173315216403e-08
2.683889216705494,15.386860549885046,7.375407177260133,705.0595458527422,11.47850308913799,3.063820941613919,138.3433635112474,-0.9216192582792919,0.014936922289600972,-0.053940944944099296,0.3840375858482465,-0.0014513889982865175,0.04853688349229421,1.8077705430687445e-08
2.697821444933515,15.546779577180725,7.418080643788607,706.9859044070903,11.478281955074548,3.061926354895751,138.1889630034824,-0.921601607596941,0.014822432942738217,-0.05424305704100848,0.3840418278649191,-0.0015721777969888277,0.04413466999765122,2.1093975665916857e-08
2.711753673161536,15.706698727926868,7.46072342412279,708.9100992268519,11.478518210348296,3.05943115137995,138.03287790463693,-0.9215856983686708,0.014721679357454272,-0.054514198953958,0.38404548898590035,-0.0016722267160163523,0.03882797771088236,2.3514123803950407e-08
2.7338899271535486,15.960798748288777,7.5283959113028205,711.9628446707314,11.479426202582669,3.0545403796017543,137.78032893982575,-0.9215647862680469,0.014594481532914034,-0.05486921082767891,0.384049968820761,-0.0017843176756747053,0.029032036185244046,2.5748022266972368e-08
2.756026181145561,16.21491917351536,7.595952048331485,715.009912279172,11.480226371274087,3.0490057468502414,137.51937751362763,-0.92155003371106,0.014512018235591612,-0.05511922809910476,0.3840526893452045,-0.0018358948159732664,0.018304319421589523,2.5698140447558982e-08
2.7781624351375735,16.46904889206041,7.6633838152465525,718.0510902788409,11.480138837868207,3.0433950439827346,137.24783836772153,-0.9215418448067054,0.014475829083178505,-0.05525883132313418,0.3840536388350054,-0.0018280580402660332,0.007502161564709413,2.3415855674639577e-08
2.800298689129586,16.723165547211153,7.730694760207964,721.0861704816623,11.479021285937394,3.038166861684619,136.96898651042645,-0.921540077336524,0.014483941446476101,-0.05529112000845869,0.38405292235150795,-0.0017662470829734017,-0.002573273262640428,1.9338750097038207e-08
2.8253772460537756,17.01101402478695,7.806822505807625,724.5171476049393,11.476505558556568,3.0331953962847638,136.64929609159356,-0.9215450383234264,0.01454031764557844,-0.05521144755038332,0.3840503544278019,-0.0016423166177391513,-0.012236738248213894,1.3418716816264381e-08
2.850455802977965,17.29877299725219,7.882844084016349,727.94001877641,11.471618675459819,3.029800823643742,136.32090499881562,-0.9215558361132958,0.014635587810279523,-0.05503370266930767,0.38404634154247363,-0.0014781135696113167,-0.019319035974665236,7.245891483398401e-09
2.875534359902155,17.586373136505568,7.958804299100729,731.354521650877,11.463758939212795,3.0283529247652208,135.98168216464703,-0.9215704727251257,0.014755755559788482,-0.05479046926065534,0.38404140173945045,-0.0012931882015777515,-0.02336283826156763,1.7915151619615498e-09
2.9006129168263444,17.873738803206717,8.03475416186068,734.7603990661363,11.453000346704565,3.02895966427578,135.63373812728065,-0.9215867470766422,0.014885535692252745,-0.05451807778311957,0.3840361062459183,-0.0011075122252745748,-0.02423158855781987,-2.3376149626270275e-09
2.925691473750534,18.160799466559535,8.110744555869795,738.157450946673,11.439456934811805,3.0315626438095347,135.27788299270625,-0.9216025195811965,0.015010063942339042,-0.054252475395300696,0.3840310221186435,-0.0009393784259264846,-0.022089304695719746,-4.93224792010825e-09
2.9634022063100436,18.591739163673942,8.22518853086568,743.248607206964,11.414635878818466,3.0386783458803786,134.7306862867284,-0.9216212922019572,0.015159584968811224,-0.05393467988210603,0.38402486725278595,-0.0007511540109552384,-0.014207374911339807,-6.281391247024941e-09
2.992140157054207,18.919467992390018,8.312614722478664,747.1144103535298,11.393053637480152,3.0459833524781126,134.30653574333388,-0.9216289715293918,0.015224837434056207,-0.053804550584762065,0.38402210828233996,-0.0006784784338752444,-0.005635215772835006,-5.806873254947393e-09
3.0208781077983704,19.246553474099922,8.400264882823018,750.9679440038393,11.369982289357388,3.0541490551878363,133.8768505770216,-0.921629588418117,0.015239181045479928,-0.05379513460441055,0.3840213727311771,-0.0006732772941480356,0.00386058600850484,-4.483776359492612e-09
3.049616058542534,19.572962861042612,8.488153605049481,754.8090484938882,11.346117020183923,3.0624672551637335,133.4415155303154,-0.92162287057977,0.015201616227248216,-0.05391130262778153,0.38402268732205136,-0.0007324513445334104,0.013110089563760098,-2.507888449107401e-09
3.0783540092866972,19.898682382113602,8.576275842382522,758.6375567195694,11.322074891752509,3.070291784674531,133.00015895873318,-0.9216093646459227,0.015117226778384592,-0.05414308637177936,0.38402581939638714,-0.0008457621020299076,0.021073157726707446,1.1037863540716922e-10
3.1070919600308606,20.223712861776725,8.664609946480788,762.4532778380628,11.298230771303029,3.077123846806135,132.55136985598156,-0.9215903063867852,0.014996015136458827,-0.05446822148030172,0.38403033221058186,-0.0009977813355368174,0.02695595692762515,3.3909526640184637e-09
3.135829910775024,20.548067788773587,8.753121843691272,766.2560183952129,11.275162613775551,3.0825973299532774,132.0971054158992,-0.9215674425899932,0.014851325170297497,-0.0548557901380294,0.38403566260156385,-0.0011701444468197168,0.030274414366091802,7.216117391567415e-09
3.1645678615191875,20.871770732516076,8.841770208469386,770.0456076711819,11.252864184293838,3.086593057753176,131.63587194541532,-0.9215428111578915,0.014698011464418992,-0.055270549295755644,0.38404120770685435,-0.0013439272383970924,0.03087990537550241,1.1243752130546235e-08
3.179351987300677,21.038052280020317,8.88741372221729,771.9899580134761,11.24173837768775,3.088075705224953,131.39629683538882,-0.9215301654945155,0.01462079009866165,-0.05548243141198797,0.38404394846209594,-0.001427872728523221,0.03017672024514555,1.3217842494621337e-08
3.194136113082166,21.20417114696559,8.933076477973586,773.9307574393061,11.230856517865943,3.0891968738687017,131.15550462604887,-0.9215178822787289,0.014547002711370357,-0.05568762227891549,0.3840465273260844,-0.0015055249318211119,0.028851714574985907,1.501901661520918e-08
3.2089202388636555,21.37013090798137,8.97875337235484,775.8679898745047,11.22021347148826,3.0899893943856975,130.91375365639558,-0.9215062089601154,0.014478263054825824,-0.0558821097573186,0.38404888634671563,-0.0015751741215838668,0.02697512079583959,1.656918128524059e-08
3.237029597131304,21.685247311548228,9.065624253328242,779.5414281597166,11.20072347715928,3.0907085188261854,130.45349187158,-0.92148638129918,0.01436579033908203,-0.0562114845980742,0.3840526178548822,-0.0016813305095915287,0.022163193475587928,1.8607086293379056e-08
3.2651389553989527,21.999831389443774,9.152501849052221,783.2019429577882,11.18233834243326,3.0905363956165006,129.99490996516522,-0.9214706999848928,0.014283522405384129,-0.05647157969261988,0.38405515482202385,-0.001751547883487573,0.016396342197365254,1.9164996885546806e-08
3.2932483136666013,22.313916636593497,9.239359927882026,786.8495863584521,11.165267273895761,3.089287766890172,129.53762301110106,-0.9214599425991427,0.014235606371090902,-0.056650576674751915,0.3840563816676702,-0.0017482639127764103,0.009595861790715152,1.8121359935904216e-08
3.3199201639197335,22.611512688464128,9.321730409617814,790.2988219830581,11.150295693554572,3.0871327605039487,129.10496476540422,-0.9214552577725542,0.014226883383253269,-0.056730140784747606,0.384056193826492,-0.0016339073536954705,0.0018175551012737455,1.558003593479508e-08
3.346592014172866,22.908719463901623,9.404036443649131,793.7365337143891,11.13611403569341,3.0844244135058,128.67350467835382,-0.921456694439732,0.014257480879267282,-0.05670984305328814,0.3840545947265579,-0.0014224257960552726,-0.006624680676046662,1.1794975803699962e-08
3.3656502722822212,23.120858455084836,9.462802147001293,796.1858948455629,11.126190641076784,3.0824095604852606,128.3659424336678,-0.9214616564104615,0.01430404135659283,-0.056631038478055215,0.3840525776406823,-0.0012262051013659033,-0.012616137266014625,8.658109298987479e-09
3.3847085303915767,23.33280835580972,9.521530321680013,798.6294004125901,11.116217515655196,3.080538044922537,128.05900942588576,-0.9214697792713227,0.014370115233876461,-0.05650028479170151,0.3840498723663386,-0.0010082951134039479,-0.01820348634964567,5.540202067968611e-09
3.403766788500932,23.544566683800827,9.580225134160928,801.0670625132138,11.10602566053153,3.078965961917634,127.7527235213448,-0.9214807642851393,0.014453650057734854,-0.056322088561865165,0.38404654960419404,-0.0007818148402472506,-0.023125266916689674,2.7641330238820246e-09
3.4228250466102876,23.75612783350813,9.63889360409579,803.4988935926056,11.095476703798047,3.0778190424829655,127.44710036626854,-0.9214941695345726,0.014551779742437172,-0.05610326413933497,0.3840427063023406,-0.0005588123447146622,-0.02718256551329421,5.823378720302088e-10
3.4442905237864556,23.99416521522438,9.7049519686762,806.2309190518298,11.08303083763559,3.077157956683502,127.10368238970482,-0.9215115118317394,0.014675618672527396,-0.05581838697432443,0.3840378955227851,-0.0003255379588882008,-0.030534377648964283,-9.84576849221226e-10
3.4657560009626236,24.23192865174734,9.771003600575872,808.9555820600333,11.069885749575826,3.0772503818139123,126.76112887825062,-0.9215304055771812,0.014808370155837414,-0.055505962977206454,0.3840327527810338,-0.0001243527594306126,-0.032482867561408064,-1.5980873603795545e-09
3.4872214781387916,24.469401966376378,9.837065699149468,811.6729018933455,11.056002736032749,3.07812492137972,126.41948156801811,-0.9215499462469222,0.014944376744413344,-0.055180679446621264,0.38402747691416056,3.4203138215973556e-05,-0.03301378485968934,-1.4449324613823486e-09
3.5086869553149596,24.706569112026994,9.903155122859047,814.3828981419655,11.041397988067335,3.079759526810391,126.07878652193682,-0.9215692865624272,0.01507832644713008,-0.05485660960933351,0.38402226038879367,0.00014299304775913148,-0.032195616221911826,-8.215084357783425e-10
3.5301524324911275,24.943415195303906,9.969287451901222,817.0855906531818,11.026124903877898,3.082091577071749,125.73901716745101,-0.9215876757297581,0.015205488605722585,-0.05454654790093152,0.38401728074230684,0.00019821405139474146,-0.030164161224331083,-3.927799069959419e-11
3.5572209002518287,25.24160573779511,10.052764119240262,820.4833671976083,11.006050445474855,3.085874867773085,125.31178303320476,-0.9216085343887326,0.015350013833511849,-0.05419259198833712,0.38401157820307197,0.000190806806590772,-0.026172277725300366,7.908361908156884e-10
3.58428936801253,25.539243370985627,10.136353125576553,823.8695971557983,10.985302922578608,3.090355044649308,124.88581423960949,-0.9216258940251549,0.015471237075105075,-0.05389623093046568,0.3840067472276063,0.00010300643511312287,-0.021038116459424914,1.1559249339478805e-09
3.611357835773231,25.836313751918244,10.220069468078218,827.2443136683731,10.96419132905649,3.095227730707853,124.46104890419936,-0.9216391519936535,0.015565497094559217,-0.05366889664333337,0.3840029427860188,-5.291180664735289e-05,-0.015307327831152866,1.0074510301809405e-09
3.638426303533932,26.132811300161904,10.303919598528694,830.6075482028778,10.943049308132709,3.100173104535218,124.03744892936643,-0.921648110308741,0.01563184801238629,-0.05351498020903031,0.38400021200297246,-0.00025955987867553156,-0.009534911415093295,5.400007263048902e-10
3.6654947712946333,26.428739558110138,10.387901333839931,833.9593315985875,10.922198998256794,3.1048875572776615,123.61497712792266,-0.9216529560962254,0.01567193915571568,-0.05343196317927336,0.38399849497002875,-0.0004965004530874534,-0.0042324121815708405,7.16480133020642e-11
3.7047819813180047,26.85726276732989,10.510005453782446,838.8038044620114,10.89300574510879,3.1108099193854075,123.00372661417698,-0.9216537602670963,0.015691452031823712,-0.053419542771876105,0.38399748750043955,-0.000851873898351322,0.0018002070240994046,-1.0754977910987457e-10
3.735878986252767,27.195659226817867,10.606801555652426,842.6213511245496,10.871180217000624,3.114386527365458,122.5215437019892,-0.921650669474556,0.01568503861024832,-0.053474603810656864,0.38399750882169154,-0.00110659287613429,0.004660375458728756,4.27686186532463e-10
3.7669759911875293,27.533397270258945,10.703691395509976,846.4239263593095,10.850679147931661,3.116826497652945,122.04084695978385,-0.9216459256611077,0.015670514722469886,-0.053558508723420786,0.3839978028737023,-0.0013116164749981433,0.005627736586290022,1.3645460269051886e-09
3.7980729961222917,27.870518641513506,10.800639328380013,850.2115752140535,10.831514094412315,3.118133037370383,121.56156470143212,-0.9216411014722448,0.01565826380738447,-0.053643975024337806,0.3839979578527055,-0.0014512767281258563,0.004764892852097487,2.257133361919483e-09
3.829170001057054,28.207063490451425,10.897611653914236,853.9843408875956,10.813567842863904,3.1184281179815962,121.08362294722559,-0.9216376471730474,0.015657541142468787,-0.05370596744928173,0.38399761374152114,-0.0015186630357462661,0.0023311030981313925,2.63313155735591e-09
3.8602670059918163,28.543066729716003,10.994579957662287,857.7422649022525,10.796626986212274,3.1179254416752444,120.60700426713318,-0.9216367394708022,0.01567556167060048,-0.053724247587420136,0.38399649583282597,-0.001515428442519487,-0.0012680241907417386,2.186569796033496e-09
3.8913640109265786,28.878555470326138,11.091523515184061,861.4853885471366,10.7804136953512,3.1168982018632128,120.13173527712131,-0.9216391707902085,0.01571690043087152,-0.05368514009717259,0.38399443381295606,-0.0014507556909108177,-0.00553943793200181,8.774658331748299e-10
3.922461015861341,29.213547568403623,11.188430605788811,865.2137541180399,10.764619159617867,3.115644139682073,119.65785425272728,-0.9216452919350353,0.015783245732899107,-0.053582393244815237,0.3839913673253917,-0.0013396155108489913,-0.009964455844847134,-1.0801584132658845e-09
3.953558020796103,29.5480512415307,11.285298726932892,868.9274052270111,10.748938391729734,3.114451278265645,119.18539268312914,-0.9216550120632047,0.015873492773329043,-0.05341714358702058,0.38398734043052174,-0.0012005655950977536,-0.01405708551182593,-3.3175941518608375e-09
3.999295281969162,30.039147017354992,11.427714221075018,874.3627778630274,10.725558628073895,3.113302062705917,118.49324889708627,-0.9216748084942098,0.016042117491778526,-0.0530772812544036,0.3839799615662746,-0.0009855745549676611,-0.01866872342857887,-6.375918191303034e-09
4.034626462929692,30.417766651637052,11.537706229307952,878.5398739319799,10.70689400321713,3.113220987961781,117.96090017671452,-0.9216930756476253,0.016191357260687312,-0.052760880626557205,0.38397347054855696,-0.0008445087611349953,-0.020605945421969533,-8.03288917549564e-09
4.0699576438902225,30.79571499508933,11.647709804668002,882.6981959506048,10.687543342682812,3.1139667093280265,117.43051064144593,-0.9217123329088103,0.016346457908494313,-0.05242484486061826,0.38396671160028906,-0.0007480576715159813,-0.020977750075922924,-8.982279271763494e-09
4.105288824850753,31.172967433583462,11.757754076527211,886.8378121256384,10.667509218019246,3.11551004096748,116.90199020170644,-0.9217311341087785,0.016497868726470157,-0.05209447326054974,0.3839600730711776,-0.0007083079231109183,-0.01989023494120087,-9.375519406529828e-09
4.140620005811283,31.54950161485084,11.867865153231193,890.9587875885153,10.64691745749937,3.1177114281771257,116.37527919162451,-0.9217482483166758,0.016637513807559345,-0.051791886808971434,0.38395389416248654,-0.0007286860222070847,-0.017629014829235592,-9.424529759982146e-09
4.1759511867718135,31.925301309377975,11.978062712226574,895.061185324383,10.625984238324067,3.1203528602219537,115.85034011212836,-0.921762792394808,0.016759687214769756,-0.051533480874180866,0.383948423833269,-0.0008045585887236407,-0.014600003758841058,-9.2793583201204e-09
4.211282367732344,32.30035897926481,12.088357836338622,899.1450670243586,10.604975765040875,3.123174750750966,115.32713629864816,-0.9217742992110852,0.016861540835295098,-0.051328414652195856,0.38394379417493724,-0.0009247128961116939,-0.011264290787554686,-8.984056370746947e-09
4.246613548692874,32.6746770609866,12.198752196458305,903.2104951942848,10.58418041019604,3.125912553757102,114.80574194209733,-0.9217827249076098,0.016943149654138363,-0.05117820168366073,0.3839400117778139,-0.0010735016759057959,-0.008073907791868585,-8.509221028028096e-09
4.281944729653405,33.04826765310503,12.30923853518883,907.2575331860015,10.56384999157519,3.128332363280567,114.28613823868453,-0.9217884053008925,0.017007198023293472,-0.05107731571335259,0.3839369674584375,-0.0012333179806497802,-0.0054157278010826945,-7.82606837504511e-09
4.327300351312985,33.52682233338504,12.451184004449006,912.4259695664832,10.538717192465763,3.1307029582177477,113.62156415107727,-0.921792696512072,0.017071221097267886,-0.051002074115879974,0.3839338188961322,-0.0014280088981755597,-0.0032083061452356943,-6.741125043808474e-09
4.363735221928774,33.91044512492173,12.565274682737058,916.556059584892,10.519457407005772,3.1318760667839207,113.08957235864959,-0.9217948227993124,0.017115844382540508,-0.05096566798268848,0.3839315610928111,-0.0015567340562114363,-0.0026025890837609407,-5.869352467186464e-09
4.400170092544563,34.29338179011561,12.679395944866037,920.6667970324014,10.50105137493944,3.132384175865581,112.55921325629345,-0.9217968324692476,0.017161752265635422,-0.05093148416246434,0.383929225011276,-0.0016496563662124798,-0.00302315708564605,-5.240173921088843e-09
4.436604963160352,34.67566248342605,12.793524633388289,924.7582409156995,10.483433945864196,3.132300326703333,112.03049260382677,-0.9217996266540273,0.017215006884165367,-0.050883137463364765,0.3839265461968954,-0.0017025778682811209,-0.004314642320393101,-5.072036176850843e-09
4.4730398337761414,35.05731382402598,12.907641340682268,928.8304508881359,10.466475314264517,3.1317570295849344,111.50342986725222,-0.921803915232241,0.017280226573768747,-0.050807638951278315,0.38392332238441934,-0.0017168541176228998,-0.006227806657680447,-5.490348566458349e-09
4.5094747043919305,35.43835705023603,13.021732226340923,932.8834893655281,10.45001489493957,3.1309216721794453,110.97814407401329,-0.9218101429625821,0.017360143285927863,-0.05069671627599146,0.3839194321952483,-0.0016985759487994827,-0.008462756216687366,-6.483780692802331e-09
4.54590957500772,35.81880693579794,13.135789892999627,936.9174213642235,10.433865182114943,3.1299734213541046,110.45464929203312,-0.9218184595043307,0.017455457326543272,-0.0505473570147194,0.3839148413906153,-0.0016572839444564693,-0.010711479174562976,-7.91553849229151e-09
4.582344445623509,36.19867135026355,13.249813362592704,940.9323112148918,10.417838718916753,3.1290799797763174,109.93287483662068,-0.9218287319536375,0.017564967670747198,-0.05036161889422681,0.3839095979492468,-0.0016044115208128107,-0.012696399214328068,-9.575581686150305e-09
4.618779316239298,36.57795183651317,13.36380726524705,944.9282209323956,10.401779476491738,3.1283778676721914,109.41276265562095,-0.9218405925542352,0.01768592149921614,-0.05014584000208131,0.38390381839260623,-0.0015516617044197413,-0.014200932483032004,-1.1244697697796305e-08
4.663129449856114,37.038835923091426,13.50253858046527,949.7666928326069,10.382039601086854,3.127908580330817,108.78188018598304,-0.9218564090788534,0.017843113708667938,-0.04985621940591761,0.3838962985616792,-0.0015024175291115127,-0.015197490528659792,-1.3042366916300108e-08
4.70747958347293,37.498838526302,13.64125951126061,954.5772392597532,10.362010968952346,3.127922304092205,108.15342876040603,-0.9218727040877571,0.01800395442583032,-0.04955577584432058,0.38388857134149734,-0.0014828459380624433,-0.01521485600026936,-1.4398091065679724e-08
4.751829717089746,37.95794684705645,13.77999113595149,959.359967424853,10.341717160373964,3.128382373793257,107.52739278430475,-0.9218884180059713,0.01816108024939614,-0.049264146831375644,0.38388097392455633,-0.001500562933222237,-0.01435553226999606,-1.5239514703792767e-08
4.796179850706562,38.41615128735772,13.918750978559101,964.1149842961199,10.321278960963987,3.1291654165264364,106.903777577858,-0.9219027038360376,0.018308682461389007,-0.04899747383175132,0.3838737822900331,-0.0015559715914575535,-0.01286163173312634,-1.5580507452036474e-08
4.8405299843233776,38.87344929878421,14.057549724858482,968.8423987582985,10.300886889230473,3.130093174197368,106.28265683273561,-0.9219150472507706,0.018443369376874574,-0.04876594858665407,0.38386716622106165,-0.001643040542394026,-0.011056191933741284,-1.5477677776092675e-08
4.8848801179401935,39.32984714169228,14.196389583717206,973.5423195065939,10.280736729413466,3.130972127400147,105.66394492049973,-0.9219253093358837,0.018564463836840704,-0.04857275392956281,0.38386116921498303,-0.0017509998814117392,-0.009275466654770874,-1.5015039546251066e-08
4.9292302515570094,39.78535962663028,14.33526437542306,978.2148511293914,10.26100359205838,3.1316275680339123,105.04750529932697,-0.9219337002052926,0.018673785670176624,-0.04841437940548601,0.3838557143382759,-0.0018672094573360923,-0.007811684766175058,-1.4310752206480883e-08
4.973580385173825,40.24000856608168,14.474161041948244,982.8600928729396,10.241822312063064,3.131930399130829,104.43324907405136,-0.9219406993575446,0.018775047315292715,-0.04828202605935565,0.3838506301910249,-0.0019794093671196573,-0.006869777628651525,-1.3528370115796624e-08
5.017930518790641,40.69382047134244,14.613062095198094,987.4781404532049,10.223270213447991,3.1318126554169448,103.82114203212647,-0.9219469446611529,0.0188730202293765,-0.04816369281748733,0.3838456898504214,-0.0020775502276598494,-0.006545012102615173,-1.2868736011629547e-08
5.062280652407457,41.146823807602175,14.75194846529538,992.0690883809112,10.205358850543183,3.131270756689785,103.21117278337434,-0.9219531114470769,0.01897263870272224,-0.04804650262323765,0.38384065427102054,-0.002155075562566082,-0.006822091165885343,-1.2532560981551767e-08
5.106630786024273,41.59904634238267,14.890802234125335,996.6330326383406,10.188046317254074,3.130357726348294,102.60340642015106,-0.921959801259532,0.019078194756634075,-0.047918859708714734,0.38383531201239085,-0.0022095201401761575,-0.007592290255553207,-1.2668758471940722e-08
5.164520123764499,42.18818895869352,15.071972789324404,1002.5497935688018,10.166195615488453,3.1287662009972266,101.81347076219518,-0.9219700220852426,0.019229737494180835,-0.047722779261715725,0.3838276337390986,-0.0022488322788244627,-0.009050315421110112,-1.3632372817283498e-08
5.222409461504724,42.77608591541867,15.253042882897246,1008.4209332877172,10.144927480603066,3.1269652388231277,101.0272542732496,-0.9219823313575387,0.01939937814683333,-0.04748506260808205,0.3838190202199941,-0.002262885187148476,-0.010600009914583805,-1.536198658756376e-08
5.2802987992449495,43.36276256217371,15.434007776321769,1014.2466623134244,10.123961125051697,3.125200785741606,100.24459151067003,-0.9219965386394712,0.019585317398043516,-0.047208722385260006,0.3838095446425484,-0.0022678087389827505,-0.011836577445411132,-1.7505309067712836e-08
5.328406997757315,43.84939142886288,15.584322668712021,1019.0536571837303,10.10662304896636,3.123885893139639,99.59681671323236,-0.9220092741956866,0.019748262393300305,-0.04695924968930231,0.3838012037299554,-0.00227696078374761,-0.012437682883091428,-1.9274334091651938e-08
5.376515196269681,44.335186098463275,15.734579211419037,1023.8295470889087,10.089301360064466,3.1227513115145085,98.95144774062976,-0.9220223265477727,0.019914632929745112,-0.04670185802658336,0.3837926510829902,-0.002275463892816746,-0.012600721492236256,-2.0787403526483075e-08
5.424623394782047,44.820139853877244,15.884781109386967,1028.5744477839598,10.07163112745106,3.1215773384563796,98.30850296856185,-0.9220351371856613,0.020083020711719496,-0.046447573427599566,0.38378395017358435,-0.002560329719309708,-0.012279004791174952,-2.2278995304415004e-08
5.472731593294412,45.30422810449493,16.0349199707768,1033.288477570633,10.053185771113515,3.1200462060952603,97.66806913084216,-0.9220469067010173,0.020260247627073732,-0.046211996426372436,0.38377479310388235,-0.003687318270192741,-0.011418390885386272,-2.480531638872207e-08
5.520839791806778,45.7874116172226,16.184975086729292,1037.9717577512383,10.033943438452537,3.118037123391052,97.03017134062688,-0.922056612332339,0.020462536126721175,-0.046015020373154324,0.38376440913384546,-0.005848908133493918,-0.010096434141447615,-2.972875182265702e-08
5.530461431509251,45.8839358938427,16.214973614372752,1038.9047346582881,10.03004757868708,3.117595308802423,96.90288498784003,-0.92205821089265,0.020507961562983033,-0.04598214429324579,0.38376208410855644,-0.0063627299317274505,-0.009799924713338877,-3.114856778200419e-08
5.540083071211725,45.98042256430862,16.244967789334193,1039.8364873303117,10.02614496750941,3.1171431659810103,96.77569053623147,-0.9220596889405382,0.020555191967214392,-0.04595159131614262,0.38375966559616415,-0.006890202447621834,-0.009498737171493302,-3.271641913053551e-08
5.549704710914198,46.07687169179911,16.27495758237099,1040.7670166200955,10.022237250945151,3.1166805774478608,96.64858691021223,-0.9220610454680578,0.02060421908542952,-0.045923357631424695,0.383757156785176,-0.007428875379283349,-0.009194891924434224,-3.437116458582262e-08
5.559326350616671,46.173283247245095,16.304942899910092,1041.696323393292,10.01832740081623,3.1162081977483,96.5215738053046,-0.9220622785214838,0.020655075996460038,-0.04589746334757014,0.3837545580073917,-0.007975860913508192,-0.008890403831665368,-3.6070817613327555e-08
5.568947990319145,46.2696571959514,16.3349236345531,1042.62440852282,10.014419095336763,3.1157271386344956,96.39465092889161,-0.9220633867644563,0.02070780463981675,-0.04587392821077309,0.38375186760461694,-0.008527537795386354,-0.008587308335357443,-3.779645425318817e-08
5.588191269724091,46.46229248222465,16.394871073819793,1044.4769172974852,10.00662019254617,3.1147427551098836,96.14107349448304,-0.9220652307766244,0.020818911051637464,-0.045833878423778646,0.38374621068279974,-0.009630683351308744,-0.007993039718373129,-4.125488478045427e-08
5.607434549129038,46.6547781268515,16.45479934377508,1046.3245498252759,9.998868206502713,3.113736255710754,95.88785055121414,-0.9220665869480541,0.020937560580134736,-0.04580300629167006,0.3837401825813933,-0.01070904634186919,-0.0074269938330641825,-4.4659700690618825e-08
5.6266778285339845,46.8471152410447,16.51470808291661,1048.167312894413,9.991187849780092,3.1127154563097736,95.63497800056604,-0.922067475638822,0.021063559538102915,-0.045780875519416765,0.38373379235527844,-0.011736481520352206,-0.00690258317074967,-4.7905702795507546e-08
5.645921107938931,47.039305411761646,16.574597089400957,1050.0052132096978,9.98360123146366,3.1116875463142715,95.38245195464937,-0.9220679276146911,0.021196528526363802,-0.04576683823749374,0.3837270586471306,-0.012689871950185696,-0.006431447420673827,-5.090340822339306e-08
5.682916954778692,47.4083922525037,16.689680130008057,1053.5250011005162,9.969347375167073,3.1097152963684898,94.8979228782788,-0.9220677235841145,0.021469671698771547,-0.045759430209633564,0.3837132472088967,-0.014244867804111919,-0.0057084538472813385,-5.5822613319796815e-08
5.719912801618453,47.776960646873704,16.80469064428456,1057.0268866153506,9.955618591773549,3.107781866908332,94.41463924651963,-0.9220664066896481,0.02176163732970214,-0.045771752296717504,0.3836984969653198,-0.015345640694242107,-0.005264683287168903,-5.962809657174764e-08
5.756908648458214,48.1450315847932,16.919630734966688,1060.5109154423615,9.942474687678075,3.105915946508841,93.93258375652344,-0.9220644088878432,0.022066071012157854,-0.04579526315065031,0.3836831086763388,-0.015937526182347103,-0.005116502588368847,-6.267129656624594e-08
5.7939044952979755,48.5126274460777,17.03450332876424,1063.9771330888377,9.929928945001796,3.1041329427056374,93.45176487139155,-0.9220621849682908,0.022376134356976968,-0.0458211719798144,0.3836674045616024,-0.016018149891262285,-0.005251240384648228,-6.54583412855486e-08
5.830900342137737,48.87977008142422,17.149311595934794,1067.4255863267176,9.917955797925435,3.102435308310484,92.97224510870196,-0.9220601634867843,0.022685280643172195,-0.045841396947541434,0.3836516925416116,-0.0156311455490552,-0.005632211545558146,-6.839300212131917e-08
5.87525442864766,49.31936475721442,17.28687371860631,1071.536565596102,9.9042510739747,3.1004968992192015,92.39901129166944,-0.9220585050832042,0.02304693173830283,-0.045849035339896586,0.38363321089951075,-0.014667007342922967,-0.006335723299057941,-7.223478075027707e-08
5.919608515157583,49.75836362928171,17.424351459167728,1075.6221589168294,9.891089473461294,3.0986294361070947,91.82754899111367,-0.9220581139147511,0.023391788856352257,-0.04583091313218283,0.38361544638571005,-0.013337440438924644,-0.007198173665052971,-7.618099175583667e-08
5.963962601667506,50.1967868174811,17.561746987641595,1079.6824444020822,9.878279260373507,3.0967867129945765,91.2578281673686,-0.9220592539533903,0.023715219540793468,-0.04578260742953152,0.3835986177272878,-0.011847117596794611,-0.008101118690871753,-7.967635217346804e-08
6.008316688177429,50.63464589987235,17.699060300439537,1083.7174990770914,9.865627347381805,3.0949167160313342,90.68983855781711,-0.9220619675844377,0.024015780617136093,-0.04570377649143075,0.3835827948230665,-0.010399366876790809,-0.00893322547430337,-8.21518529461837e-08
6.062528984807711,51.16906342174968,17.866778187013008,1088.6152375546897,9.850124439522325,3.092519384004236,89.99795380520189,-0.9220671860634524,0.02435432216483235,-0.045570780068903194,0.38356472260939267,-0.00894983507467226,-0.009718566100077637,-8.339915522984338e-08
6.116741281437994,51.70263673969656,18.034361733462344,1093.4755375302648,9.834350529700494,3.0899243162551735,89.30864697274616,-0.9220738882063876,0.02466881550339302,-0.045408951178413745,0.3835476992468619,-0.008079353747890232,-0.010142692430405022,-8.295482126250201e-08
6.1604741034800155,52.13243829061993,18.169443991491494,1097.3691338010228,9.821337776774342,3.087648204073983,88.75451003323184,-0.9220797138617693,0.0249139938517489,-0.04526954785078558,0.38353432382127167,-0.007885356953662739,-0.01019301734314614,-8.202948502597478e-08
6.204206925522037,52.56166462117299,18.304422863104847,1101.2385341517888,9.80807065227048,3.085199125114235,88.20213673173659,-0.9220853644876221,0.0251593575402362,-0.04513212283557977,0.383520918540279,-0.008135648149714205,-0.010002887146699424,-8.133293283485193e-08
6.247939747564058,52.9903054594962,18.43929083809184,1105.0838143741614,9.79459450164685,3.0825833526334074,87.65146844403365,-0.9220903967113147,0.02541144911750952,-0.04500453692698572,0.38350719364113994,-0.008766859797268715,-0.009618658868285,-8.137139783187314e-08
6.29167256960608,53.418353525585964,18.574041008703233,1108.905048480758,9.780984680964547,3.0798181443517754,87.10242305390486,-0.9220944645917231,0.025675579801664725,-0.04489281094267809,0.3834929163010773,-0.009683588700795543,-0.009101343120690943,-8.232671649804743e-08
6.335405391648101,53.84580522251766,18.7086674125831,1112.7023065741803,9.767338726946729,3.0769289862793316,86.55494770885875,-0.9220973380259979,0.025955498241393447,-0.04480081475998514,0.3834779229529433,-0.010772683328652282,-0.008518332634512097,-8.407205760255619e-08
6.398442060821436,54.46088940258421,18.90249152521136,1118.1336402111183,9.747817330290873,3.0726070512997996,85.76852240394197,-0.922099199834169,0.02639028988769478,-0.04470553142735917,0.3834548925428374,-0.012413469924743731,-0.007692792155950864,-8.740961366200956e-08
6.461478729994771,55.074755766111494,19.096039618931695,1123.5154998286264,9.728741637719564,3.0681841605340905,84.98524249860792,-0.9220985096486178,0.02686134745579836,-0.04465099388703456,0.38343020506777353,-0.013849820632512451,-0.007036895457075782,-9.08889226668542e-08
6.524515399168106,55.68743957848561,19.28930784092501,1128.8480810714775,9.710342562272182,3.0637426266385006,84.20505054664484,-0.9220958178734459,0.027362008803193685,-0.044626633655018816,0.3834041275710277,-0.014843295320320055,-0.006665212528287091,-9.40422609661825e-08
6.587552068341441,56.298987511095284,19.482296799578616,1134.1315766331932,9.692737309393397,3.0593376148970255,83.42788797584693,-0.9220919528402216,0.027881296500573704,-0.04461735750728441,0.38337710821840676,-0.015280266173907816,-0.006617942195868051,-9.698610430216512e-08
6.650588737514775,56.90945043950317,19.675009699487898,1139.3661786559142,9.67593090053333,3.0549920550651377,82.65380479598504,-0.9220878225153719,0.02840674421242262,-0.04460723508153221,0.3833496584486026,-0.015178259908503964,-0.006862853049647994,-1.0009219340299975e-07
6.71362540668811,57.518876373975274,19.867450226225625,1144.552082550712,9.659817923464654,3.050695331715605,81.88279591462091,-0.9220842187279161,0.028927200239526683,-0.04458291321708686,0.38332223718618974,-0.014662278665946233,-0.007312958949024376,-1.0355245680704677e-07
6.776662075861445,58.12730392862301,20.059620510364123,1149.6894791589016,9.64421712058807,3.0464105910861004,81.11477240587178,-0.9220816675180629,0.02943494735789132,-0.044535996930187526,0.38329516443547124,-0.013922672624631404,-0.007852906057688933,-1.0718953480231834e-07
6.83969874503478,58.73475920310506,20.25151985260671,1154.7785534175803,9.62892546209365,3.0420880673276525,80.34965131597805,-0.9220803529548058,0.029926785145933277,-0.04446403602164725,0.38326857807998577,-0.013167017346221428,-0.00836635357625858,-1.1060595841370534e-07
6.911453962727601,59.42506535452383,20.469625864208396,1160.5129156061755,9.611671136832113,3.037059676902414,79.48218893892997,-0.9220801686039389,0.030468972358241777,-0.04435560723175947,0.3832388485965725,-0.012513734177675994,-0.008800914616609883,-1.138386341818181e-07
6.983209180420421,60.11413473776677,20.68736551711706,1166.1851651848526,9.59440225962356,3.0318609641724303,78.61840111765666,-0.9220807572114565,0.03099969280202644,-0.04422969826709213,0.3832094116256475,-0.012252424684337602,-0.008996943764297528,-1.1638743370392622e-07
7.054964398113242,60.80196240870997,20.904725226530292,1171.7955640745113,9.577041054297576,3.026460997322082,77.7582496399542,-0.922081233602086,0.031529984640986095,-0.04410082868125809,0.38317984788282844,-0.01244627797634686,-0.008939464231815276,-1.1867675427026027e-07
7.126719615806063,61.48854212242872,21.121690346780312,1177.3443757011744,9.559629951946858,3.020862949517649,76.90181087239021,-0.9220807081576168,0.03207132967547863,-0.043983064858075634,0.383149718526818,-0.013045393347286743,-0.008674303722735073,-1.2118839557794537e-07
7.198474833498883,62.173873338703345,21.338247336373293,1182.831863088559,9.542277700094012,3.0150934445330693,76.04900406129975,-0.9220784908422744,0.032632963961268704,-0.043886836582820464,0.3831186658574124,-0.013916247918850884,-0.008287812286383351,-1.24138106449104e-07
7.270230051191704,62.85796513615942,21.554385258579618,1188.2582823135413,9.5251264081249,3.009194328583531,75.19967104176175,-0.9220742116712477,0.03322018490129868,-0.04381716340078211,0.38308647563163617,-0.0148870395782925,-0.007880037144869482,-1.274368934190222e-07
7.341985268884525,63.540837270412865,21.770096513244134,1193.6238790393065,9.508319799485367,3.0032132656150035,74.35368370425616,-0.9220678478791047,0.03383385975672915,-0.04377342896467263,0.3830530941016041,-0.015793213033682644,-0.0075397291058400245,-1.3088681577764003e-07
7.413740486577345,64.22251891898131,21.985376838236544,1198.928890283898,9.491971579771675,2.997193526373778,73.51096572955453,-0.92205967202325,0.03447100641543146,-0.043750444189616905,0.3830186059677023,-0.01651203320355728,-0.007327036667193713,-1.3439991921759854e-07
7.495939683612935,65.00200213142719,22.23145970442079,1204.9318909958934,9.47388189778589,2.9902883136227745,72.54954085569523,-0.9220486723184936,0.035222667917763434,-0.04373954124067167,0.3829779632013944,-0.017029367818554794,-0.00726887333139023,-1.3863405743971094e-07
7.578138880648525,65.78002640517046,22.476975215292352,1210.8560347200967,9.456475491823484,2.983393300329004,71.59228246207671,-0.922036683460948,0.03598832567971513,-0.04373293066101508,0.3829364126315287,-0.017224176575403177,-0.00739134746844046,-1.4332117994132982e-07
7.660338077684115,66.55664587638748,22.72192438566201,1216.7016650379303,9.439686981513386,2.9765082387753448,70.63924164432896,-0.9220243862634528,0.036759464623842567,-0.043720126598380066,0.3828942378018836,-0.017181958171630027,-0.007635217052852474,-1.4860079262618293e-07
7.742537274719704,67.33190661940051,22.96630728079734,1222.4691263633513,9.423386165506182,2.9696096529179945,69.69033144030372,-0.9220121903396243,0.03753073132987594,-0.043695161607995754,0.3828516206403584,-0.017036208848979873,-0.007920646554407454,-1.543986995410138e-07
7.824736471755294,68.10584283202824,23.210121492057862,1228.1587522447392,9.407426213184516,2.962663770599365,68.74540989565384,-0.9220001605153194,0.03830084610986834,-0.04365736233142375,0.3828086098007501,-0.016926805909489764,-0.008170933027182404,-1.6049761326521802e-07
7.921714597051532,69.01725644143585,23.497033822313792,1234.7716958513556,9.388879822451036,2.9543688468552154,67.63558829903383,-0.9219858363435798,0.03921140855520001,-0.04360157851169395,0.38275725015465806,-0.016988698240984507,-0.008349288668642308,-1.6783844827695257e-07
8.01869272234777,69.92688292086945,23.783135574320664,1241.277268950722,9.370536222964073,2.9459371453312593,66.53105256074636,-0.9219705889719041,0.04013255692688618,-0.04354470164045563,0.3827049563414375,-0.017345036049029858,-0.008366222414514658,-1.751582178972366e-07
8.115670847644008,70.83473983539618,24.06841294570785,1247.675978402569,9.352380348846006,2.937364601193775,65.43170081651526,-0.9219534446293248,0.04107499611416407,-0.04349962567996829,0.3826513813280022,-0.01799105265143103,-0.008238928277036118,-1.8242450541713516e-07
8.212648972940245,71.74084790223235,24.352853158145532,1253.9683271467075,9.334489958448975,2.92867725234203,64.33755073990783,-0.9219335626877931,0.0420480678923366,-0.04347660965047005,0.3825962050544072,-0.01884131341399762,-0.008025374823187565,-1.896905588545006e-07
8.309627098236483,72.64523702916144,24.636446500009395,1260.1548121890548,9.316966286143863,2.9199103940216102,63.248463072279,-0.9219104364176747,0.043057448167178713,-0.04348074873291834,0.38253920366003846,-0.01977182585197371,-0.007798723247446393,-1.9703651472433853e-07
8.40660522353272,73.54794738603375,24.919186995699327,1266.2359160267279,9.299900617337892,2.9110999401147386,62.16422953209362,-0.92188395020054,0.04410444593370329,-0.043511537308545886,0.3824802733759758,-0.020665784726226804,-0.007622277518297706,-2.0459373308755057e-07
8.503583348828958,74.44902700407165,25.201072060573264,1272.2121024219705,9.283353556496028,2.902276516465262,61.08467821612992,-0.9218543081764468,0.045186776730274214,-0.04356420818006968,0.3824194113779749,-0.021446389563139913,-0.007533054845537799,-2.1259140132208518e-07
8.600561474125195,75.34852772958178,25.482101591223497,1278.0838192563476,9.267342633961807,2.893460236734629,60.00969146240411,-0.9218218851156779,0.046300226344530196,-0.043632024679442195,0.3823566710547624,-0.022089921576889635,-0.0075371613516715475,-2.2133103116417938e-07
8.697539599421432,76.24650087244733,25.76227679427556,1283.8515035315727,9.25184228908415,2.884658453803388,58.939177525482634,-0.9217870587820551,0.04744049522086121,-0.04370861428006931,0.38229211235573274,-0.022620534894399216,-0.0076151860034815565,-2.31082105468713e-07
8.79451772471767,77.142993582959,26.04159903386349,1289.5155840846576,9.23679611730844,2.875867636050868,57.87304693059774,-0.9217500728378674,0.04860465799102405,-0.043789671496089755,0.3822257627762622,-0.023093347475282654,-0.007733182639567134,-2.419777953949703e-07
8.891495850013907,78.03804687788919,26.320069058869034,1295.076482971694,9.222138737838467,2.8670796912106575,56.811234773988446,-0.9217109584765694,0.04979194627431559,-0.04387373465181946,0.38215759611974914,-0.0235738713494594,-0.007854570814813567,-2.539851379113837e-07
9.009712344752062,79.1272215225355,26.658371619035385,1301.716281057264,9.204717647844745,2.8563610935881782,55.522660320920004,-0.9216600916052449,0.05127285956903153,-0.043982321433196025,0.3820719182549942,-0.024250059168137984,-0.007966317332707898,-2.699006488868105e-07
9.127928839490217,80.21436180717659,26.995405996401253,1308.2041144463285,9.187704736607111,2.8456211192632637,54.24023526941336,-0.9216050479218749,0.05279643487271474,-0.044103411937954445,0.3819831721906902,-0.025090166258132214,-0.008009621197858958,-2.869059124378259e-07
9.246145334228371,81.29951270420844,27.331169119140235,1314.5406947692293,9.171052011140702,2.834852389771294,52.96372124964728,-0.9215448882536851,0.054370739052523424,-0.044244958951848753,0.3818910466940892,-0.02611723568206558,-0.00798083758111017,-3.0473354944354283e-07
9.364361828966526,82.3827161886406,27.665657831431048,1320.7267086695263,9.154755593814542,2.8240605777821775,51.69291127390876,-0.9214786156454872,0.05600416052660924,-0.04441456746376683,0.38179519517199995,-0.027312660936642412,-0.00789850529632686,-3.2326380126383024e-07
9.482578323704681,83.46401555079186,27.99887026140151,1326.7628211022015,9.138840982226093,2.813261611224015,50.42763286067039,-0.9214053203241633,0.05770396069669399,-0.044617819687643466,0.3816952678196754,-0.028633223590377083,-0.00779248427684941,-3.425351294932421e-07
9.600794818442836,84.54345761456052,28.330806635661585,1332.6496765589131,9.123341457096773,2.8024753479248963,49.16772593303941,-0.9213242597769506,0.05947553742414722,-0.044857562274763285,0.38159092645676196,-0.03003137223322111,-0.007692474100333694,-3.6275768406411464e-07
9.71901131318099,85.62109330434579,28.66146978096205,1338.387903980458,9.108292208803755,2.7917267231532534,47.913116947907916,-0.9212348585624123,0.06132249259732313,-0.04513418530133426,0.38148184226724796,-0.03147150546606092,-0.007619777146272395,-3.843109030025175e-07
9.837227807919145,86.69697654401057,28.990865069952974,1343.978121119098,9.09369748989351,2.7810283020549575,46.663633457216555,-0.9211366422199074,0.06324728958127966,-0.04544657133339735,0.38136768228216783,-0.03293801264207731,-0.007583545960211528,-4.076959802113151e-07
9.975796605747695,87.95592465758375,29.375363530713194,1350.3431273314202,9.077139455154498,2.768555317625488,45.205286045242644,-0.9210096363904301,0.06560573973984067,-0.045856505500024916,0.38122692312495843,-0.03470082185420556,-0.007583617046550637,-4.3813988824059923e-07
10.114365403576244,89.21261662803016,29.758138544069045,1356.5065033371677,9.061124818936298,2.756153203555694,43.75339993401211,-0.920868905837772,0.068079085606358,-0.046312574791789116,0.3810780588723206,-0.036543438100099454,-0.007615189547180844,-4.725685582440967e-07
10.252934201404793,90.46712422721983,30.13919982226041,1362.4691276478648,9.045595938949981,2.74381766932811,42.30773302275119,-0.9207131658956447,0.07067422865287161,-0.046815879780170294,0.3809203578097983,-0.03851264414180505,-0.0076586610223796136,-5.115059968423204e-07
10.391502999233342,91.7195107629661,30.5185561675482,1368.2318461691236,9.030496116182906,2.7315426803122325,40.86807082360492,-0.9205406912557166,0.07340076895332748,-0.04737017685279058,0.3807529728363864,-0.0406573830968557,-0.007695920936729684,-5.552437366396e-07
10.530071797061892,92.96983190052642,30.89621541760309,1373.7954755536475,9.01577485329668,2.71932123070012,39.434200239351775,-0.9203492901074701,0.076270901729426,-0.047981498159348976,0.38057492317538105,-0.043020207013524964,-0.007714723398976551,-6.039422492353098e-07
10.725203769470617,94.72712251180569,31.425169993688414,1381.2940962406162,8.995623591760369,2.702198797077721,37.42451188777454,-0.9200425101062039,0.08058384540967059,-0.048953444061684934,0.38030389444323004,-0.046776385028872526,-0.007702350367304244,-6.813201336342514e-07
10.920335741879343,96.4805406416812,31.95079189364743,1388.4015971165704,8.976071436213156,2.685162091945419,35.42534490935464,-0.9196840820804394,0.08525554194875572,-0.05007676369265636,0.3800057041639578,-0.05109035112147639,-0.007650121054591925,-7.697378482702124e-07
11.11546771428807,98.23019560316929,32.47309581510125,1395.1199702181586,8.957046113373423,2.6681888850323,33.43605377098324,-0.9192634342211882,0.09033675210148234,-0.05137591715778614,0.3796758137322067,-0.056011387119651104,-0.007574927872488267,-8.707906718139348e-07
11.310599686696795,99.97618388163356,32.99209195061498,1401.451084918362,8.938483377668488,2.6512544685282586,31.456033996646564,-0.9187679896626786,0.09588309753031109,-0.052875240658495956,0.3793087095840868,-0.06159335714391207,-0.007495814330279558,-9.87087819064908e-07
11.505731659105521,101.71858902876461,33.50778495095601,1407.3966955825897,8.920312633153632,2.6343278921218656,29.484735954828903,-0.9181826270610309,0.10195611953453182,-0.054599624713836135,0.3788976719419218,-0.06791260101382947,-0.007425531827629162,-1.122291501727437e-06
11.73164217944941,103.73144034282087,34.10068961532074,1413.8007753015831,8.899647598519222,2.6146844964527682,27.212720218446364,-0.9173679828521555,0.10973707876768676,-0.05691331228481492,0.37835599518430796,-0.07629365874315941,-0.007358646898609636,-1.308478775949474e-06
11.9575526997933,105.73965342898987,34.68914312173587,1419.69275371744,8.87922356749554,2.594907628380902,24.95094968802509,-0.9163713323496863,0.11844358914370735,-0.05961533463313818,0.3777283653136717,-0.08602495771174283,-0.007300746087113329,-1.534388667432301e-06
12.18346322013719,107.74326242566246,35.2731039113926,1425.0748634822758,8.858855829049459,2.574892470754648,22.69871496596946,-0.9151454154244674,0.128224347979861,-0.06276615621821803,0.37699445523598824,-0.0973665034822371,-0.0072387921146383,-1.8095031558450315e-06
12.40937374048108,109.74225931871362,35.85250567406402,1429.9491847313366,8.838358721606607,2.5545258739593932,20.455367200038264,-0.9136286631401804,0.13925411844867622,-0.06643851824789006,0.37612825105438047,-0.11060774502976327,-0.007160403678678843,-2.1445917876233258e-06
12.63528426082497,111.73659436613407,36.427255625510384,1434.3176539557553,8.817549680802392,2.5336868489028403,18.220273288400932,-0.9117410560697747,0.15173511455750438,-0.0707176366054609,0.3750964097586824,-0.12605235029006942,-0.007057307270435431,-2.551986399464469e-06
12.861194781168859,113.72617849677499,36.9972343326349,1438.1820682123625,8.796269260892856,2.512265439014867,15.992844454841956,-0.9093790843027529,0.16589640542538694,-0.07570037610854202,0.3738562614430648,-0.1440020036834006,-0.006925325568533327,-3.045666106350517e-06
13.087105301512748,115.71089120569634,37.562300983328825,1441.544098861876,8.774401446404774,2.490185189573968,13.7725552705813,-0.9064097937035339,0.18199066951050744,-0.0814934583642533,0.37235345068859094,-0.164733696826021,-0.006762121394770882,-3.6410630290665287e-06
13.269218086564878,117.30718154192542,38.014136939816126,1443.8896621529746,8.7563054159763,2.471887796947813,11.987595333043958,-0.9034608581373775,0.19655529894351037,-0.08683068528441404,0.3709048026757007,-0.18362487893134327,-0.006606365152254764,-4.206031362035795e-06
13.451330871617008,118.90013709764145,38.46260041351604,1445.9105337926621,8.737781098352503,2.453151508072038,10.20669442932855,-0.8999001548260779,0.21269520141166726,-0.09282901256651939,0.3691975219860604,-0.20453604988202,-0.006426879738414787,-4.855593550972321e-06
13.633443656669138,120.48968139050976,38.907613957336025,1447.6074323666232,8.71884597801217,2.4340055700667396,8.429607843414242,-0.8955988559369892,0.2305511062122359,-0.09954780159875934,0.367179775115207,-0.22749101502637958,-0.006221469206448115,-5.596421573179997e-06
13.815556441721268,122.07574250484983,39.34910658461425,1448.9810375578759,8.699536375888638,2.4144940478109116,6.656175380020635,-0.8904056571803778,0.2502551301457608,-0.10704299016906453,0.36479090680263104,-0.2524860291249868,-0.005987693115284348,-6.4321919489220166e-06
13.997669226773398,123.65825087829577,39.78701076940981,1450.0320089358256,8.67984228461467,2.394610414324824,4.8863608609274385,-0.8841439677810512,0.27192854262266003,-0.11536622410498228,0.36196032845971876,-0.2795590664393114,-0.005722098934103139,-7.36082099954812e-06
14.146269472953227,124.94685556213462,40.14161742393962,1450.6510061687989,8.663377243444499,2.377999291199464,3.4450419853573933,-0.8780995453275405,0.29115363256674465,-0.1228060045717499,0.35926617909651437,-0.30334884736914164,-0.00547768305774204,-8.17959842084158e-06
14.260399421716045,125.93486222384021,40.412267999652826,1450.9811161880032,8.65031256774199,2.364826349705738,2.340008950978291,-0.8727962519438347,0.30690420785702155,-0.1289350663349591,0.3569264235611374,-0.3229295679557158,-0.005268563637297873,-8.8360629399934e-06
14.349263230432594,126.70309408902607,40.62194393165319,1451.1508831245703,8.639731787447957,2.3541627447012696,1.4810110935130412,-0.8682177434051724,0.31978923440617135,-0.13396934433533783,0.354921334366106,-0.3392232054576733,-0.005089226205144847,-9.356697665967859e-06
14.400000000000002,127.14128772732006,40.74122691340307,1451.213598588898,8.633468947430183,2.3478529744917584,0.9912209049017318,-0.8654098638159682,0.3274015708503265,-0.13695158278398403,0.35369761786757997,-0.3490484046605347,-0.00497888730671949,-9.65512038875426e-06
14.404934164558698,127.18388362361563,40.75280852364297,1451.218254562066,8.632848747352925,2.3472282171620855,0.9436193505572295,-0.8651281607090523,0.3281529895607465,-0.13724630202528756,0.35357509757971894,-0.35002913607808217,-0.004967780845271987,-9.684123338604486e-06
14.409868329117394,127.22647645007757,40.764387041576164,1451.222675687433,8.632226588665338,2.346601503887402,0.8960230861142633,-0.8648450075350018,0.3289062544897464,-0.13754180127208634,0.35345198771255965,-0.3510142909672512,-0.0049566084416075625,-9.7131161228212e-06
14.419736658234788,127.31165594350797,40.78753787303009,1451.2310482957257,8.630978246144318,2.3453440564473564,0.8008413336495065,-0.8642757793805842,0.3304164892956217,-0.13813436510793176,0.35320458024846396,-0.3529936645808345,-0.004934129804790553,-9.771076980738487e-06
14.429604987352182,127.39682307752108,40.810676255266024,1451.238481726808,8.629721716619237,2.3440784308113907,0.7056814004368406,-0.8637006711525561,0.3319341623047177,-0.13873007174399693,0.35295478278256404,-0.3549914455254807,-0.004911379828465752,-9.828982487197462e-06
14.439473316469575,127.48197776993013,40.833802106181274,1451.2449761986836,8.628456724312503,2.342804351874848,0.6105438282629863,-0.8631196090935317,0.33345933107294096,-0.1393289458140519,0.35270256589737853,-0.35700820141160583,-0.004888351040622862,-9.886820629991052e-06
14.502877548777766,128.02879574724938,40.98208127758421,1451.2643219264762,8.620108454381676,2.3343980191917413,-0.00014404389185865285,-0.8592390334494578,0.3434416290992799,-0.1432540988707325,0.3510222734796839,-0.3704594068111207,-0.004733198663498154,-1.0255974651179082e-05
14.51994315279365,128.17588332796856,41.02189928089352,1451.262918436021,8.617789723760097,2.33206378078521,-0.16433128875109426,-0.8581492483271078,0.34618396096738197,-0.1443340590026057,0.3505516274772514,-0.3742396328029214,-0.004689129288675593,-1.0354317541342533e-05
14.600412989117723,128.8689013162603,41.20910302961433,1451.21858082889,8.606378671250582,2.320580896457519,-0.9373233211843339,-0.8527311676017121,0.35944978175606324,-0.14956807125993385,0.3482191414687073,-0.39313675251739627,-0.004465993493802168,-1.0808930066065634e-05
14.680882825441797,129.56096550552942,41.39534733958411,1451.1121309131906,8.594056166001865,2.308190403028514,-1.7080007957892989,-0.8468098367289554,0.3733049402923253,-0.15505154262121598,0.3456829625508245,-0.41412114829478036,-0.004213196524563653,-1.124180436970382e-05
14.761352661765871,130.2519960443006,41.58055280560445,1450.9437751099679,8.580661642839793,2.2947353996825144,-2.4758484711251074,-0.84031715885258,0.3878095301060016,-0.16081012165358102,0.34291594463667174,-0.4376693373298911,-0.003923989423707879,-1.1642296231428982e-05
14.871220907918522,131.19364819214442,41.831577672124936,1450.6144104654663,8.560410352062519,2.2744240908681275,-3.518580282378066,-0.8303781252695266,0.4087931025462003,-0.16917278788907045,0.33870483085468317,-0.4748730058631115,-0.003456625968392737,-1.211325778510953e-05
14.981089154071173,132.13294394017515,42.080241849877645,1450.1709077929243,8.537753172202162,2.2517531917062605,-4.5532755128435,-0.8189541095477175,0.43133795732910546,-0.17819809908021625,0.333896214395054,-0.5190700076018897,-0.002886487509219349,-1.2457963999567832e-05
15.090957400223823,133.069622389229,42.326291152071065,1449.6142468164353,8.512816138582442,2.226879815572949,-5.578194867399178,-0.8057120087004378,0.4556840684425412,-0.18798893116992732,0.3283576728870205,-0.571372143777523,-0.0021925222818972145,-1.2620534052254779e-05
15.200825646376474,134.0034572543556,42.569509950785644,1448.9455927523552,8.486106242993467,2.200352055930572,-6.591687660277189,-0.7902435522952366,0.4820724302619315,-0.19864919745262638,0.3219270995084503,-0.6325807150767034,-0.0013552001397550742,-1.2525812206325885e-05
15.310693892529125,134.9343030080349,42.809768467089654,1448.1662806678155,8.458606811497917,2.1732047282234057,-7.592360630423402,-0.7720614083680961,0.5107142136651364,-0.21027103258361235,0.3144112129513795,-0.7030645951616808,-0.0003581421474484001,-1.2074061163166654e-05
15.420562138681776,135.8621500847987,43.0470790675687,1447.2777739676471,8.431809929595742,2.1469906781577244,-8.579316252438357,-0.7506023669704086,0.5417519996229934,-0.22291864138169365,0.3055868791208868,-0.7826703340422334,0.000810461343024617,-1.1137161280797538e-05
15.530430384834427,136.78717969051115,43.28165196403232,1446.281595129764,8.407686530783177,2.123748301901737,-9.552425267772687,-0.7252376738218128,0.5752167748399032,-0.23661035519632467,0.2952052718702897,-0.8706746926682399,0.002156963352125216,-9.557620525082144e-06
15.640298630987077,137.70981174251702,43.51394367546151,1445.1792257868528,8.388589303644032,2.1059002613334377,-10.512608035995736,-0.695292979269547,0.6109840895409394,-0.2513003066460971,0.2829998758264823,-0.9657762230326146,0.00368202338163905,-7.151839026198493e-06
15.750166877139728,138.63073501237616,43.744687086888575,1443.9719756064076,8.377006240379426,2.09599987879449,-11.462123357376901,-0.6600801522086988,0.6487336569962731,-0.26686149562039857,0.26869925719685567,-1.0661127801109647,0.005381041101000035,-3.718604679527325e-06
15.860035123292379,139.55090394432992,43.974887274257654,1442.6608230432328,8.375221338910544,2.0963828174962438,-12.404767765126655,-0.6189432390351377,0.6879170691589838,-0.2830721756698459,0.25204554788302763,-1.1692774267850508,0.007245059799717825,9.467356564509831e-07
15.900000000000002,139.8856562484289,44.058724637879344,1442.1582303935509,8.377353852788055,2.0994306091959367,-12.746959853284203,-0.6023950186235112,0.702378195880235,-0.2890697956314673,0.2453590151905872,-1.2069436435244487,0.0079616885753456,2.987452777392619e-06
15.906888818494863,139.94303760143697,44.07286865663641,1442.0708780882894,8.329621921734402,2.0531706973570025,-12.680270042465997,-0.6023950186235112,0.702378195880235,-0.2890697956314673,0.2453590151905872,-1.2069436435244487,0.0079616885753456,2.987452777392619e-06
15.913777636989725,140.00009540170387,44.08669923007079,1441.9839751172926,8.28265458981725,2.007670583453257,-12.615044483299565,-0.6023950186235112,0.702378195880235,-0.2890697956314673,0.2453590151905872,-1.2069436435244487,0.0079616885753456,2.987452777392619e-06
15.927555273979449,140.11357403314176,44.11374355833975,1441.8110484758813,8.190205139766682,1.918146088706648,-12.487436430566103,-0.6023950186235112,0.702378195880235,-0.2890697956314673,0.2453590151905872,-1.2069436435244487,0.0079616885753456,2.987452777392619e-06
15.941332910969173,140.22579877913404,44.139574172950326,1441.6398420721366,8.100652385573042,1.8314996743484468,-12.36536498977407,-0.6023950186235112,0.702378195880235,-0.2890697956314673,0.2453590151905872,-1.2069436435244487,0.0079616885753456,2.987452777392619e-06
15.955110547958897,140.33680867104815,44.16422985246175,1441.4702813793883,8.013853975124583,1.7475896683035648,-12.24854152520762,-0.6023950186235112,0.702378195880235,-0.2890697956314673,0.2453590151905872,-1.2069436435244487,0.0079616885753456,2.987452777392619e-06
16.012639470963624,140.78794778334196,44.25522087915061,1440.7786543614952,7.678593867668145,1.4242099658728469,-11.812183129799223,-0.6023950186235112,0.702378195880235,-0.2890697956314673,0.2453590151905872,-1.2069436435244487,0.0079616885753456,2.987452777392619e-06
16.07016839396835,141.22094635853207,44.32874705869204,1440.1099780967638,7.380858542769331,1.1380988987001146,-11.446000682870954,-0.6023950186235112,0.702378195880235,-0.2890697956314673,0.2453590151905872,-1.2069436435244487,0.0079616885753456,2.987452777392619e-06
16.127697316973073,141.63774909565382,44.386739661523634,1439.4606468913032,7.114419285783461,0.8830666365598182,-11.137322404258935,-0.6023950186235112,0.702378195880235,-0.2890697956314673,0.2453590151905872,-1.2069436435244487,0.0079616885753456,2.987452777392619e-06
16.185226239977798,142.04000345205085,44.43083472436153,1438.8276663158638,6.874338936487646,0.654210622190578,-10.876086551380064,-0.6023950186235112,0.702378195880235,-0.2890697956314673,0.2453590151905872,-1.2069436435244487,0.0079616885753456,2.987452777392619e-06
16.271424944158994,142.6184675005521,44.47384710736481,1437.9045654716267,6.555693729829855,0.3521069375676247,-10.556571561883795,-0.6023950186235112,0.702378195880235,-0.2890697956314673,0.2453590151905872,-1.2069436435244487,0.0079616885753456,2.987452777392619e-06
16.35762364834019,143.1712826496966,44.49262475556357,1437.0059117597698,6.277364014074148,0.09006432838940347,-10.304974088824146,-0.6023950186235112,0.702378195880235,-0.2890697956314673,0.2453590151905872,-1.2069436435244487,0.0079616885753456,2.987452777392619e-06
16.443822352521387,143.70157537867053,44.490275499258395,1436.1265664943367,6.03190968391051,-0.13928645066885081,-10.106095092694153,-0.6023950186235112,0.702378195880235,-0.2890697956314673,0.2453590151905872,-1.2069436435244487,0.0079616885753456,2.987452777392619e-06
16.530021056702584,144.21192202243506,44.46936248228156,1435.2625119650718,5.8137021745094115,-0.34151607155389996,-9.948470247369588,-0.6023950186235112,0.702378195880235,-0.2890697956314673,0.2453590151905872,-1.2069436435244487,0.0079616885753456,2.987452777392619e-06
16.650357683642984,144.89507874749228,44.41315638529629,1434.0758929114368,5.546488644959042,-0.5865458488328945,-9.780934073808998,-0.6023950186235112,0.702378195880235,-0.2890697956314673,0.2453590151905872,-1.2069436435244487,0.0079616885753456,2.987452777392619e-06
16.770694310583384,145.54830806929738,44.32968830987313,1432.9065418010491,5.315248077698348,-0.7956593190837119,-9.659502801532213,-0.6023950186235112,0.702378195880235,-0.2890697956314673,0.2453590151905872,-1.2069436435244487,0.0079616885753456,2.987452777392619e-06
16.891030937523784,146.1755119936542,44.22285831854465,1431.7497488100785,5.113497785143778,-0.9752677964692477,-9.57169403941179,-0.6023950186235112,0.702378195880235,-0.2890697956314673,0.2453590151905872,-1.2069436435244487,0.0079616885753456,2.987452777392619e-06
17.011367564464184,146.779963973639,44.09594422100924,1430.6019514224993,4.936233456862793,-1.1303230291748219,-9.508194644158042,-0.6023950186235112,0.702378195880235,-0.2890697956314673,0.2453590151905872,-1.2069436435244487,0.0079616885753456,2.987452777392619e-06
17.131704191404584,147.36436431216046,43.95165681830928,1429.4606640099846,4.779671818684257,-1.264574363559492,-9.462507434534542,-0.6023950186235112,0.702378195880235,-0.2890697956314673,0.2453590151905872,-1.2069436435244487,0.0079616885753456,2.987452777392619e-06
17.33506721175104,148.31269173855006,43.67466427625601,1427.5418209772715,4.553957844287782,-1.4522973914871748,-9.412901350912994,-0.6023950186235112,0.702378195880235,-0.2890697956314673,0.2453590151905872,-1.2069436435244487,0.0079616885753456,2.987452777392619e-06
17.538430232097493,149.2192901554621,43.36370941896145,1425.630680457486,4.367967518119146,-1.59989865731412,-9.38554654136653,-0.6023950186235112,0.702378195880235,-0.2890697956314673,0.2453590151905872,-1.2069436435244487,0.0079616885753456,2.987452777392619e-06
17.741793252443948,150.09138685668012,43.02610119608356,1423.7237010616977,4.213524181400261,-1.7155488280805145,-9.370936337026743,-0.6023950186235112,0.702378195880235,-0.2890697956314673,0.2453590151905872,-1.2069436435244487,0.0079616885753456,2.987452777392619e-06
17.945156272790403,150.9347525988004,42.667690189000055,1421.8188609629774,4.084434381282268,-1.8054627294096035,-9.363443315050057,-0.6023950186235112,0.702378195880235,-0.2890697956314673,0.2453590151905872,-1.2069436435244487,0.0079616885753456,2.987452777392619e-06
18.148519293136857,151.75402707962496,42.29319071156279,1419.9151027259093,3.9758929605150675,-1.8744821854559064,-9.359899108213837,-0.6023950186235112,0.702378195880235,-0.2890697956314673,0.2453590151905872,-1.2069436435244487,0.0079616885753456,2.987452777392619e-06
18.4178249405002,152.80818038313677,41.77890321923089,1417.3947367210944,3.8574035053716704,-1.940171552153893,-9.358207450250704,-0.6023950186235112,0.702378195880235,-0.2890697956314673,0.2453590151905872,-1.2069436435244487,0.0079616885753456,2.987452777392619e-06
18.687130587863543,153.83357476524534,41.25013710275287,1414.8745996030934,3.761387454036087,-1.9829474677516825,-9.357850061161376,-0.6023950186235112,0.702378195880235,-0.2890697956314673,0.2453590151905872,-1.2069436435244487,0.0079616885753456,2.987452777392619e-06
18.956436235226885,154.83555878299285,40.71234773659935,1412.35446324995,3.6825542960475137,-2.0081869700278507,-9.357738421726806,-0.6023950186235112,0.702378195880235,-0.2890697956314673,0.2453590151905872,-1.2069436435244487,0.0079616885753456,2.987452777392619e-06
19.225741882590228,155.81817717466603,40.169665053082014,1409.8343652627932,3.6169303637934456,-2.0199391327048675,-9.357583913054155,-0.6023950186235112,0.702378195880235,-0.2890697956314673,0.2453590151905872,-1.2069436435244487,0.0079616885753456,2.987452777392619e-06
19.518342570966652,156.8676943521404,39.578428336333246,1407.0963777097481,3.5568249996457015,-2.021273342324989,-9.357218518981123,-0.6023950186235112,0.702378195880235,-0.2890697956314673,0.2453590151905872,-1.2069436435244487,0.0079616885753456,2.987452777392619e-06
19.810943259343077,157.90092337821565,38.98812805235452,1404.358539014158,3.505871444652145,-2.0132588774813405,-9.356611127836345,-0.6023950186235112,0.702378195880235,-0.2890697956314673,0.2453590151905872,-1.2069436435244487,0.0079616885753456,2.987452777392619e-06
20.1035439477195,158.92023225761588,38.401182960207855,1401.620907978688,3.4617515975978748,-1.9982637540412018,-9.355787876574169,-0.6023950186235112,0.702378195880235,-0.2890697956314673,0.2453590151905872,-1.2069436435244487,0.0079616885753456,2.987452777392619e-06
20.622626885549582,160.69895896877583,37.37297183429206,1396.764913686538,3.39570482731499,-1.9591792561958217,-9.35395436363411,-0.6023950186235112,0.702378195880235,-0.2890697956314673,0.2453590151905872,-1.2069436435244487,0.0079616885753456,2.987452777392619e-06
21.141709823379664,162.44658180795395,36.3682943639178,1391.9099548708725,3.3387326132699693,-1.910836421621201,-9.35191601065865,-0.6023950186235112,0.702378195880235,-0.2890697956314673,0.2453590151905872,-1.2069436435244487,0.0079616885753456,2.987452777392619e-06
21.660792761209745,164.1664602221773,35.39057529405285,1387.0561119801814,3.2875500224842575,-1.8565966720927356,-9.349810240212756,-0.6023950186235112,0.702378195880235,-0.2890697956314673,0.2453590151905872,-1.2069436435244487,0.0079616885753456,2.987452777392619e-06
22.179875699039826,165.86059429251424,34.44184764251381,1382.203376684203,3.2402028944118437,-1.7984587445667068,-9.347614878504073,-0.6023950186235112,0.702378195880235,-0.2890697956314673,0.2453590151905872,-1.2069436435244487,0.0079616885753456,2.987452777392619e-06
22.76593854056092,167.74460348563343,33.40779091113947,1376.7258162344692,3.1891935965490865,-1.7303451754470458,-9.345063687077493,-0.6023950186235112,0.702378195880235,-0.2890697956314673,0.2453590151905872,-1.2069436435244487,0.0079616885753456,2.987452777392619e-06
23.352001382082015,169.5991352102023,32.41407004726788,1371.2497280265125,3.1398149684946612,-1.6605957968451341,-9.342523911348497,-0.6023950186235112,0.702378195880235,-0.2890697956314673,0.2453590151905872,-1.2069436435244487,0.0079616885753456,2.987452777392619e-06
23.93806422360311,171.42496344977928,31.46145821749804,1365.7751317487314,3.0913156274244593,-1.5899797548088495,-9.34003938332008,-0.6023950186235112,0.702378195880235,-0.2890697956314673,0.2453590151905872,-1.2069436435244487,0.0079616885753456,2.987452777392619e-06
24.357416515359326,172.71406719281808,30.805317665624205,1361.8587363633876,3.056895745149384,-1.539181054091647,-9.3382780712578,-0.6023950186235112,0.702378195880235,-0.2890697956314673,0.2453590151905872,-1.2069436435244487,0.0079616885753456,2.987452777392619e-06
24.77676880711554,173.9887924470707,30.170533094238,1357.943082846567,3.022620830272945,-1.4882503888890728,-9.336505720932646,-0.6023950186235112,0.702378195880235,-0.2890697956314673,0.2453590151905872,-1.2069436435244487,0.0079616885753456,2.987452777392619e-06
25.196121098871757,175.2491715257624,29.557130660903283,1354.0281712321698,2.988461877217248,-1.4372174373235116,-9.33472363816318,-0.6023950186235112,0.702378195880235,-0.2890697956314673,0.2453590151905872,-1.2069436435244487,0.0079616885753456,2.987452777392619e-06
25.727375078472075,176.82533523243703,28.81079668211663,1349.0696594734682,2.9453006831928965,-1.3724747675441886,-9.332465235992776,-0.6023950186235112,0.702378195880235,-0.2890697956314673,0.2453590151905872,-1.2069436435244487,0.0079616885753456,2.987452777392619e-06
26.258629058072394,178.3785906164026,28.098872215250363,1344.1123467000093,2.902221764804255,-1.3076743480020507,-9.330212055093458,-0.6023950186235112,0.702378195880235,-0.2890697956314673,0.2453590151905872,-1.2069436435244487,0.0079616885753456,2.987452777392619e-06
26.789883037672713,179.90897514184664,27.421381574198676,1339.1562315976828,2.8591937697019683,-1.2428482256214868,-9.327963931289196,-0.6023950186235112,0.702378195880235,-0.2890697956314673,0.2453590151905872,-1.2069436435244487,0.0079616885753456,2.987452777392619e-06
27.374039742382777,181.56538280890902,26.71618409534586,1333.7079615081493,2.811920186015018,-1.171556979127539,-9.32549409923846,-0.6023950186235112,0.702378195880235,-0.2890697956314673,0.2453590151905872,-1.2069436435244487,0.0079616885753456,2.987452777392619e-06
27.958196447092842,183.19418446943706,26.052631973252673,1328.2611335980355,2.7646761060242975,-1.100267333151306,-9.323024704657888,-0.6023950186235112,0.702378195880235,-0.2890697956314673,0.2453590151905872,-1.2069436435244487,0.0079616885753456,2.987452777392619e-06
28.542353151802907,184.79539511375094,25.430721977043397,1322.8157467476115,2.7174539972295695,-1.0289869693447478,-9.32055659350779,-0.6023950186235112,0.702378195880235,-0.2890697956314673,0.2453590151905872,-1.2069436435244487,0.0079616885753456,2.987452777392619e-06
29.21338852498555,186.60070932860503,24.767701709560857,1316.5622725889023,2.663230701515473,-0.9471221893209163,-9.317725086994846,-0.6023950186235112,0.702378195880235,-0.2890697956314673,0.2453590151905872,-1.2069436435244487,0.0079616885753456,2.987452777392619e-06
29.884423898168194,188.36964478023683,24.159608716079656,1310.3106972414648,2.609027789627757,-0.865278403839941,-9.314898395755291,-0.6023950186235112,0.702378195880235,-0.2890697956314673,0.2453590151905872,-1.2069436435244487,0.0079616885753456,2.987452777392619e-06
30.555459271350838,190.10221453321873,23.606428305436097,1304.0610181571274,2.554843286266577,-0.7834575774909448,-9.312076061486612,-0.6023950186235112,0.702378195880235,-0.2890697956314673,0.2453590151905872,-1.2069436435244487,0.0079616885753456,2.987452777392619e-06
31.377927452346825,192.17619036273655,23.00328650589466,1296.403553897642,2.488454740459243,-0.683204781693143,-9.30862144971188,-0.6023950186235112,0.702378195880235,-0.2890697956314673,0.2453590151905872,-1.2069436435244487,0.0079616885753456,2.987452777392619e-06
32.20039563334281,194.1955742516011,22.48258447454633,1288.7489294589911,2.422091691256499,-0.5829884883413016,-9.305171078034057,-0.6023950186235112,0.702378195880235,-0.2890697956314673,0.2453590151905872,-1.2069436435244487,0.0079616885753456,2.987452777392619e-06
33.02286381433879,196.1603869912302,22.044292034258802,1281.097140401767,2.3557536289039755,-0.482809120702942,-9.301724523856485,-0.6023950186235112,0.702378195880235,-0.2890697956314673,0.2453590151905872,-1.2069436435244487,0.0079616885753456,2.987452777392619e-06
34.46565063122564,199.47533078083794,21.474411607045873,1267.6810835223248,2.2394421348860996,-0.30716230756794183,-9.295684041179925,-0.6023950186235112,0.702378195880235,-0.2890697956314673,0.2453590151905872,-1.2069436435244487,0.0079616885753456,2.987452777392619e-06
35.908437448112494,202.6225166163177,21.15786958151444,1254.2737015053585,2.1232063842313833,-0.1316291888656761,-9.28962618362638,-0.6023950186235112,0.702378195880235,-0.2890697956314673,0.2453590151905872,-1.2069436435244487,0.0079616885753456,2.987452777392619e-06
39.09479648450855,208.97940608450213,21.35520713371669,1224.6945318557919,1.866769494677891,0.25562780579463923,-9.27643276112543,-0.6023950186235112,0.702378195880235,-0.2890697956314673,0.2453590151905872,-1.2069436435244487,0.0079616885753456,2.987452777392619e-06
42.281155520904605,214.51987775651142,22.785455550457925,1195.1573689427687,1.610698202964155,0.6423330910397453,-9.263287409737348,-0.6023950186235112,0.702378195880235,-0.2890697956314673,0.2453590151905872,-1.2069436435244487,0.0079616885753456,2.987452777392619e-06
45.46751455730066,219.2450259225722,25.446962855897194,1165.6619957070866,1.3549905593720803,1.0284894804243045,-9.250206288852233,-0.6023950186235112,0.702378195880235,-0.2890697956314673,0.2453590151905872,-1.2069436435244487,0.0079616885753456,2.987452777392619e-06
50.344737294784274,224.90064804348663,31.90225954175648,1120.5952044732173,0.9642903460632897,1.618504968726553,-9.230323617282327,-0.6023950186235112,0.702378195880235,-0.2890697956314673,0.2453590151905872,-1.2069436435244487,0.0079616885753456,2.987452777392619e-06
55.22196003226789,228.65250129674084,41.23253116389929,1075.6250140058744,0.5744305834472044,2.20725161395826,-9.210604714513533,-0.6023950186235112,0.702378195880235,-0.2890697956314673,0.2453590151905872,-1.2069436435244487,0.0079616885753456,2.987452777392619e-06
60.0991827697515,230.50497838418724,53.431145943679326,1030.7505458856242,0.1854035419095673,2.7947409431683967,-9.191074379859614,-0.6023950186235112,0.702378195880235,-0.2890697956314673,0.2453590151905872,-1.2069436435244487,0.0079616885753456,2.987452777392619e-06
60.68526428353062,230.59995679276062,55.089755606915595,1025.3645125043722,0.13871097540149643,2.8652537537069662,-9.188737736943839,-0.6023950186235112,0.702378195880235,-0.2890697956314673,0.2453590151905872,-1.2069436435244487,0.0079616885753456,2.987452777392619e-06
61.02542638562318,230.6418688860664,56.07098204679081,1022.239095423456,0.10868776690489337,2.9044815266110655,-9.187326314049882,-0.6023950186235112,0.702378195880235,-0.2890697956314673,0.2453590151905872,-1.2069436435244487,0.0079616885753456,2.987452777392619e-06
61.36558848771573,230.67270769172478,57.065054169745466,1019.1141733454257,0.07438265956326293,2.9412299557779216,-9.185839802157435,-0.6023950186235112,0.702378195880235,-0.2890697956314673,0.2453590151905872,-1.2069436435244487,0.0079616885753456,2.987452777392619e-06
61.70575058980829,230.69120026285307,58.0712345070328,1015.9897659562721,0.03621642089741063,2.975741383965392,-9.184297796540699,-0.6023950186235112,0.702378195880235,-0.2890697956314673,0.2453590151905872,-1.2069436435244487,0.0079616885753456,2.987452777392619e-06
62.11000544261538,230.69545634910767,59.281776805643695,1012.2773531161786,-0.012899106586844086,3.014574544300164,-9.18242862534803,-0.6023950186235112,0.702378195880235,-0.2890697956314673,0.2453590151905872,-1.2069436435244487,0.0079616885753456,2.987452777392619e-06
62.514260295422474,230.67929915977805,60.50769265238781,1008.5656981125064,-0.06502948603247527,3.051654327826363,-9.180539228953789,-0.6023950186235112,0.702378195880235,-0.2890697956314673,0.2453590151905872,-1.2069436435244487,0.0079616885753456,2.987452777392619e-06
62.91851514822957,230.64174014940807,61.748406106313205,1004.8548059496053,-0.11923019182536589,3.087525519083619,-9.178644840161324,-0.6023950186235112,0.702378195880235,-0.2890697956314673,0.2453590151905872,-1.2069436435244487,0.0079616885753456,2.987452777392619e-06
63.48965206535762,230.55119677952882,63.5259381650402,999.6133063843253,-0.19834048789558065,3.136718303188526,-9.175969540906205,-0.6023950186235112,0.702378195880235,-0.2890697956314673,0.2453590151905872,-1.2069436435244487,0.0079616885753456,2.987452777392619e-06
64.06078898248568,230.41527417200868,65.33144585895317,994.373329363862,-0.2789523639791972,3.1850165251909113,-9.173308641267738,-0.6023950186235112,0.702378195880235,-0.2890697956314673,0.2453590151905872,-1.2069436435244487,0.0079616885753456,2.987452777392619e-06
64.63192589961373,230.23304629301902,67.16437750143281,989.1348690510437,-0.36013990078577574,3.2329545960864388,-9.170662493780956,-0.6023950186235112,0.702378195880235,-0.2890697956314673,0.2453590151905872,-1.2069436435244487,0.0079616885753456,2.987452777392619e-06
65.20306281674179,230.0042249558158,69.02455072221123,983.8979187595822,-0.4416001154810904,3.2807075915541706,-9.16802495603983,-0.6023950186235112,0.702378195880235,-0.2890697956314673,0.2453590151905872,-1.2069436435244487,0.0079616885753456,2.987452777392619e-06
66.14657856014189,229.52399857531358,72.15708321365322,975.2497942452919,-0.5765640896250084,3.3593089260670728,-9.163676607238488,-0.6023950186235112,0.702378195880235,-0.2890697956314673,0.2453590151905872,-1.2069436435244487,0.0079616885753456,2.987452777392619e-06
67.09009430354199,228.91621866036093,75.36361123110382,966.605766563712,-0.7117599116659232,3.437701811700882,-9.159337642933341,-0.6023950186235112,0.702378195880235,-0.2890697956314673,0.2453590151905872,-1.2069436435244487,0.0079616885753456,2.987452777392619e-06
68.03361004694209,228.1808150789669,78.64402935025689,957.9658278470357,-0.8470610270207244,3.515959530309005,-9.15500805857946,-0.6023950186235112,0.702378195880235,-0.2890697956314673,0.2453590151905872,-1.2069436435244487,0.0079616885753456,2.987452777392619e-06
70.29278978390799,225.90128952106426,86.79844668084202,937.2946726957308,-1.1709481724436785,3.7030882420984406,-9.144676381146084,-0.6023950186235112,0.702378195880235,-0.2890697956314673,0.2453590151905872,-1.2069436435244487,0.0079616885753456,2.987452777392619e-06
72.5519695208739,222.8904231737107,95.37529899022041,916.6467978228678,-1.4945852633274783,3.8899383059166466,-9.134392627545711,-0.6023950186235112,0.702378195880235,-0.2890697956314673,0.2453590151905872,-1.2069436435244487,0.0079616885753456,2.987452777392619e-06
74.8111492578398,219.14888862792228,104.37406390831894,896.022101659646,-1.8178583039704572,4.076577472683556,-9.124155316692383,-0.6023950186235112,0.702378195880235,-0.2890697956314673,0.2453590151905872,-1.2069436435244487,0.0079616885753456,2.987452777392619e-06
78.12516590587887,212.34032685867484,118.33667285119145,865.8091814363582,-2.2913900007631205,4.3499967293361586,-9.109220947075412,-0.6023950186235112,0.702378195880235,-0.2890697956314673,0.2453590151905872,-1.2069436435244487,0.0079616885753456,2.987452777392619e-06
81.43918255391795,203.96387994765192,133.20461832611355,835.6455806371065,-2.7641350224752093,4.622974284094859,-9.094384334208799,-0.6023950186235112,0.702378195880235,-0.2890697956314673,0.2453590151905872,-1.2069436435244487,0.0079616885753456,2.987452777392619e-06
84.75319920195702,194.02205539520216,148.97646313491708,805.530985162777,-3.2361072716725516,4.89550783800198,-9.079644433793957,-0.6023950186235112,0.702378195880235,-0.2890697956314673,0.2453590151905872,-1.2069436435244487,0.0079616885753456,2.987452777392619e-06
85.327410762659,192.14040266049867,151.80105694537568,800.3180770818392,-3.317806418505646,4.942683930842458,-9.077100275441511,-0.6023950186235112,0.702378195880235,-0.2890697956314673,0.2453590151905872,-1.2069436435244487,0.0079616885753456,2.987452777392619e-06
85.90162232336098,190.21183692171755,154.65273999548282,795.1066299427811,-3.399482654848508,4.9898467150827885,-9.074558968732592,-0.6023950186235112,0.702378195880235,-0.2890697956314673,0.2453590151905872,-1.2069436435244487,0.0079616885753456,2.987452777392619e-06
86.47583388406296,188.23637598499823,157.5315019859457,789.8966415245878,-3.481136000195952,5.0369962198338225,-9.072020513471223,-0.6023950186235112,0.702378195880235,-0.2890697956314673,0.2453590151905872,-1.2069436435244487,0.0079616885753456,2.987452777392619e-06
87.03217110381239,186.27769358479017,160.3464722110923,784.8502218106134,-3.5602257753962783,5.08266539152972,-9.069563795414448,-0.6023950186235112,0.702378195880235,-0.2890697956314673,0.2453590151905872,-1.2069436435244487,0.0079616885753456,2.987452777392619e-06
87.36273839738332,185.09307882446814,162.03107851600407,781.8523612702536,-3.6070093272059287,5.1096128738480155,-9.068106793360531,-0.6023950186235112,0.702378195880235,-0.2890697956314673,0.2453590151905872,-1.2069436435244487,0.0079616885753456,2.987452777392619e-06
87.40311900711815,184.94731430931483,162.2374705243213,781.4861891350092,-3.612573897856568,5.112767796449017,-9.067930531457888,-0.6023950186235112,0.702378195880235,-0.2890697956314673,0.2453590151905872,-1.2069436435244487,0.0079616885753456,2.987452777392619e-06
87.48388022658781,184.65513069988597,162.6506189326811,780.753866042627,-3.6231713516855044,5.118592983977535,-9.067582838189551,-0.6023950186235112,0.702378195880235,-0.2890697956314673,0.2453590151905872,-1.2069436435244487,0.0079616885753456,2.987452777392619e-06
87.56464144605748,184.36212165502005,163.0642100531977,780.0215708439079,-3.633013994839646,5.123730109804614,-9.06723993886565,-0.6023950186235112,0.702378195880235,-0.2890697956314673,0.2453590151905872,-1.2069436435244487,0.0079616885753456,2.987452777392619e-06
87.64540266552714,184.0683455665296,163.478190657898,779.2893032760481,-3.6421606403401166,5.128232789161514,-9.066898832190667,-0.6023950186235112,0.702378195880235,-0.2890697956314673,0.2453590151905872,-1.2069436435244487,0.0079616885753456,2.987452777392619e-06
88.08415707389655,182.46091196505606,165.73224129228285,775.3115713739336,-3.6816813734620766,5.143423819592302,-9.065015190212044,-0.6023950186235112,0.702378195880235,-0.2890697956314673,0.2453590151905872,-1.2069436435244487,0.0079616885753456,2.987452777392619e-06
88.52291148226595,180.83917327736944,167.99019095149444,771.3346785366133,-3.709050808752897,5.147539616070958,-9.062970474523388,-0.6023950186235112,0.702378195880235,-0.2890697956314673,0.2453590151905872,-1.2069436435244487,0.0079616885753456,2.987452777392619e-06
88.96166589063536,179.20738202290386,170.2481641018921,767.3586964182576,-3.728549214542256,5.144483363334184,-9.06082953823648,-0.6023950186235112,0.702378195880235,-0.2890697956314673,0.2453590151905872,-1.2069436435244487,0.0079616885753456,2.987452777392619e-06
89.40042029900476,177.56820193594396,172.50373401814596,763.3836849900277,-3.7428578276425606,5.136700240926675,-9.058683919438899,-0.6023950186235112,0.702378195880235,-0.2890697956314673,0.2453590151905872,-1.2069436435244487,0.0079616885753456,2.987452777392619e-06
89.68455526959075,176.50367975183906,173.96228737133822,760.8100013073976,-3.7503055689293476,5.130004641606649,-9.057274759040677,-0.6023950186235112,0.702378195880235,-0.2890697956314673,0.2453590151905872,-1.2069436435244487,0.0079616885753456,2.987452777392619e-06
89.96869024017673,175.43717415857932,175.4188175470031,758.2367166264687,-3.7566997907201727,5.122350605415504,-9.05584223915708,-0.6023950186235112,0.702378195880235,-0.2890697956314673,0.2453590151905872,-1.2069436435244487,0.0079616885753456,2.987452777392619e-06
90.25282521076271,174.3689597807217,176.87307475231583,755.6638388407547,-3.7623170078804744,5.113990307192725,-9.054402161525442,-0.6023950186235112,0.702378195880235,-0.2890697956314673,0.2453590151905872,-1.2069436435244487,0.0079616885753456,2.987452777392619e-06
90.53796298762938,173.29545558416004,178.329999492326,753.0822925806938,-3.7673723821739147,5.105072375415071,-9.05295576220355,-0.6023950186235112,0.702378195880235,-0.2890697956314673,0.2453590151905872,-1.2069436435244487,0.0079616885753456,2.987452777392619e-06
90.82310076449606,172.22057350222852,179.7843237269427,750.5011591652442,-3.7719905572945853,5.095758042049609,-9.051508710705404,-0.6023950186235112,0.702378195880235,-0.2890697956314673,0.2453590151905872,-1.2069436435244487,0.0079616885753456,2.987452777392619e-06
91.10823854136274,171.14442220937815,181.23594900439437,747.9204384375727,-3.7762809105868285,5.086147029964707,-9.05006125092838,-0.6023950186235112,0.702378195880235,-0.2890697956314673,0.2453590151905872,-1.2069436435244487,0.0079616885753456,2.987452777392619e-06
91.67807233325222,168.99029541620385,184.12858320633933,742.7642312916421,-3.7841858074536696,5.066336397075941,-9.047169082841782,-0.6023950186235112,0.702378195880235,-0.2890697956314673,0.2453590151905872,-1.2069436435244487,0.0079616885753456,2.987452777392619e-06
92.2479061251417,166.8318135436891,187.00979493217585,737.6096709066185,-3.791499306724198,5.045995341480583,-9.044279475371418,-0.6023950186235112,0.702378195880235,-0.2890697956314673,0.2453590151905872,-1.2069436435244487,0.0079616885753456,2.987452777392619e-06
92.81773991703118,164.6692600225267,189.87933075530782,732.4567559314722,-3.7985060520755574,5.025383352790025,-9.041394400118156,-0.6023950186235112,0.702378195880235,-0.2890697956314673,0.2453590151905872,-1.2069436435244487,0.0079616885753456,2.987452777392619e-06
93.38710473786314,162.50456167769747,192.73471893959174,727.3097230988633,-3.8053427189766422,5.004647216519073,-9.038516547940173,-0.6023950186235112,0.702378195880235,-0.2890697956314673,0.2453590151905872,-1.2069436435244487,0.0079616885753456,2.987452777392619e-06
93.9564695586951,160.33600735304026,195.57826981021952,722.1643282602806,-3.8120815303355093,4.983830519002517,-9.035642557216887,-0.6023950186235112,0.702378195880235,-0.2890697956314673,0.2453590151905872,-1.2069436435244487,0.0079616885753456,2.987452777392619e-06
94.52583437952707,158.16363631720287,198.40995248851354,717.0205688735955,-3.818760906393222,4.962968260950716,-9.032771583304031,-0.6023950186235112,0.702378195880235,-0.2890697956314673,0.2453590151905872,-1.2069436435244487,0.0079616885753456,2.987452777392619e-06
95.0947458815729,155.98920801418726,201.2275084565497,711.8825363055328,-3.8253999161446752,4.942099257486929,-9.0299060016924,-0.6023950186235112,0.702378195880235,-0.2890697956314673,0.2453590151905872,-1.2069436435244487,0.0079616885753456,2.987452777392619e-06
95.66365738361874,153.81100973856388,204.03318783477235,706.7461327473998,-3.8320182301079315,4.921219966031661,-9.0270441385812,-0.6023950186235112,0.702378195880235,-0.2890697956314673,0.2453590151905872,-1.2069436435244487,0.0079616885753456,2.987452777392619e-06
98.81463619355455,141.67889663524753,219.35775402107873,678.326938494553,-3.8685537420872764,4.805622058889883,-9.011260877633614,-0.6023950186235112,0.702378195880235,-0.2890697956314673,0.2453590151905872,-1.2069436435244487,0.0079616885753456,2.987452777392619e-06
101.96561500349036,129.43189338454155,234.31835507963066,649.9572680109563,-3.904960669871939,4.690167527651013,-8.995588453211207,-0.6023950186235112,0.702378195880235,-0.2890697956314673,0.2453590151905872,-1.2069436435244487,0.0079616885753456,2.987452777392619e-06
105.11659381342616,117.07025062285463,248.91552481965195,621.6367996801528,-3.941303089064689,4.574913050922618,-8.980024608602015,-0.6023950186235112,0.702378195880235,-0.2890697956314673,0.2453590151905872,-1.2069436435244487,0.0079616885753456,2.987452777392619e-06
110.17755912294912,96.97600092563033,271.60152719484626,576.2519664197936,-3.9995470764481666,4.390218013352362,-8.955251105670886,-0.6023950186235112,0.702378195880235,-0.2890697956314673,0.2453590151905872,-1.2069436435244487,0.0079616885753456,2.987452777392619e-06
111.0076383848984,93.65209770061364,275.2332077073548,568.8200735485477,-4.009090584079781,4.359979308416727,-8.951213878187277,-0.6023950186235112,0.702378195880235,-0.2890697956314673,0.2453590151905872,-1.2069436435244487,0.0079616885753456,2.987452777392619e-06
111.83771764684768,90.32027667590951,278.8397932370692,561.3915280090496,-4.018628193064837,4.3297528357442365,-8.947183978772832,-0.6023950186235112,0.702378195880235,-0.2890697956314673,0.2453590151905872,-1.2069436435244487,0.0079616885753456,2.987452777392619e-06
112.66779690879696,86.98054146325248,282.42129380007145,553.9663243035701,-4.028160273250827,4.299538903387549,-8.943161368755856,-0.6023950186235112,0.702378195880235,-0.2890697956314673,0.2453590151905872,-1.2069436435244487,0.0079616885753456,2.987452777392619e-06
113.31417778718152,84.37441846862428,285.1928340268521,548.1866457193006,-4.035579367090293,4.27602033385495,-8.940033998442402,-0.6023950186235112,0.702378195880235,-0.2890697956314673,0.2453590151905872,-1.2069436435244487,0.0079616885753456,2.987452777392619e-06
113.68947053043736,82.85962202464489,286.7948510644079,544.8318423412527,-4.037746831683374,4.261645018181246,-8.938274682433104,-0.6023950186235112,0.702378195880235,-0.2890697956314673,0.2453590151905872,-1.2069436435244487,0.0079616885753456,2.987452777392619e-06
113.9945974215095,81.62822148744391,288.0931085688169,542.1047320052095,-4.035761133176235,4.248690919797131,-8.936931126618093,-0.6023950186235112,0.702378195880235,-0.2890697956314673,0.2453590151905872,-1.2069436435244487,0.0079616885753456,2.987452777392619e-06
114.29972431258163,80.39797894735004,289.3872267964668,539.3780216317076,-4.03004133186102,4.234474786374173,-8.93566252926534,-0.6023950186235112,0.702378195880235,-0.2890697956314673,0.2453590151905872,-1.2069436435244487,0.0079616885753456,2.987452777392619e-06
114.60485120365377,79.16987613864067,290.67687404353484,536.651693525051,-4.021236523446569,4.219216273930664,-8.934442930196116,-0.6023950186235112,0.702378195880235,-0.2890697956314673,0.2453590151905872,-1.2069436435244487,0.0079616885753456,2.987452777392619e-06
114.98347009460642,77.65032647069583,292.27046141394067,533.2692207044834,-4.007244863006163,4.199247298338797,-8.93296331497282,-0.6023950186235112,0.702378195880235,-0.2890697956314673,0.2453590151905872,-1.2069436435244487,0.0079616885753456,2.987452777392619e-06
115.36208898555907,76.13649917628136,293.8563448749831,529.8873049191498,-3.990739806380483,4.1784303037463015,-8.931506823565881,-0.6023950186235112,0.702378195880235,-0.2890697956314673,0.2453590151905872,-1.2069436435244487,0.0079616885753456,2.987452777392619e-06
115.74070787651172,74.62918144270995,295.4342589856304,526.5059391480032,-3.972505325802977,4.157030606611389,-8.930063479832594,-0.6023950186235112,0.702378195880235,-0.2890697956314673,0.2453590151905872,-1.2069436435244487,0.0079616885753456,2.987452777392619e-06
116.28367526199673,72.47979129770194,297.68290780633146,521.6577648968326,-3.944204898444037,4.12561845010783,-8.928009523709939,-0.6023950186235112,0.702378195880235,-0.2890697956314673,0.2453590151905872,-1.2069436435244487,0.0079616885753456,2.987452777392619e-06
116.82664264748175,70.34592525099603,299.9144486224738,516.8107057017967,-3.91451440284985,4.093741087605513,-8.925963847680503,-0.6023950186235112,0.702378195880235,-0.2890697956314673,0.2453590151905872,-1.2069436435244487,0.0079616885753456,2.987452777392619e-06
117.36961003296676,68.22839171252987,302.12861091267547,511.9647552981263,-3.884257793655879,4.06167731609108,-8.923923145008935,-0.6023950186235112,0.702378195880235,-0.2890697956314673,0.2453590151905872,-1.2069436435244487,0.0079616885753456,2.987452777392619e-06
117.91257741845178,66.12748327460648,304.3252984825238,507.11991035181387,-3.853738873356954,4.029529889026838,-8.921886813889358,-0.6023950186235112,0.702378195880235,-0.2890697956314673,0.2453590151905872,-1.2069436435244487,0.0079616885753456,2.987452777392619e-06
118.80980093042457,62.692475117503314,307.91685109143174,499.11648960297214,-3.8029483837482765,3.9762973903868133,-8.918530931758333,-0.6023950186235112,0.702378195880235,-0.2890697956314673,0.2453590151905872,-1.2069436435244487,0.0079616885753456,2.987452777392619e-06
119.70702444239737,59.303276585610924,311.46056883082605,491.11607503562055,-3.751900919187111,3.922991604286231,-8.915182638291208,-0.6023950186235112,0.702378195880235,-0.2890697956314673,0.2453590151905872,-1.2069436435244487,0.0079616885753456,2.987452777392619e-06
120.60424795437017,55.95997335660128,314.9564340062922,483.1186616761004,-3.700700587156328,3.8696476933247483,-8.9118404153534,-0.6023950186235112,0.702378195880235,-0.2890697956314673,0.2453590151905872,-1.2069436435244487,0.0079616885753456,2.987452777392619e-06
121.45085130485896,52.84747643339375,318.2111851307132,475.575191838264,-3.652391646099331,3.819326681496859,-8.908691361193487,-0.6023950186235112,0.702378195880235,-0.2890697956314673,0.2453590151905872,-1.2069436435244487,0.0079616885753456,2.987452777392619e-06
