time,altp,temp,p,gx,gy,gz,ax,ay,az,vz,alt,lat,lon
0.002892809424411922,478.0,14.999981229167815,1013.2496602889584,8.156630584998156e-56,8.156630584998156e-56,-5.934729841099874e-67,1.4349296274686127e-42,5.169878828456423e-26,4.1359030627651384e-25,0.0,478.0,-21.943052799999997,-48.9540861
0.002892809424411922,478.0,14.999981229167815,1013.2496602889584,8.156630584998156e-56,8.156630584998156e-56,-5.934729841099874e-67,1.4349296274686127e-42,5.169878828456423e-26,4.1359030627651384e-25,0.0,478.0,-21.943052799999997,-48.9540861
0.005785618848823844,478.0,14.99996245833563,1013.2493205779167,0.0,-3.2626522339992623e-55,0.0,-1.1479437019748901e-41,0.0,0.0,0.0,478.0,-21.943052799999997,-48.9540861
0.005785618848823844,478.0,14.99996245833563,1013.2493205779167,0.0,-3.2626522339992623e-55,0.0,-1.1479437019748901e-41,0.0,0.0,0.0,478.0,-21.943052799999997,-48.9540861
0.005785618848823844,478.0,14.99996245833563,1013.2493205779167,0.0,-3.2626522339992623e-55,0.0,-1.1479437019748901e-41,0.0,0.0,0.0,478.0,-21.943052799999997,-48.9540861
0.003775417377205593,478.0,14.999975502110374,1013.2495566417341,-2.762475733560158e-40,-2.777624590575021e-40,2.6841068875806984e-51,-8.042624589175545e-27,-2.0203822952303063e-10,-2.3093075306055385e-09,-2.813595350620547e-12,478.0,-21.943052799999997,-48.9540861
0.003775417377205593,478.0,14.999975502110374,1013.2495566417341,-2.762475733560158e-40,-2.777624590575021e-40,2.6841068875806984e-51,-8.042624589175545e-27,-2.0203822952303063e-10,-2.3093075306055385e-09,-2.813595350620547e-12,478.0,-21.943052799999997,-48.9540861
0.007550834754411186,478.0,14.999951004220748,1013.2491132834683,2.5792192965323196e-39,2.5933632123895615e-39,-2.5060492638179726e-50,7.509094933635244e-26,1.886354670531185e-09,2.1561132545729563e-08,2.626947752985973e-11,478.0,-21.943052799999997,-48.9540861
0.007550834754411186,478.0,14.999951004220748,1013.2491132834683,2.5792192965323196e-39,2.5933632123895615e-39,-2.5060492638179726e-50,7.509094933635244e-26,1.886354670531185e-09,2.1561132545729563e-08,2.626947752985973e-11,478.0,-21.943052799999997,-48.9540861
0.007550834754411186,478.0,14.999951004220748,1013.2491132834683,2.5792192965323196e-39,2.5933632123895615e-39,-2.5060492638179726e-50,7.509094933635244e-26,1.886354670531185e-09,2.1561132545729563e-08,2.626947752985973e-11,478.0,-21.943052799999997,-48.9540861
0.0021651108652108522,478.0,14.999985951050803,1013.249745744721,1.21661069374121e-40,1.2232823401988922e-40,-1.1820965892672889e-51,3.5420195595082475e-27,8.897883431015026e-11,1.0170327300037524e-09,1.2391240762191348e-12,478.0,-21.943052799999997,-48.9540861
0.0021651108652108522,478.0,14.999985951050803,1013.249745744721,1.21661069374121e-40,1.2232823401988922e-40,-1.1820965892672889e-51,3.5420195595082475e-27,8.897883431015026e-11,1.0170327300037524e-09,1.2391240762191348e-12,478.0,-21.943052799999997,-48.9540861
0.0043302217304217044,478.0,14.99997190210155,1013.249491489442,-4.1432446821503845e-40,-4.165965396220369e-40,4.0257047159505027e-51,-1.2062571683367816e-26,-3.030230491775454e-10,-3.463569301041563e-09,-4.219915430409252e-12,478.0,-21.943052799999997,-48.9540861
0.0043302217304217044,478.0,14.99997190210155,1013.249491489442,-4.1432446821503845e-40,-4.165965396220369e-40,4.0257047159505027e-51,-1.2062571683367816e-26,-3.030230491775454e-10,-3.463569301041563e-09,-4.219915430409252e-12,478.0,-21.943052799999997,-48.9540861
0.0043302217304217044,478.0,14.99997190210155,1013.249491489442,-4.1432446821503845e-40,-4.165965396220369e-40,4.0257047159505027e-51,-1.2062571683367816e-26,-3.030230491775454e-10,-3.463569301041563e-09,-4.219915430409252e-12,478.0,-21.943052799999997,-48.9540861
0.004965715256550152,478.0,14.999967778517657,1013.2494168615852,-4.190509829203753e-40,-4.2134897357603166e-40,4.071628995106056e-51,-1.2200178623868437e-26,-3.06479863843027e-10,-3.503080873468972e-09,-4.2680552190706235e-12,478.0,-21.943052799999997,-48.9540861
0.004965715256550152,478.0,14.999967778517657,1013.2494168615852,-4.190509829203753e-40,-4.2134897357603166e-40,4.071628995106056e-51,-1.2200178623868437e-26,-3.06479863843027e-10,-3.503080873468972e-09,-4.2680552190706235e-12,478.0,-21.943052799999997,-48.9540861
0.004965715256550152,478.0,14.999967778517657,1013.2494168615852,-4.190509829203753e-40,-4.2134897357603166e-40,4.071628995106056e-51,-1.2200178623868437e-26,-3.06479863843027e-10,-3.503080873468972e-09,-4.2680552190706235e-12,478.0,-21.943052799999997,-48.9540861
0.008872976103934893,478.00000000000006,14.999942425123493,1013.2489580205563,4.3307156210718575e-39,4.3544643877736406e-39,-4.207857280140401e-50,1.2608371367617906e-25,3.16734046210595e-09,3.6202867142523243e-08,4.410855519300514e-11,478.00000000000006,-21.943052799999997,-48.9540861
0.008872976103934893,478.00000000000006,14.999942425123493,1013.2489580205563,4.3307156210718575e-39,4.3544643877736406e-39,-4.207857280140401e-50,1.2608371367617906e-25,3.16734046210595e-09,3.6202867142523243e-08,4.410855519300514e-11,478.00000000000006,-21.943052799999997,-48.9540861
0.008872976103934893,478.00000000000006,14.999942425123493,1013.2489580205563,4.3307156210718575e-39,4.3544643877736406e-39,-4.207857280140401e-50,1.2608371367617906e-25,3.16734046210595e-09,3.6202867142523243e-08,4.410855519300514e-11,478.00000000000006,-21.943052799999997,-48.9540861
0.00948584526340128,478.00000000000006,14.999938448344324,1013.2488860495448,4.571024862482663e-39,4.596091436357651e-39,-4.441349173728466e-50,1.3308003581757164e-25,3.343094598451216e-09,3.82117461133763e-08,4.655611683537738e-11,478.00000000000006,-21.943052799999997,-48.9540861
0.007106723650256233,478.0,14.999953885964317,1013.2491654367296,1.833621314842594e-39,1.8436765224885852e-39,-1.7816031976653775e-50,5.338373725724639e-26,1.3410492608709892e-09,1.532826319233483e-08,1.867552479670501e-11,478.0,-21.943052799999997,-48.9540861
0.007106723650256247,478.0,14.999953885964317,1013.2491654367296,1.8336213148426172e-39,1.8436765224886087e-39,-1.7816031976654003e-50,5.338373725724706e-26,1.341049260871006e-09,1.5328263192335025e-08,1.8675524796705245e-11,478.0,-21.943052799999997,-48.9540861
0.007106723650256247,478.0,14.999953885964317,1013.2491654367296,1.8336213148426172e-39,1.8436765224886087e-39,-1.7816031976654003e-50,5.338373725724706e-26,1.341049260871006e-09,1.5328263192335025e-08,1.8675524796705245e-11,478.0,-21.943052799999997,-48.9540861
0.013151563051627208,477.9999999999999,14.99991466227226,1013.2484555736213,-9.865582488771169e-39,-9.919683343549768e-39,9.585705165264785e-50,-2.872248807357815e-25,-7.215356844695105e-09,-8.2471906117952e-08,-1.0048145105621279e-10,477.9999999999999,-21.943052799999997,-48.9540861
0.013151563051627208,477.9999999999999,14.99991466227226,1013.2484555736213,-9.865582488771169e-39,-9.919683343549768e-39,9.585705165264785e-50,-2.872248807357815e-25,-7.215356844695105e-09,-8.2471906117952e-08,-1.0048145105621279e-10,477.9999999999999,-21.943052799999997,-48.9540861
0.013151563051627208,477.9999999999999,14.99991466227226,1013.2484555736213,-9.865582488771169e-39,-9.919683343549768e-39,9.585705165264785e-50,-2.872248807357815e-25,-7.215356844695105e-09,-8.2471906117952e-08,-1.0048145105621279e-10,477.9999999999999,-21.943052799999997,-48.9540861
0.01657403501982299,477.9999999999999,14.999892454571182,1013.2480536627636,-1.128751980810739e-38,-1.1349418278942119e-38,1.0967303456309183e-49,-3.286229205803573e-25,-8.255314209754638e-09,-9.435867319322437e-08,-1.149639537691043e-10,477.9999999999999,-21.943052799999997,-48.9540861
0.01657403501982299,477.9999999999999,14.999892454571182,1013.2480536627636,-1.128751980810739e-38,-1.1349418278942119e-38,1.0967303456309183e-49,-3.286229205803573e-25,-8.255314209754638e-09,-9.435867319322437e-08,-1.149639537691043e-10,477.9999999999999,-21.943052799999997,-48.9540861
0.013601323866191922,477.9999999999999,14.999911743868893,1013.2484027568981,-1.271826112893762e-38,-1.2788005495188284e-38,1.2357455987581421e-49,-3.7027727861820775e-25,-9.30171052684898e-09,-1.0631903782702951e-07,-1.295361256775278e-10,477.9999999999999,-21.943052799999997,-48.9540861
0.01360132386619195,477.9999999999999,14.999911743868893,1013.2484027568981,-1.2718261128937787e-38,-1.2788005495188446e-38,1.2357455987581582e-49,-3.7027727861821266e-25,-9.301710526849101e-09,-1.063190378270309e-07,-1.2953612567752948e-10,477.9999999999999,-21.943052799999997,-48.9540861
0.01360132386619195,477.9999999999999,14.999911743868893,1013.2484027568981,-1.2718261128937787e-38,-1.2788005495188446e-38,1.2357455987581582e-49,-3.7027727861821266e-25,-9.301710526849101e-09,-1.063190378270309e-07,-1.2953612567752948e-10,477.9999999999999,-21.943052799999997,-48.9540861
0.01360132386619195,477.9999999999999,14.999911743868893,1013.2484027568981,-1.2718261128937787e-38,-1.2788005495188446e-38,1.2357455987581582e-49,-3.7027727861821266e-25,-9.301710526849101e-09,-1.063190378270309e-07,-1.2953612567752948e-10,477.9999999999999,-21.943052799999997,-48.9540861
0.01360132386619195,477.9999999999999,14.999911743868893,1013.2484027568981,-1.2718261128937787e-38,-1.2788005495188446e-38,1.2357455987581582e-49,-3.7027727861821266e-25,-9.301710526849101e-09,-1.063190378270309e-07,-1.2953612567752948e-10,477.9999999999999,-21.943052799999997,-48.9540861
0.010657637594064406,478.0,14.99993084483026,1013.2487484425562,3.253825363033973e-39,3.271668681828463e-39,-3.16151738884192e-50,9.473131494224663e-26,2.3797389694254193e-09,2.7200540887451896e-08,3.314037405630029e-11,478.0,-21.943052799999997,-48.9540861
0.010657637594064406,478.0,14.99993084483026,1013.2487484425562,3.253825363033973e-39,3.271668681828463e-39,-3.16151738884192e-50,9.473131494224663e-26,2.3797389694254193e-09,2.7200540887451896e-08,3.314037405630029e-11,478.0,-21.943052799999997,-48.9540861
0.010657637594064406,478.0,14.99993084483026,1013.2487484425562,3.253825363033973e-39,3.271668681828463e-39,-3.16151738884192e-50,9.473131494224663e-26,2.3797389694254193e-09,2.7200540887451896e-08,3.314037405630029e-11,478.0,-21.943052799999997,-48.9540861
0.012550208252747552,477.99999999999994,14.999918564337122,1013.248526192468,-5.829791149154578e-39,-5.8617605422146376e-39,5.664405441287488e-50,-1.6972754213309553e-25,-4.263714131332027e-09,-4.873447552514766e-08,-5.937671441989863e-11,477.99999999999994,-21.943052799999997,-48.9540861
0.012550208252747552,477.99999999999994,14.999918564337122,1013.248526192468,-5.829791149154578e-39,-5.8617605422146376e-39,5.664405441287488e-50,-1.6972754213309553e-25,-4.263714131332027e-09,-4.873447552514766e-08,-5.937671441989863e-11,477.99999999999994,-21.943052799999997,-48.9540861
0.012550208252747552,477.99999999999994,14.999918564337122,1013.248526192468,-5.829791149154578e-39,-5.8617605422146376e-39,5.664405441287488e-50,-1.6972754213309553e-25,-4.263714131332027e-09,-4.873447552514766e-08,-5.937671441989863e-11,477.99999999999994,-21.943052799999997,-48.9540861
0.012550208252747552,477.99999999999994,14.999918564337122,1013.248526192468,-5.829791149154578e-39,-5.8617605422146376e-39,5.664405441287488e-50,-1.6972754213309553e-25,-4.263714131332027e-09,-4.873447552514766e-08,-5.937671441989863e-11,477.99999999999994,-21.943052799999997,-48.9540861
0.012550208252747552,477.99999999999994,14.999918564337122,1013.248526192468,-5.829791149154578e-39,-5.8617605422146376e-39,5.664405441287488e-50,-1.6972754213309553e-25,-4.263714131332027e-09,-4.873447552514766e-08,-5.937671441989863e-11,477.99999999999994,-21.943052799999997,-48.9540861
0.012550208252747552,477.99999999999994,14.999918564337122,1013.248526192468,-5.829791149154578e-39,-5.8617605422146376e-39,5.664405441287488e-50,-1.6972754213309553e-25,-4.263714131332027e-09,-4.873447552514766e-08,-5.937671441989863e-11,477.99999999999994,-21.943052799999997,-48.9540861
0.01811338693891079,478.0000000000002,14.99988246604022,1013.2478728921814,1.6543426902050982e-38,1.6634147702103784e-38,-1.6074105394857724e-49,4.816425005123615e-25,1.2099308750222076e-08,1.3829573184229617e-07,1.6849563038497514e-10,478.0000000000002,-21.943052799999997,-48.9540861
0.002197255080341187,478.0,14.999985742473712,1013.2497419699321,1.187634554169775e-40,1.19414730135103e-40,-1.153942475602386e-51,3.4576589224950605e-27,8.685961644108316e-11,9.928099589193684e-10,1.2096117331470553e-12,478.0,-21.943052799999997,-48.9540861
0.002197255080341187,478.0,14.999985742473712,1013.2497419699321,1.187634554169775e-40,1.19414730135103e-40,-1.153942475602386e-51,3.4576589224950605e-27,8.685961644108316e-11,9.928099589193684e-10,1.2096117331470553e-12,478.0,-21.943052799999997,-48.9540861
0.002197255080341187,478.0,14.999985742473712,1013.2497419699321,1.187634554169775e-40,1.19414730135103e-40,-1.153942475602386e-51,3.4576589224950605e-27,8.685961644108316e-11,9.928099589193684e-10,1.2096117331470553e-12,478.0,-21.943052799999997,-48.9540861
0.00439451016068243,478.0,14.999971484947423,1013.2494839398643,-4.239865972351874e-40,-4.263116537993792e-40,4.11958495075804e-51,-1.2343873254625742e-26,-3.1008960696460024e-10,-3.544340426148087e-09,-4.3183246977122155e-12,478.0,-21.943052799999997,-48.9540861
0.00439451016068243,478.0,14.999971484947423,1013.2494839398643,-4.239865972351874e-40,-4.263116537993792e-40,4.11958495075804e-51,-1.2343873254625742e-26,-3.1008960696460024e-10,-3.544340426148087e-09,-4.3183246977122155e-12,478.0,-21.943052799999997,-48.9540861
0.00439451016068243,478.0,14.999971484947423,1013.2494839398643,-4.239865972351874e-40,-4.263116537993792e-40,4.11958495075804e-51,-1.2343873254625742e-26,-3.1008960696460024e-10,-3.544340426148087e-09,-4.3183246977122155e-12,478.0,-21.943052799999997,-48.9540861
0.007519985427334008,478.0,14.99995120439553,1013.2491169061947,2.5279428822660625e-39,2.541805608660347e-39,-2.456227513338693e-50,7.359809658397345e-26,1.8488528172885038e-09,2.1132484401715244e-08,2.5747224686066956e-11,478.0,-21.943052799999997,-48.9540861
0.007519985427334008,478.0,14.99995120439553,1013.2491169061947,2.5279428822660625e-39,2.541805608660347e-39,-2.456227513338693e-50,7.359809658397345e-26,1.8488528172885038e-09,2.1132484401715244e-08,2.5747224686066956e-11,478.0,-21.943052799999997,-48.9540861
0.007519985427334008,478.0,14.99995120439553,1013.2491169061947,2.5279428822660625e-39,2.541805608660347e-39,-2.456227513338693e-50,7.359809658397345e-26,1.8488528172885038e-09,2.1132484401715244e-08,2.5747224686066956e-11,478.0,-21.943052799999997,-48.9540861
0.01901200374692069,478.00000000000045,14.99987663510467,1013.2477673649905,3.9035364404509116e-38,3.9249426431082984e-38,-3.792796772275565e-49,1.1364689209505994e-24,2.854915906504418e-08,3.263183813133078e-07,3.9757713873838073e-10,478.00000000000045,-21.943052799999997,-48.9540861
0.01901200374692069,478.00000000000045,14.99987663510467,1013.2477673649905,3.9035364404509116e-38,3.9249426431082984e-38,-3.792796772275565e-49,1.1364689209505994e-24,2.854915906504418e-08,3.263183813133078e-07,3.9757713873838073e-10,478.00000000000045,-21.943052799999997,-48.9540861
0.010113254174843322,478.00000000000006,14.999934377219802,1013.2488123710878,4.206054085079195e-39,4.2291192331844194e-39,-4.086732275019336e-50,1.2245433904487013e-25,3.076167186932526e-09,3.5160751838676944e-08,4.2838871214213585e-11,478.00000000000006,-21.943052799999997,-48.9540861
0.002951320620400877,478.0,14.999980849500957,1013.2496534178181,-1.5388833562015556e-41,-1.5473222806208503e-41,1.4952266785129926e-52,-4.480278675428984e-28,-1.1254877823984725e-11,-1.2864384218933406e-10,-1.5673603947195545e-13,478.0,-21.943052799999997,-48.9540861
0.0029513206204009323,478.0,14.999980849500957,1013.2496534178181,-1.5388833562030556e-41,-1.5473222806223588e-41,1.49522667851445e-52,-4.480278675433353e-28,-1.1254877823995697e-11,-1.2864384218945945e-10,-1.5673603947210824e-13,478.0,-21.943052799999997,-48.9540861
0.005902641240801754,478.0,14.999961699001915,1013.2493068356363,1.1172160710466595e-40,1.1233426575391258e-40,-1.0855216988087567e-51,3.252643755477278e-27,8.170944426651852e-11,9.339432215958689e-10,1.1378901559017024e-12,478.0,-21.943052799999997,-48.9540861
0.005902641240801754,478.0,14.999961699001915,1013.2493068356363,1.1172160710466595e-40,1.1233426575391258e-40,-1.0855216988087567e-51,3.252643755477278e-27,8.170944426651852e-11,9.339432215958689e-10,1.1378901559017024e-12,478.0,-21.943052799999997,-48.9540861
0.005902641240801754,478.0,14.999961699001915,1013.2493068356363,1.1172160710466595e-40,1.1233426575391258e-40,-1.0855216988087567e-51,3.252643755477278e-27,8.170944426651852e-11,9.339432215958689e-10,1.1378901559017024e-12,478.0,-21.943052799999997,-48.9540861
0.0037761014709513097,478.0,14.999975497671414,1013.2495565613991,-2.764602943012582e-40,-2.7797634652129326e-40,2.686173750095803e-51,-8.048817710382204e-27,-2.02193806502901e-10,-2.3110857836225626e-09,-2.815761924086669e-12,478.0,-21.943052799999997,-48.9540861
0.0037761014709513097,478.0,14.999975497671414,1013.2495565613991,-2.764602943012582e-40,-2.7797634652129326e-40,2.686173750095803e-51,-8.048817710382204e-27,-2.02193806502901e-10,-2.3110857836225626e-09,-2.815761924086669e-12,478.0,-21.943052799999997,-48.9540861
0.0037761014709513097,478.0,14.999975497671414,1013.2495565613991,-2.764602943012582e-40,-2.7797634652129326e-40,2.686173750095803e-51,-8.048817710382204e-27,-2.02193806502901e-10,-2.3110857836225626e-09,-2.815761924086669e-12,478.0,-21.943052799999997,-48.9540861
0.007069856811750985,478.0,14.999954125185468,1013.2491697661098,1.7719551612196113e-39,1.7816722041778398e-39,-1.7216864549916801e-50,5.158839941075277e-26,1.2959486999932068e-09,1.4812761422617907e-08,1.804745193794121e-11,478.0,-21.943052799999997,-48.9540861
0.007069856811750985,478.0,14.999954125185468,1013.2491697661098,1.7719551612196113e-39,1.7816722041778398e-39,-1.7216864549916801e-50,5.158839941075277e-26,1.2959486999932068e-09,1.4812761422617907e-08,1.804745193794121e-11,478.0,-21.943052799999997,-48.9540861
0.007069856811750985,478.0,14.999954125185468,1013.2491697661098,1.7719551612196113e-39,1.7816722041778398e-39,-1.7216864549916801e-50,5.158839941075277e-26,1.2959486999932068e-09,1.4812761422617907e-08,1.804745193794121e-11,478.0,-21.943052799999997,-48.9540861
0.009970878455481724,478.00000000000006,14.999935301065932,1013.2488290906834,4.352066958569307e-39,4.375932811678368e-39,-4.228602900215809e-50,1.2670533286320982e-25,3.1829561157514374e-09,3.638135488043298e-08,4.432601963326263e-11,478.00000000000006,-21.943052799999997,-48.9540861
0.009970878455481724,478.00000000000006,14.999935301065932,1013.2488290906834,4.352066958569307e-39,4.375932811678368e-39,-4.228602900215809e-50,1.2670533286320982e-25,3.1829561157514374e-09,3.638135488043298e-08,4.432601963326263e-11,478.00000000000006,-21.943052799999997,-48.9540861
0.009970878455481724,478.00000000000006,14.999935301065932,1013.2488290906834,4.352066958569307e-39,4.375932811678368e-39,-4.228602900215809e-50,1.2670533286320982e-25,3.1829561157514374e-09,3.638135488043298e-08,4.432601963326263e-11,478.00000000000006,-21.943052799999997,-48.9540861
0.04666958223505646,477.9999999998145,14.999697170892432,1013.2445194549426,-1.6924361147892394e-35,-1.7017170914140346e-35,1.6444232893375357e-46,-4.927329549740731e-22,-1.2377911308280757e-05,-0.00014148017365259004,-1.7237546473056147e-07,477.9999999998145,-21.943052799999997,-48.9540861
0.006565227058863976,478.0,14.999957399621849,1013.2492290262525,9.632524918368166e-40,9.685347732667581e-40,-9.359259219578476e-51,2.80439682503466e-26,7.044906337821408e-10,8.05236479093535e-09,9.81077480457334e-12,478.0,-21.943052799999997,-48.9540861
0.006565227058863976,478.0,14.999957399621849,1013.2492290262525,9.632524918368166e-40,9.685347732667581e-40,-9.359259219578476e-51,2.80439682503466e-26,7.044906337821408e-10,8.05236479093535e-09,9.81077480457334e-12,478.0,-21.943052799999997,-48.9540861
0.006565227058863976,478.0,14.999957399621849,1013.2492290262525,9.632524918368166e-40,9.685347732667581e-40,-9.359259219578476e-51,2.80439682503466e-26,7.044906337821408e-10,8.05236479093535e-09,9.81077480457334e-12,478.0,-21.943052799999997,-48.9540861
0.006565227058863976,478.0,14.999957399621849,1013.2492290262525,9.632524918368166e-40,9.685347732667581e-40,-9.359259219578476e-51,2.80439682503466e-26,7.044906337821408e-10,8.05236479093535e-09,9.81077480457334e-12,478.0,-21.943052799999997,-48.9540861
0.013130454117728063,477.9999999999999,14.999914799243697,1013.248458052505,-9.725855748445351e-39,-9.779190370100294e-39,9.449942341529719e-50,-2.8315690032293095e-25,-7.113165383284252e-09,-8.130385236913036e-08,-9.905832721783097e-11,477.9999999999999,-21.943052799999997,-48.9540861
0.013130454117728063,477.9999999999999,14.999914799243697,1013.248458052505,-9.725855748445351e-39,-9.779190370100294e-39,9.449942341529719e-50,-2.8315690032293095e-25,-7.113165383284252e-09,-8.130385236913036e-08,-9.905832721783097e-11,477.9999999999999,-21.943052799999997,-48.9540861
0.013130454117728063,477.9999999999999,14.999914799243697,1013.248458052505,-9.725855748445351e-39,-9.779190370100294e-39,9.449942341529719e-50,-2.8315690032293095e-25,-7.113165383284252e-09,-8.130385236913036e-08,-9.905832721783097e-11,477.9999999999999,-21.943052799999997,-48.9540861
0.013130454117728063,477.9999999999999,14.999914799243697,1013.248458052505,-9.725855748445351e-39,-9.779190370100294e-39,9.449942341529719e-50,-2.8315690032293095e-25,-7.113165383284252e-09,-8.130385236913036e-08,-9.905832721783097e-11,477.9999999999999,-21.943052799999997,-48.9540861
0.02937694777911981,478.0000000000056,14.999809379161945,1013.2465501794051,5.1035755324611355e-37,5.131562506271101e-37,-4.9587918806125373e-48,1.4858462491248072e-23,3.732584334728787e-07,4.266363417041764e-06,5.198017204360262e-09,478.0000000000056,-21.943052799999997,-48.9540861
0.02937694777911981,478.0000000000056,14.999809379161945,1013.2465501794051,5.1035755324611355e-37,5.131562506271101e-37,-4.9587918806125373e-48,1.4858462491248072e-23,3.732584334728787e-07,4.266363417041764e-06,5.198017204360262e-09,478.0000000000056,-21.943052799999997,-48.9540861
0.003907073791880378,478.0,14.999974647819556,1013.2495411809376,-3.158117206634308e-40,-3.175435681297551e-40,3.0685243830865564e-51,-9.194488405095109e-27,-2.3097412270561755e-10,-2.6400463031096224e-09,-3.216558169671082e-12,478.0,-21.943052799999997,-48.9540861
0.003907073791880378,478.0,14.999974647819556,1013.2495411809376,-3.158117206634308e-40,-3.175435681297551e-40,3.0685243830865564e-51,-9.194488405095109e-27,-2.3097412270561755e-10,-2.6400463031096224e-09,-3.216558169671082e-12,478.0,-21.943052799999997,-48.9540861
0.003907073791880378,478.0,14.999974647819556,1013.2495411809376,-3.158117206634308e-40,-3.175435681297551e-40,3.0685243830865564e-51,-9.194488405095109e-27,-2.3097412270561755e-10,-2.6400463031096224e-09,-3.216558169671082e-12,478.0,-21.943052799999997,-48.9540861
0.007814147583760755,478.0,14.999949295639112,1013.2490823618754,3.007273623951533e-39,3.023764902980835e-39,-2.9219600913870996e-50,8.755324979163281e-26,2.1994192792110003e-09,2.5139477397083362e-08,3.062923226293594e-11,478.0,-21.943052799999997,-48.9540861
0.007814147583760755,478.0,14.999949295639112,1013.2490823618754,3.007273623951533e-39,3.023764902980835e-39,-2.9219600913870996e-50,8.755324979163281e-26,2.1994192792110003e-09,2.5139477397083362e-08,3.062923226293594e-11,478.0,-21.943052799999997,-48.9540861
0.007814147583760755,478.0,14.999949295639112,1013.2490823618754,3.007273623951533e-39,3.023764902980835e-39,-2.9219600913870996e-50,8.755324979163281e-26,2.1994192792110003e-09,2.5139477397083362e-08,3.062923226293594e-11,478.0,-21.943052799999997,-48.9540861
0.018157128617749874,478.0000000000002,14.99988218220966,1013.2478677554685,1.7612165795779494e-38,1.770874734330987e-38,-1.711252516840815e-49,5.127575818203582e-25,1.2880948607861784e-08,1.4722991629704094e-07,1.7938078946851434e-10,478.0000000000002,-21.943052799999997,-48.9540861
0.018157128617749874,478.0000000000002,14.99988218220966,1013.2478677554685,1.7612165795779494e-38,1.770874734330987e-38,-1.711252516840815e-49,5.127575818203582e-25,1.2880948607861784e-08,1.4722991629704094e-07,1.7938078946851434e-10,478.0000000000002,-21.943052799999997,-48.9540861
0.018157128617749874,478.0000000000002,14.99988218220966,1013.2478677554685,1.7612165795779494e-38,1.770874734330987e-38,-1.711252516840815e-49,5.127575818203582e-25,1.2880948607861784e-08,1.4722991629704094e-07,1.7938078946851434e-10,478.0000000000002,-21.943052799999997,-48.9540861
0.03294881408770911,477.99999999996777,14.999786202072357,1013.2461307247344,-2.9420208018330635e-36,-2.958154247611532e-36,2.8585584306396425e-47,-8.565349029218282e-23,-2.1516955490365214e-06,-2.4593992665106205e-05,-2.996462900616529e-08,477.99999999996777,-21.943052799999997,-48.9540861
0.03294881408770911,477.99999999996777,14.999786202072357,1013.2461307247344,-2.9420208018330635e-36,-2.958154247611532e-36,2.8585584306396425e-47,-8.565349029218282e-23,-2.1516955490365214e-06,-2.4593992665106205e-05,-2.996462900616529e-08,477.99999999996777,-21.943052799999997,-48.9540861
0.023873112107140937,477.9999999999994,14.99984509239448,1013.2471965108685,-5.762480729021097e-38,-5.794081005379851e-38,5.5990045546511435e-49,-1.6776787807705842e-24,-4.214485542834369e-08,-4.817179018382833e-07,-5.869115442443829e-10,477.9999999999994,-21.943052799999997,-48.9540861
0.023873112107140937,477.9999999999994,14.99984509239448,1013.2471965108685,-5.762480729021097e-38,-5.794081005379851e-38,5.5990045546511435e-49,-1.6776787807705842e-24,-4.214485542834369e-08,-4.817179018382833e-07,-5.869115442443829e-10,477.9999999999994,-21.943052799999997,-48.9540861
0.01836519649161039,478.0000000000003,14.999880832100985,1013.2478433214517,2.2783790579661293e-38,2.2908732269303967e-38,-2.213743580699345e-49,6.633233809965689e-25,1.6663301887563998e-08,1.9046241211155814e-07,2.3205404654118846e-10,478.0000000000003,-21.943052799999997,-48.9540861
0.015174078960076054,477.99999999999983,14.999901538591757,1013.2482180636838,-1.8169984899317413e-38,-1.826962541375091e-38,1.7654519467087686e-49,-5.289978317668948e-25,-1.3288918830744718e-08,-1.5189303728256212e-07,-1.8506220493629448e-10,477.99999999999983,-21.943052799999997,-48.9540861
0.015174078960076054,477.99999999999983,14.999901538591757,1013.2482180636838,-1.8169984899317413e-38,-1.826962541375091e-38,1.7654519467087686e-49,-5.289978317668948e-25,-1.3288918830744718e-08,-1.5189303728256212e-07,-1.8506220493629448e-10,477.99999999999983,-21.943052799999997,-48.9540861
0.015174078960076054,477.99999999999983,14.999901538591757,1013.2482180636838,-1.8169984899317413e-38,-1.826962541375091e-38,1.7654519467087686e-49,-5.289978317668948e-25,-1.3288918830744718e-08,-1.5189303728256212e-07,-1.8506220493629448e-10,477.99999999999983,-21.943052799999997,-48.9540861
0.030348157920152108,478.00000000000256,14.999803077183515,1013.2464361273676,2.335439363398467e-37,2.348246439512552e-37,-2.2691851387763152e-48,6.799358206991459e-24,1.7080621864190023e-07,1.952324012713806e-06,2.3786566718708323e-09,478.00000000000256,-21.943052799999997,-48.9540861
0.030348157920152108,478.00000000000256,14.999803077183515,1013.2464361273676,2.335439363398467e-37,2.348246439512552e-37,-2.2691851387763152e-48,6.799358206991459e-24,1.7080621864190023e-07,1.952324012713806e-06,2.3786566718708323e-09,478.00000000000256,-21.943052799999997,-48.9540861
0.023506475742674837,477.99999999999966,14.999847471420765,1013.2472395660453,-2.7453251935632465e-38,-2.760380000492897e-38,2.6674428923201468e-49,-7.992692800446659e-25,-2.0078389642817504e-08,-2.2949704377262547e-07,-2.7961274398585755e-10,477.99999999999966,-21.943052799999997,-48.9540861
0.023506475742674837,477.99999999999966,14.999847471420765,1013.2472395660453,-2.7453251935632465e-38,-2.760380000492897e-38,2.6674428923201468e-49,-7.992692800446659e-25,-2.0078389642817504e-08,-2.2949704377262547e-07,-2.7961274398585755e-10,477.99999999999966,-21.943052799999997,-48.9540861
0.023506475742674837,477.99999999999966,14.999847471420765,1013.2472395660453,-2.7453251935632465e-38,-2.760380000492897e-38,2.6674428923201468e-49,-7.992692800446659e-25,-2.0078389642817504e-08,-2.2949704377262547e-07,-2.7961274398585755e-10,477.99999999999966,-21.943052799999997,-48.9540861
0.023506475742674837,477.99999999999966,14.999847471420765,1013.2472395660453,-2.7453251935632465e-38,-2.760380000492897e-38,2.6674428923201468e-49,-7.992692800446659e-25,-2.0078389642817504e-08,-2.2949704377262547e-07,-2.7961274398585755e-10,477.99999999999966,-21.943052799999997,-48.9540861
0.018058548208468306,478.0000000000002,14.999882821877236,1013.2478793320532,1.5215136648034136e-38,1.5298573373556297e-38,-1.4783497489709477e-49,4.429708853059885e-25,1.1127841714497556e-08,1.271918128135564e-07,1.5496692771593862e-10,478.0000000000002,-21.943052799999997,-48.9540861
0.018058548208468306,478.0000000000002,14.999882821877236,1013.2478793320532,1.5215136648034136e-38,1.5298573373556297e-38,-1.4783497489709477e-49,4.429708853059885e-25,1.1127841714497556e-08,1.271918128135564e-07,1.5496692771593862e-10,478.0000000000002,-21.943052799999997,-48.9540861
0.018058548208468306,478.0000000000002,14.999882821877236,1013.2478793320532,1.5215136648034136e-38,1.5298573373556297e-38,-1.4783497489709477e-49,4.429708853059885e-25,1.1127841714497556e-08,1.271918128135564e-07,1.5496692771593862e-10,478.0000000000002,-21.943052799999997,-48.9540861
0.018058548208468306,478.0000000000002,14.999882821877236,1013.2478793320532,1.5215136648034136e-38,1.5298573373556297e-38,-1.4783497489709477e-49,4.429708853059885e-25,1.1127841714497556e-08,1.271918128135564e-07,1.5496692771593862e-10,478.0000000000002,-21.943052799999997,-48.9540861
0.018058548208468306,478.0000000000002,14.999882821877236,1013.2478793320532,1.5215136648034136e-38,1.5298573373556297e-38,-1.4783497489709477e-49,4.429708853059885e-25,1.1127841714497556e-08,1.271918128135564e-07,1.5496692771593862e-10,478.0000000000002,-21.943052799999997,-48.9540861
0.018058548208468306,478.0000000000002,14.999882821877236,1013.2478793320532,1.5215136648034136e-38,1.5298573373556297e-38,-1.4783497489709477e-49,4.429708853059885e-25,1.1127841714497556e-08,1.271918128135564e-07,1.5496692771593862e-10,478.0000000000002,-21.943052799999997,-48.9540861
0.018058548208468306,478.0000000000002,14.999882821877236,1013.2478793320532,1.5215136648034136e-38,1.5298573373556297e-38,-1.4783497489709477e-49,4.429708853059885e-25,1.1127841714497556e-08,1.271918128135564e-07,1.5496692771593862e-10,478.0000000000002,-21.943052799999997,-48.9540861
0.020721050489285853,478.00000000000074,14.99986554545967,1013.2475666666506,6.760820262340519e-38,6.797895230353142e-38,-6.569022131628494e-49,1.9683336445030172e-24,4.944637664441456e-08,5.651746712276948e-07,6.885929250132263e-10,478.00000000000074,-21.943052799999997,-48.9540861
0.020721050489285853,478.00000000000074,14.99986554545967,1013.2475666666506,6.760820262340519e-38,6.797895230353142e-38,-6.569022131628494e-49,1.9683336445030172e-24,4.944637664441456e-08,5.651746712276948e-07,6.885929250132263e-10,478.00000000000074,-21.943052799999997,-48.9540861
0.020721050489285853,478.00000000000074,14.99986554545967,1013.2475666666506,6.760820262340519e-38,6.797895230353142e-38,-6.569022131628494e-49,1.9683336445030172e-24,4.944637664441456e-08,5.651746712276948e-07,6.885929250132263e-10,478.00000000000074,-21.943052799999997,-48.9540861
0.020721050489285853,478.00000000000074,14.99986554545967,1013.2475666666506,6.760820262340519e-38,6.797895230353142e-38,-6.569022131628494e-49,1.9683336445030172e-24,4.944637664441456e-08,5.651746712276948e-07,6.885929250132263e-10,478.00000000000074,-21.943052799999997,-48.9540861
0.020721050489285853,478.00000000000074,14.99986554545967,1013.2475666666506,6.760820262340519e-38,6.797895230353142e-38,-6.569022131628494e-49,1.9683336445030172e-24,4.944637664441456e-08,5.651746712276948e-07,6.885929250132263e-10,478.00000000000074,-21.943052799999997,-48.9540861
0.020721050489285853,478.00000000000074,14.99986554545967,1013.2475666666506,6.760820262340519e-38,6.797895230353142e-38,-6.569022131628494e-49,1.9683336445030172e-24,4.944637664441456e-08,5.651746712276948e-07,6.885929250132263e-10,478.00000000000074,-21.943052799999997,-48.9540861
0.020721050489285853,478.00000000000074,14.99986554545967,1013.2475666666506,6.760820262340519e-38,6.797895230353142e-38,-6.569022131628494e-49,1.9683336445030172e-24,4.944637664441456e-08,5.651746712276948e-07,6.885929250132263e-10,478.00000000000074,-21.943052799999997,-48.9540861
0.020721050489285853,478.00000000000074,14.99986554545967,1013.2475666666506,6.760820262340519e-38,6.797895230353142e-38,-6.569022131628494e-49,1.9683336445030172e-24,4.944637664441456e-08,5.651746712276948e-07,6.885929250132263e-10,478.00000000000074,-21.943052799999997,-48.9540861
0.020721050489285853,478.00000000000074,14.99986554545967,1013.2475666666506,6.760820262340519e-38,6.797895230353142e-38,-6.569022131628494e-49,1.9683336445030172e-24,4.944637664441456e-08,5.651746712276948e-07,6.885929250132263e-10,478.00000000000074,-21.943052799999997,-48.9540861
0.020721050489285853,478.00000000000074,14.99986554545967,1013.2475666666506,6.760820262340519e-38,6.797895230353142e-38,-6.569022131628494e-49,1.9683336445030172e-24,4.944637664441456e-08,5.651746712276948e-07,6.885929250132263e-10,478.00000000000074,-21.943052799999997,-48.9540861
0.020721050489285853,478.00000000000074,14.99986554545967,1013.2475666666506,6.760820262340519e-38,6.797895230353142e-38,-6.569022131628494e-49,1.9683336445030172e-24,4.944637664441456e-08,5.651746712276948e-07,6.885929250132263e-10,478.00000000000074,-21.943052799999997,-48.9540861
0.024790475444133042,477.99999999999864,14.999839139816686,1013.2470887822182,-1.2410450588814038e-37,-1.2478506984450748e-37,1.205837774382401e-48,-3.613157352144766e-24,-9.076588199801607e-08,-1.0374587785435868e-06,-1.2640105993181865e-09,477.99999999999864,-21.943052799999997,-48.9540861
0.024790475444133042,477.99999999999864,14.999839139816686,1013.2470887822182,-1.2410450588814038e-37,-1.2478506984450748e-37,1.205837774382401e-48,-3.613157352144766e-24,-9.076588199801607e-08,-1.0374587785435868e-06,-1.2640105993181865e-09,477.99999999999864,-21.943052799999997,-48.9540861
0.024790475444133042,477.99999999999864,14.999839139816686,1013.2470887822182,-1.2410450588814038e-37,-1.2478506984450748e-37,1.205837774382401e-48,-3.613157352144766e-24,-9.076588199801607e-08,-1.0374587785435868e-06,-1.2640105993181865e-09,477.99999999999864,-21.943052799999997,-48.9540861
0.024790475444133042,477.99999999999864,14.999839139816686,1013.2470887822182,-1.2410450588814038e-37,-1.2478506984450748e-37,1.205837774382401e-48,-3.613157352144766e-24,-9.076588199801607e-08,-1.0374587785435868e-06,-1.2640105993181865e-09,477.99999999999864,-21.943052799999997,-48.9540861
0.024790475444133042,477.99999999999864,14.999839139816686,1013.2470887822182,-1.2410450588814038e-37,-1.2478506984450748e-37,1.205837774382401e-48,-3.613157352144766e-24,-9.076588199801607e-08,-1.0374587785435868e-06,-1.2640105993181865e-09,477.99999999999864,-21.943052799999997,-48.9540861
0.015578563187839345,477.9999999999998,14.999898913978654,1013.248170563922,-1.764200646243147e-38,-1.7738751650129548e-38,1.714151928333105e-49,-5.13626357884006e-25,-1.2902773072724618e-08,-1.474793710719029e-07,-1.796847181507881e-10,477.9999999999998,-21.943052799999997,-48.9540861
0.015578563187839345,477.9999999999998,14.999898913978654,1013.248170563922,-1.764200646243147e-38,-1.7738751650129548e-38,1.714151928333105e-49,-5.13626357884006e-25,-1.2902773072724618e-08,-1.474793710719029e-07,-1.796847181507881e-10,477.9999999999998,-21.943052799999997,-48.9540861
0.015578563187839345,477.9999999999998,14.999898913978654,1013.248170563922,-1.764200646243147e-38,-1.7738751650129548e-38,1.714151928333105e-49,-5.13626357884006e-25,-1.2902773072724618e-08,-1.474793710719029e-07,-1.796847181507881e-10,477.9999999999998,-21.943052799999997,-48.9540861
0.015578563187839345,477.9999999999998,14.999898913978654,1013.248170563922,-1.764200646243147e-38,-1.7738751650129548e-38,1.714151928333105e-49,-5.13626357884006e-25,-1.2902773072724618e-08,-1.474793710719029e-07,-1.796847181507881e-10,477.9999999999998,-21.943052799999997,-48.9540861
0.019227387813803398,478.0000000000005,14.999875237522758,1013.2477420718119,4.4204649322159253e-38,4.444705865949326e-38,-4.295060487492001e-49,1.286966597661655e-24,3.232980104489668e-08,3.69531316881037e-07,4.5022656415646143e-10,478.0000000000005,-21.943052799999997,-48.9540861
0.019227387813803398,478.0000000000005,14.999875237522758,1013.2477420718119,4.4204649322159253e-38,4.444705865949326e-38,-4.295060487492001e-49,1.286966597661655e-24,3.232980104489668e-08,3.69531316881037e-07,4.5022656415646143e-10,478.0000000000005,-21.943052799999997,-48.9540861
0.019227387813803398,478.0000000000005,14.999875237522758,1013.2477420718119,4.4204649322159253e-38,4.444705865949326e-38,-4.295060487492001e-49,1.286966597661655e-24,3.232980104489668e-08,3.69531316881037e-07,4.5022656415646143e-10,478.0000000000005,-21.943052799999997,-48.9540861
0.019227387813803398,478.0000000000005,14.999875237522758,1013.2477420718119,4.4204649322159253e-38,4.444705865949326e-38,-4.295060487492001e-49,1.286966597661655e-24,3.232980104489668e-08,3.69531316881037e-07,4.5022656415646143e-10,478.0000000000005,-21.943052799999997,-48.9540861
0.01299459939517611,477.9999999999999,14.99991568077644,1013.2484740063211,-8.819344749224428e-39,-8.867708248294375e-39,8.569148209253024e-50,-2.5676489418104777e-25,-6.450173578140997e-09,-7.37258213600408e-08,-8.98254673533668e-11,477.9999999999999,-21.943052799999997,-48.9540861
0.01299459939517611,477.9999999999999,14.99991568077644,1013.2484740063211,-8.819344749224428e-39,-8.867708248294375e-39,8.569148209253024e-50,-2.5676489418104777e-25,-6.450173578140997e-09,-7.37258213600408e-08,-8.98254673533668e-11,477.9999999999999,-21.943052799999997,-48.9540861
0.01299459939517611,477.9999999999999,14.99991568077644,1013.2484740063211,-8.819344749224428e-39,-8.867708248294375e-39,8.569148209253024e-50,-2.5676489418104777e-25,-6.450173578140997e-09,-7.37258213600408e-08,-8.98254673533668e-11,477.9999999999999,-21.943052799999997,-48.9540861
0.01299459939517611,477.9999999999999,14.99991568077644,1013.2484740063211,-8.819344749224428e-39,-8.867708248294375e-39,8.569148209253024e-50,-2.5676489418104777e-25,-6.450173578140997e-09,-7.37258213600408e-08,-8.98254673533668e-11,477.9999999999999,-21.943052799999997,-48.9540861
0.01299459939517611,477.9999999999999,14.99991568077644,1013.2484740063211,-8.819344749224428e-39,-8.867708248294375e-39,8.569148209253024e-50,-2.5676489418104777e-25,-6.450173578140997e-09,-7.37258213600408e-08,-8.98254673533668e-11,477.9999999999999,-21.943052799999997,-48.9540861
0.01299459939517611,477.9999999999999,14.99991568077644,1013.2484740063211,-8.819344749224428e-39,-8.867708248294375e-39,8.569148209253024e-50,-2.5676489418104777e-25,-6.450173578140997e-09,-7.37258213600408e-08,-8.98254673533668e-11,477.9999999999999,-21.943052799999997,-48.9540861
0.01299459939517611,477.9999999999999,14.99991568077644,1013.2484740063211,-8.819344749224428e-39,-8.867708248294375e-39,8.569148209253024e-50,-2.5676489418104777e-25,-6.450173578140997e-09,-7.37258213600408e-08,-8.98254673533668e-11,477.9999999999999,-21.943052799999997,-48.9540861
0.02040615410448421,478.00000000000074,14.999867588756103,1013.2476036458509,6.526792797034532e-38,6.562584405860902e-38,-6.341633806048051e-49,1.9001992886371407e-24,4.7734778088967774e-08,5.456110102176072e-07,6.647571106274891e-10,478.00000000000074,-21.943052799999997,-48.9540861
0.02040615410448421,478.00000000000074,14.999867588756103,1013.2476036458509,6.526792797034532e-38,6.562584405860902e-38,-6.341633806048051e-49,1.9001992886371407e-24,4.7734778088967774e-08,5.456110102176072e-07,6.647571106274891e-10,478.00000000000074,-21.943052799999997,-48.9540861
0.02040615410448421,478.00000000000074,14.999867588756103,1013.2476036458509,6.526792797034532e-38,6.562584405860902e-38,-6.341633806048051e-49,1.9001992886371407e-24,4.7734778088967774e-08,5.456110102176072e-07,6.647571106274891e-10,478.00000000000074,-21.943052799999997,-48.9540861
0.02040615410448421,478.00000000000074,14.999867588756103,1013.2476036458509,6.526792797034532e-38,6.562584405860902e-38,-6.341633806048051e-49,1.9001992886371407e-24,4.7734778088967774e-08,5.456110102176072e-07,6.647571106274891e-10,478.00000000000074,-21.943052799999997,-48.9540861
0.03203111709443407,477.9999999999828,14.99979215681526,1013.2462384925669,-1.5717187595782082e-36,-1.5803377466944304e-36,1.5271305722880817e-47,-4.575875107058896e-23,-1.1495024974719833e-06,-1.3138873668259547e-05,-1.6008034172786116e-08,477.9999999999828,-21.943052799999997,-48.9540861
0.03203111709443407,477.9999999999828,14.99979215681526,1013.2462384925669,-1.5717187595782082e-36,-1.5803377466944304e-36,1.5271305722880817e-47,-4.575875107058896e-23,-1.1495024974719833e-06,-1.3138873668259547e-05,-1.6008034172786116e-08,477.9999999999828,-21.943052799999997,-48.9540861
0.03203111709443407,477.9999999999828,14.99979215681526,1013.2462384925669,-1.5717187595782082e-36,-1.5803377466944304e-36,1.5271305722880817e-47,-4.575875107058896e-23,-1.1495024974719833e-06,-1.3138873668259547e-05,-1.6008034172786116e-08,477.9999999999828,-21.943052799999997,-48.9540861
0.03203111709443407,477.9999999999828,14.99979215681526,1013.2462384925669,-1.5717187595782082e-36,-1.5803377466944304e-36,1.5271305722880817e-47,-4.575875107058896e-23,-1.1495024974719833e-06,-1.3138873668259547e-05,-1.6008034172786116e-08,477.9999999999828,-21.943052799999997,-48.9540861
0.0374704364922982,477.9999999999696,14.999756862215179,1013.2455997374375,-2.7702109425889474e-36,-2.785402217922327e-36,2.6916226559832343e-47,-8.065144744405005e-23,-2.026039568227066e-06,-2.3157738232299342e-05,-2.8214736997025264e-08,477.9999999999696,-21.943052799999997,-48.9540861
0.0374704364922982,477.9999999999696,14.999756862215179,1013.2455997374375,-2.7702109425889474e-36,-2.785402217922327e-36,2.6916226559832343e-47,-8.065144744405005e-23,-2.026039568227066e-06,-2.3157738232299342e-05,-2.8214736997025264e-08,477.9999999999696,-21.943052799999997,-48.9540861
0.027171292759182286,478.0000000000007,14.999823691193626,1013.2468091959022,6.04628335950728e-38,6.079439951969537e-38,-5.874755970653543e-49,1.7603045930697303e-24,4.422049288284946e-08,5.054425465048544e-07,6.158169840978118e-10,478.0000000000007,-21.943052799999997,-48.9540861
0.027171292759182286,478.0000000000007,14.999823691193626,1013.2468091959022,6.04628335950728e-38,6.079439951969537e-38,-5.874755970653543e-49,1.7603045930697303e-24,4.422049288284946e-08,5.054425465048544e-07,6.158169840978118e-10,478.0000000000007,-21.943052799999997,-48.9540861
0.020257638991559634,478.0000000000007,14.999868552439466,1013.2476210864136,6.357583414049132e-38,6.392447112915142e-38,-6.17722473457756e-49,1.850935958364779e-24,4.649723729388552e-08,5.314658542030163e-07,6.475230503436172e-10,478.0000000000007,-21.943052799999997,-48.9540861
0.020257638991559634,478.0000000000007,14.999868552439466,1013.2476210864136,6.357583414049132e-38,6.392447112915142e-38,-6.17722473457756e-49,1.850935958364779e-24,4.649723729388552e-08,5.314658542030163e-07,6.475230503436172e-10,478.0000000000007,-21.943052799999997,-48.9540861
0.020257638991559634,478.0000000000007,14.999868552439466,1013.2476210864136,6.357583414049132e-38,6.392447112915142e-38,-6.17722473457756e-49,1.850935958364779e-24,4.649723729388552e-08,5.314658542030163e-07,6.475230503436172e-10,478.0000000000007,-21.943052799999997,-48.9540861
0.020257638991559634,478.0000000000007,14.999868552439466,1013.2476210864136,6.357583414049132e-38,6.392447112915142e-38,-6.17722473457756e-49,1.850935958364779e-24,4.649723729388552e-08,5.314658542030163e-07,6.475230503436172e-10,478.0000000000007,-21.943052799999997,-48.9540861
0.030132029517692782,478.0000000000037,14.999804479595241,1013.2464615079558,3.399613954509542e-37,3.418256748390751e-37,-3.3031700946942694e-48,9.897577905238586e-24,2.4863638658853025e-07,2.8419269030764842e-06,3.462523815181411e-09,478.0000000000037,-21.943052799999997,-48.9540861
0.030132029517692782,478.0000000000037,14.999804479595241,1013.2464615079558,3.399613954509542e-37,3.418256748390751e-37,-3.3031700946942694e-48,9.897577905238586e-24,2.4863638658853025e-07,2.8419269030764842e-06,3.462523815181411e-09,478.0000000000037,-21.943052799999997,-48.9540861
0.030132029517692782,478.0000000000037,14.999804479595241,1013.2464615079558,3.399613954509542e-37,3.418256748390751e-37,-3.3031700946942694e-48,9.897577905238586e-24,2.4863638658853025e-07,2.8419269030764842e-06,3.462523815181411e-09,478.0000000000037,-21.943052799999997,-48.9540861
0.030132029517692782,478.0000000000037,14.999804479595241,1013.2464615079558,3.399613954509542e-37,3.418256748390751e-37,-3.3031700946942694e-48,9.897577905238586e-24,2.4863638658853025e-07,2.8419269030764842e-06,3.462523815181411e-09,478.0000000000037,-21.943052799999997,-48.9540861
0.030132029517692782,478.0000000000037,14.999804479595241,1013.2464615079558,3.399613954509542e-37,3.418256748390751e-37,-3.3031700946942694e-48,9.897577905238586e-24,2.4863638658853025e-07,2.8419269030764842e-06,3.462523815181411e-09,478.0000000000037,-21.943052799999997,-48.9540861
0.030132029517692782,478.0000000000037,14.999804479595241,1013.2464615079558,3.399613954509542e-37,3.418256748390751e-37,-3.3031700946942694e-48,9.897577905238586e-24,2.4863638658853025e-07,2.8419269030764842e-06,3.462523815181411e-09,478.0000000000037,-21.943052799999997,-48.9540861
0.005860370240028612,478.0,14.999961973289544,1013.249311799643,6.976246143236491e-41,7.014502463116703e-41,-6.778336582304535e-52,2.0310523669080786e-27,5.102192943718318e-11,5.831833220548018e-10,7.105341587235806e-13,478.0,-21.943052799999997,-48.9540861
0.005860370240028612,478.0,14.999961973289544,1013.249311799643,6.976246143236491e-41,7.014502463116703e-41,-6.778336582304535e-52,2.0310523669080786e-27,5.102192943718318e-11,5.831833220548018e-10,7.105341587235806e-13,478.0,-21.943052799999997,-48.9540861
0.005860370240028612,478.0,14.999961973289544,1013.249311799643,6.976246143236491e-41,7.014502463116703e-41,-6.778336582304535e-52,2.0310523669080786e-27,5.102192943718318e-11,5.831833220548018e-10,7.105341587235806e-13,478.0,-21.943052799999997,-48.9540861
0.011720740480057223,478.0,14.999923946579145,1013.248623599286,-7.58496646741939e-40,-7.626560886179909e-40,7.369788081733272e-51,-2.2082741606682318e-26,-5.547390615786553e-10,-6.3406964882287694e-09,-7.725326281813372e-12,478.0,-21.943052799999997,-48.9540861
0.011720740480057223,478.0,14.999923946579145,1013.248623599286,-7.58496646741939e-40,-7.626560886179909e-40,7.369788081733272e-51,-2.2082741606682318e-26,-5.547390615786553e-10,-6.3406964882287694e-09,-7.725326281813372e-12,478.0,-21.943052799999997,-48.9540861
0.011720740480057223,478.0,14.999923946579145,1013.248623599286,-7.58496646741939e-40,-7.626560886179909e-40,7.369788081733272e-51,-2.2082741606682318e-26,-5.547390615786553e-10,-6.3406964882287694e-09,-7.725326281813372e-12,478.0,-21.943052799999997,-48.9540861
0.028428045218102493,478.00000000000443,14.999815536391168,1013.2466616117982,4.070186966400414e-37,4.092507046764813e-37,-3.9547195790846346e-48,1.184987269963323e-23,2.976798523618042e-07,3.4024962819736927e-06,4.145505781533834e-09,478.00000000000443,-21.943052799999997,-48.9540861
0.028428045218102493,478.00000000000443,14.999815536391168,1013.2466616117982,4.070186966400414e-37,4.092507046764813e-37,-3.9547195790846346e-48,1.184987269963323e-23,2.976798523618042e-07,3.4024962819736927e-06,4.145505781533834e-09,478.00000000000443,-21.943052799999997,-48.9540861
0.028428045218102493,478.00000000000443,14.999815536391168,1013.2466616117982,4.070186966400414e-37,4.092507046764813e-37,-3.9547195790846346e-48,1.184987269963323e-23,2.976798523618042e-07,3.4024962819736927e-06,4.145505781533834e-09,478.00000000000443,-21.943052799999997,-48.9540861
0.03309047613011007,477.99999999996544,14.999785282857147,1013.2461140889479,-3.152296499991578e-36,-3.169583055079353e-36,3.062868804432765e-47,-9.177542099358383e-23,-2.305484157028796e-06,-2.6351804498026765e-05,-3.2106297508443195e-08,477.99999999996544,-21.943052799999997,-48.9540861
0.026555023385647303,477.9999999999992,14.999827690036057,1013.2468815662108,-6.644909412349673e-38,-6.681348748754159e-38,6.45639956375356e-49,-1.934587557941483e-24,-4.8598643481362365e-08,-5.554850368352231e-07,-6.767873469710839e-10,477.9999999999992,-21.943052799999997,-48.9540861
0.026555023385647303,477.9999999999992,14.999827690036057,1013.2468815662108,-6.644909412349673e-38,-6.681348748754159e-38,6.45639956375356e-49,-1.934587557941483e-24,-4.8598643481362365e-08,-5.554850368352231e-07,-6.767873469710839e-10,477.9999999999992,-21.943052799999997,-48.9540861
0.026555023385647303,477.9999999999992,14.999827690036057,1013.2468815662108,-6.644909412349673e-38,-6.681348748754159e-38,6.45639956375356e-49,-1.934587557941483e-24,-4.8598643481362365e-08,-5.554850368352231e-07,-6.767873469710839e-10,477.9999999999992,-21.943052799999997,-48.9540861
0.026555023385647303,477.9999999999992,14.999827690036057,1013.2468815662108,-6.644909412349673e-38,-6.681348748754159e-38,6.45639956375356e-49,-1.934587557941483e-24,-4.8598643481362365e-08,-5.554850368352231e-07,-6.767873469710839e-10,477.9999999999992,-21.943052799999997,-48.9540861
0.026555023385647303,477.9999999999992,14.999827690036057,1013.2468815662108,-6.644909412349673e-38,-6.681348748754159e-38,6.45639956375356e-49,-1.934587557941483e-24,-4.8598643481362365e-08,-5.554850368352231e-07,-6.767873469710839e-10,477.9999999999992,-21.943052799999997,-48.9540861
0.026555023385647303,477.9999999999992,14.999827690036057,1013.2468815662108,-6.644909412349673e-38,-6.681348748754159e-38,6.45639956375356e-49,-1.934587557941483e-24,-4.8598643481362365e-08,-5.554850368352231e-07,-6.767873469710839e-10,477.9999999999992,-21.943052799999997,-48.9540861
0.029260497387857853,478.0000000000056,14.999810134784013,1013.2465638545136,5.132651185636575e-37,5.160797604435403e-37,-4.987042684773819e-48,1.4943112850465438e-23,3.7538492943388427e-07,4.290669377097669e-06,5.227630902535717e-09,478.0000000000056,-21.943052799999997,-48.9540861
0.029260497387857853,478.0000000000056,14.999810134784013,1013.2465638545136,5.132651185636575e-37,5.160797604435403e-37,-4.987042684773819e-48,1.4943112850465438e-23,3.7538492943388427e-07,4.290669377097669e-06,5.227630902535717e-09,478.0000000000056,-21.943052799999997,-48.9540861
0.029260497387857853,478.0000000000056,14.999810134784013,1013.2465638545136,5.132651185636575e-37,5.160797604435403e-37,-4.987042684773819e-48,1.4943112850465438e-23,3.7538492943388427e-07,4.290669377097669e-06,5.227630902535717e-09,478.0000000000056,-21.943052799999997,-48.9540861
0.007668176680571737,478.0,14.999950242813611,1013.2490995036638,2.772402198539281e-39,2.7876054902761612e-39,-2.69375174805716e-50,8.071524329489934e-26,2.0276421794907914e-09,2.3176056162864726e-08,2.823705504847085e-11,478.0,-21.943052799999997,-48.9540861
0.007668176680571737,478.0,14.999950242813611,1013.2490995036638,2.772402198539281e-39,2.7876054902761612e-39,-2.69375174805716e-50,8.071524329489934e-26,2.0276421794907914e-09,2.3176056162864726e-08,2.823705504847085e-11,478.0,-21.943052799999997,-48.9540861
0.007668176680571737,478.0,14.999950242813611,1013.2490995036638,2.772402198539281e-39,2.7876054902761612e-39,-2.69375174805716e-50,8.071524329489934e-26,2.0276421794907914e-09,2.3176056162864726e-08,2.823705504847085e-11,478.0,-21.943052799999997,-48.9540861
0.039656476026561194,478.0000000000837,14.999742677464269,1013.2453430244439,7.632069224335276e-36,7.673921945067776e-36,-7.415554577607262e-47,2.221987576731492e-22,5.581839995729795e-06,6.380072309683665e-05,7.773300675307557e-08,478.0000000000837,-21.943052799999997,-48.9540861
0.039656476026561194,478.0000000000837,14.999742677464269,1013.2453430244439,7.632069224335276e-36,7.673921945067776e-36,-7.415554577607262e-47,2.221987576731492e-22,5.581839995729795e-06,6.380072309683665e-05,7.773300675307557e-08,478.0000000000837,-21.943052799999997,-48.9540861
0.039656476026561194,478.0000000000837,14.999742677464269,1013.2453430244439,7.632069224335276e-36,7.673921945067776e-36,-7.415554577607262e-47,2.221987576731492e-22,5.581839995729795e-06,6.380072309683665e-05,7.773300675307557e-08,478.0000000000837,-21.943052799999997,-48.9540861
0.035901504797795525,477.9999999999425,14.999767042683118,1013.2457839816589,-5.252091491663026e-36,-5.2808928968915335e-36,5.1030945813264725e-47,-1.5290849313999543e-22,-3.841203936662428e-06,-4.3905161901624276e-05,-5.349281451581309e-08,477.9999999999425,-21.943052799999997,-48.9540861
0.035901504797795525,477.9999999999425,14.999767042683118,1013.2457839816589,-5.252091491663026e-36,-5.2808928968915335e-36,5.1030945813264725e-47,-1.5290849313999543e-22,-3.841203936662428e-06,-4.3905161901624276e-05,-5.349281451581309e-08,477.9999999999425,-21.943052799999997,-48.9540861
0.035901504797795525,477.9999999999425,14.999767042683118,1013.2457839816589,-5.252091491663026e-36,-5.2808928968915335e-36,5.1030945813264725e-47,-1.5290849313999543e-22,-3.841203936662428e-06,-4.3905161901624276e-05,-5.349281451581309e-08,477.9999999999425,-21.943052799999997,-48.9540861
0.01748706349648499,478.0,14.999886530121387,1013.2479464431686,2.5030669268378045e-39,2.516793238534462e-39,-2.432057265437875e-50,7.287386227351052e-26,1.83065937605258e-09,2.0924532416821416e-08,2.5493861835907216e-11,478.0,-21.943052799999997,-48.9540861
0.01748706349648499,478.0,14.999886530121387,1013.2479464431686,2.5030669268378045e-39,2.516793238534462e-39,-2.432057265437875e-50,7.287386227351052e-26,1.83065937605258e-09,2.0924532416821416e-08,2.5493861835907216e-11,478.0,-21.943052799999997,-48.9540861
0.01748706349648499,478.0,14.999886530121387,1013.2479464431686,2.5030669268378045e-39,2.516793238534462e-39,-2.432057265437875e-50,7.287386227351052e-26,1.83065937605258e-09,2.0924532416821416e-08,2.5493861835907216e-11,478.0,-21.943052799999997,-48.9540861
0.04676934453170967,477.9999999997908,14.999696523555883,1013.2445077395655,-1.908320926665324e-35,-1.9187857718421797e-35,1.8541836515521504e-46,-5.555852897595262e-22,-1.3956820568639944e-05,-0.00015952718907980974,-1.9436344079076512e-07,477.9999999997908,-21.943052799999997,-48.9540861
0.04676934453170967,477.9999999997908,14.999696523555883,1013.2445077395655,-1.908320926665324e-35,-1.9187857718421797e-35,1.8541836515521504e-46,-5.555852897595262e-22,-1.3956820568639944e-05,-0.00015952718907980974,-1.9436344079076512e-07,477.9999999997908,-21.943052799999997,-48.9540861
0.04676934453170967,477.9999999997908,14.999696523555883,1013.2445077395655,-1.908320926665324e-35,-1.9187857718421797e-35,1.8541836515521504e-46,-5.555852897595262e-22,-1.3956820568639944e-05,-0.00015952718907980974,-1.9436344079076512e-07,477.9999999997908,-21.943052799999997,-48.9540861
0.04676934453170967,477.9999999997908,14.999696523555883,1013.2445077395655,-1.908320926665324e-35,-1.9187857718421797e-35,1.8541836515521504e-46,-5.555852897595262e-22,-1.3956820568639944e-05,-0.00015952718907980974,-1.9436344079076512e-07,477.9999999997908,-21.943052799999997,-48.9540861
0.06343273295434271,477.99999993857415,14.999588398331639,1013.2425509092989,-5.604075372072139e-33,-5.63480698555952e-33,5.445093009130186e-44,-1.6315609161545225e-19,-0.004098633166373178,-0.04684759146147774,-5.707778794157474e-05,477.99999993857415,-21.943052799999997,-48.9540861
0.06343273295434271,477.99999993857415,14.999588398331639,1013.2425509092989,-5.604075372072139e-33,-5.63480698555952e-33,5.445093009130186e-44,-1.6315609161545225e-19,-0.004098633166373178,-0.04684759146147774,-5.707778794157474e-05,477.99999993857415,-21.943052799999997,-48.9540861
0.06343273295434271,477.99999993857415,14.999588398331639,1013.2425509092989,-5.604075372072139e-33,-5.63480698555952e-33,5.445093009130186e-44,-1.6315609161545225e-19,-0.004098633166373178,-0.04684759146147774,-5.707778794157474e-05,477.99999993857415,-21.943052799999997,-48.9540861
0.05469671161044598,478.0000000006688,14.99964508453752,1013.2435768057456,6.102181970290442e-35,6.135645099404516e-35,-5.929068790269126e-46,1.7765788189796184e-21,4.462931661361478e-05,0.0005101154231301122,6.215102855626892e-07,478.0000000006688,-21.943052799999997,-48.9540861
0.05469671161044598,478.0000000006688,14.99964508453752,1013.2435768057456,6.102181970290442e-35,6.135645099404516e-35,-5.929068790269126e-46,1.7765788189796184e-21,4.462931661361478e-05,0.0005101154231301122,6.215102855626892e-07,478.0000000006688,-21.943052799999997,-48.9540861
0.05469671161044598,478.0000000006688,14.99964508453752,1013.2435768057456,6.102181970290442e-35,6.135645099404516e-35,-5.929068790269126e-46,1.7765788189796184e-21,4.462931661361478e-05,0.0005101154231301122,6.215102855626892e-07,478.0000000006688,-21.943052799999997,-48.9540861
0.05469671161044598,478.0000000006688,14.99964508453752,1013.2435768057456,6.102181970290442e-35,6.135645099404516e-35,-5.929068790269126e-46,1.7765788189796184e-21,4.462931661361478e-05,0.0005101154231301122,6.215102855626892e-07,478.0000000006688,-21.943052799999997,-48.9540861
0.060894331611113905,478.0000000217578,14.999604869484301,1013.2428490011665,1.9850279123976236e-33,1.995913403137002e-33,-1.9287145320331452e-44,5.779176303523267e-20,0.0014517829789503912,0.016593955381661626,2.0217608565111905e-05,478.0000000217578,-21.943052799999997,-48.9540861
0.060894331611113905,478.0000000217578,14.999604869484301,1013.2428490011665,1.9850279123976236e-33,1.995913403137002e-33,-1.9287145320331452e-44,5.779176303523267e-20,0.0014517829789503912,0.016593955381661626,2.0217608565111905e-05,478.0000000217578,-21.943052799999997,-48.9540861
0.06089433161111346,478.0000000217578,14.999604869484301,1013.2428490011665,1.9850279123979322e-33,1.9959134031373127e-33,-1.928714532033445e-44,5.779176303524172e-20,0.0014517829789506176,0.01659395538166422,2.0217608565115056e-05,478.0000000217578,-21.943052799999997,-48.9540861
0.060894331611113905,478.0000000217578,14.999604869484301,1013.2428490011665,1.9850279123976236e-33,1.995913403137002e-33,-1.9287145320331452e-44,5.779176303523267e-20,0.0014517829789503912,0.016593955381661626,2.0217608565111905e-05,478.0000000217578,-21.943052799999997,-48.9540861
0.060894331611113905,478.0000000217578,14.999604869484301,1013.2428490011665,1.9850279123976236e-33,1.995913403137002e-33,-1.9287145320331452e-44,5.779176303523267e-20,0.0014517829789503912,0.016593955381661626,2.0217608565111905e-05,478.0000000217578,-21.943052799999997,-48.9540861
0.060894331611113905,478.0000000217578,14.999604869484301,1013.2428490011665,1.9850279123976236e-33,1.995913403137002e-33,-1.9287145320331452e-44,5.779176303523267e-20,0.0014517829789503912,0.016593955381661626,2.0217608565111905e-05,478.0000000217578,-21.943052799999997,-48.9540861
0.060894331611113905,478.0000000217578,14.999604869484301,1013.2428490011665,1.9850279123976236e-33,1.995913403137002e-33,-1.9287145320331452e-44,5.779176303523267e-20,0.0014517829789503912,0.016593955381661626,2.0217608565111905e-05,478.0000000217578,-21.943052799999997,-48.9540861
0.060894331611113905,478.0000000217578,14.999604869484301,1013.2428490011665,1.9850279123976236e-33,1.995913403137002e-33,-1.9287145320331452e-44,5.779176303523267e-20,0.0014517829789503912,0.016593955381661626,2.0217608565111905e-05,478.0000000217578,-21.943052799999997,-48.9540861
0.060894331611113905,478.0000000217578,14.999604869484301,1013.2428490011665,1.9850279123976236e-33,1.995913403137002e-33,-1.9287145320331452e-44,5.779176303523267e-20,0.0014517829789503912,0.016593955381661626,2.0217608565111905e-05,478.0000000217578,-21.943052799999997,-48.9540861
0.060894331611113905,478.0000000217578,14.999604869484301,1013.2428490011665,1.9850279123976236e-33,1.995913403137002e-33,-1.9287145320331452e-44,5.779176303523267e-20,0.0014517829789503912,0.016593955381661626,2.0217608565111905e-05,478.0000000217578,-21.943052799999997,-48.9540861
0.06983784623113021,478.0000029092616,14.999546836898162,1013.2417987381798,2.498157771169945e-32,2.5118571620519237e-32,-2.4272873779126267e-43,2.6852924449694477e-18,0.06745705029268372,0.771037613035377,0.0014716697332093623,478.0000029092616,-21.943052799996828,-48.9540861
0.06983784623113021,478.0000029092616,14.999546836898162,1013.2417987381798,2.498157771169945e-32,2.5118571620519237e-32,-2.4272873779126267e-43,2.6852924449694477e-18,0.06745705029268372,0.771037613035377,0.0014716697332093623,478.0000029092616,-21.943052799996828,-48.9540861
0.06983784623113021,478.0000029092616,14.999546836898162,1013.2417987381798,2.498157771169945e-32,2.5118571620519237e-32,-2.4272873779126267e-43,2.6852924449694477e-18,0.06745705029268372,0.771037613035377,0.0014716697332093623,478.0000029092616,-21.943052799996828,-48.9540861
0.06983784623113021,478.0000029092616,14.999546836898162,1013.2417987381798,2.498157771169945e-32,2.5118571620519237e-32,-2.4272873779126267e-43,2.6852924449694477e-18,0.06745705029268372,0.771037613035377,0.0014716697332093623,478.0000029092616,-21.943052799996828,-48.9540861
0.06983784623113021,478.0000029092616,14.999546836898162,1013.2417987381798,2.498157771169945e-32,2.5118571620519237e-32,-2.4272873779126267e-43,2.6852924449694477e-18,0.06745705029268372,0.771037613035377,0.0014716697332093623,478.0000029092616,-21.943052799996828,-48.9540861
0.06983784623113021,478.0000029092616,14.999546836898162,1013.2417987381798,2.498157771169945e-32,2.5118571620519237e-32,-2.4272873779126267e-43,2.6852924449694477e-18,0.06745705029268372,0.771037613035377,0.0014716697332093623,478.0000029092616,-21.943052799996828,-48.9540861
0.06983784623113021,478.0000029092616,14.999546836898162,1013.2417987381798,2.498157771169945e-32,2.5118571620519237e-32,-2.4272873779126267e-43,2.6852924449694477e-18,0.06745705029268372,0.771037613035377,0.0014716697332093623,478.0000029092616,-21.943052799996828,-48.9540861
0.06983784623113021,478.0000029092616,14.999546836898162,1013.2417987381798,2.498157771169945e-32,2.5118571620519237e-32,-2.4272873779126267e-43,2.6852924449694477e-18,0.06745705029268372,0.771037613035377,0.0014716697332093623,478.0000029092616,-21.943052799996828,-48.9540861
0.06983784623113021,478.0000029092616,14.999546836898162,1013.2417987381798,2.498157771169945e-32,2.5118571620519237e-32,-2.4272873779126267e-43,2.6852924449694477e-18,0.06745705029268372,0.771037613035377,0.0014716697332093623,478.0000029092616,-21.943052799996828,-48.9540861
0.06983784623113021,478.0000029092616,14.999546836898162,1013.2417987381798,2.498157771169945e-32,2.5118571620519237e-32,-2.4272873779126267e-43,2.6852924449694477e-18,0.06745705029268372,0.771037613035377,0.0014716697332093623,478.0000029092616,-21.943052799996828,-48.9540861
0.08835068104067378,478.00063740313345,14.999426711005128,1013.2396247220345,1.0571945320299314e-29,1.0629919725677993e-29,-1.0272029145672132e-40,2.963103450262375e-17,0.7443592168671209,8.508064780833664,0.08915891295764326,478.00063740313345,-21.94305279943777,-48.9540861
0.08835068104067378,478.00063740313345,14.999426711005128,1013.2396247220345,1.0571945320299314e-29,1.0629919725677993e-29,-1.0272029145672132e-40,2.963103450262375e-17,0.7443592168671209,8.508064780833664,0.08915891295764326,478.00063740313345,-21.94305279943777,-48.9540861
0.08835068104067378,478.00063740313345,14.999426711005128,1013.2396247220345,1.0571945320299314e-29,1.0629919725677993e-29,-1.0272029145672132e-40,2.963103450262375e-17,0.7443592168671209,8.508064780833664,0.08915891295764326,478.00063740313345,-21.94305279943777,-48.9540861
0.08835068104067378,478.00063740313345,14.999426711005128,1013.2396247220345,1.0571945320299314e-29,1.0629919725677993e-29,-1.0272029145672132e-40,2.963103450262375e-17,0.7443592168671209,8.508064780833664,0.08915891295764326,478.00063740313345,-21.94305279943777,-48.9540861
0.08835068104067378,478.00063740313345,14.999426711005128,1013.2396247220345,1.0571945320299314e-29,1.0629919725677993e-29,-1.0272029145672132e-40,2.963103450262375e-17,0.7443592168671209,8.508064780833664,0.08915891295764326,478.00063740313345,-21.94305279943777,-48.9540861
0.08835068104067378,478.00063740313345,14.999426711005128,1013.2396247220345,1.0571945320299314e-29,1.0629919725677993e-29,-1.0272029145672132e-40,2.963103450262375e-17,0.7443592168671209,8.508064780833664,0.08915891295764326,478.00063740313345,-21.94305279943777,-48.9540861
0.08835068104067378,478.00063740313345,14.999426711005128,1013.2396247220345,1.0571945320299314e-29,1.0629919725677993e-29,-1.0272029145672132e-40,2.963103450262375e-17,0.7443592168671209,8.508064780833664,0.08915891295764326,478.00063740313345,-21.94305279943777,-48.9540861
0.09468963024055732,478.00140846876815,14.999385578896465,1013.2388803207558,-3.269056424119211e-30,-3.286983266965604e-30,3.1763163590074766e-41,3.8336165807722906e-17,0.9630402345624286,11.007600250712109,0.15104108809124553,478.00140846876815,-21.943052798882196,-48.9540861
0.09468963024055732,478.00140846876815,14.999385578896465,1013.2388803207558,-3.269056424119211e-30,-3.286983266965604e-30,3.1763163590074766e-41,3.8336165807722906e-17,0.9630402345624286,11.007600250712109,0.15104108809124553,478.00140846876815,-21.943052798882196,-48.9540861
0.09468963024055732,478.00140846876815,14.999385578896465,1013.2388803207558,-3.269056424119211e-30,-3.286983266965604e-30,3.1763163590074766e-41,3.8336165807722906e-17,0.9630402345624286,11.007600250712109,0.15104108809124553,478.00140846876815,-21.943052798882196,-48.9540861
0.10658359548982332,478.00412726654366,14.99930840145646,1013.2374835777534,1.9466969383111133e-28,1.957372229757654e-28,-1.8914709717356273e-39,5.506009194411085e-17,1.3831608310181678,15.8096006416685,0.310459947614041,478.00412726654366,-21.9430527966383,-48.9540861
0.10658359548982332,478.00412726654366,14.99930840145646,1013.2374835777534,1.9466969383111133e-28,1.957372229757654e-28,-1.8914709717356273e-39,5.506009194411085e-17,1.3831608310181678,15.8096006416685,0.310459947614041,478.00412726654366,-21.9430527966383,-48.9540861
0.10658359548982332,478.00412726654366,14.99930840145646,1013.2374835777534,1.9466969383111133e-28,1.957372229757654e-28,-1.8914709717356273e-39,5.506009194411085e-17,1.3831608310181678,15.8096006416685,0.310459947614041,478.00412726654366,-21.9430527966383,-48.9540861
0.13313522489558594,478.0191030600379,14.999136113515362,1013.2343655425325,-9.975664476210613e-27,-1.0030368998296537e-26,9.692664229952751e-38,8.015575375115733e-17,2.0135884609620436,23.015421425032866,0.8460560948046005,478.0191030600379,-21.943052784871373,-48.9540861
0.13313522489558594,478.0191030600379,14.999136113515362,1013.2343655425325,-9.975664476210613e-27,-1.0030368998296537e-26,9.692664229952751e-38,8.015575375115733e-17,2.0135884609620436,23.015421425032866,0.8460560948046005,478.0191030600379,-21.943052784871373,-48.9540861
0.13313522489558594,478.0191030600379,14.999136113515362,1013.2343655425325,-9.975664476210613e-27,-1.0030368998296537e-26,9.692664229952751e-38,8.015575375115733e-17,2.0135884609620436,23.015421425032866,0.8460560948046005,478.0191030600379,-21.943052784871373,-48.9540861
0.13313522489558594,478.0191030600379,14.999136113515362,1013.2343655425325,-9.975664476210613e-27,-1.0030368998296537e-26,9.692664229952751e-38,8.015575375115733e-17,2.0135884609620436,23.015421425032866,0.8460560948046005,478.0191030600379,-21.943052784871373,-48.9540861
0.13313522489558594,478.0191030600379,14.999136113515362,1013.2343655425325,-9.975664476210613e-27,-1.0030368998296537e-26,9.692664229952751e-38,8.015575375115733e-17,2.0135884609620436,23.015421425032866,0.8460560948046005,478.0191030600379,-21.943052784871373,-48.9540861
0.13313522489558594,478.0191030600379,14.999136113515362,1013.2343655425325,-9.975664476210613e-27,-1.0030368998296537e-26,9.692664229952751e-38,8.015575375115733e-17,2.0135884609620436,23.015421425032866,0.8460560948046005,478.0191030600379,-21.943052784871373,-48.9540861
0.13313522489558594,478.0191030600379,14.999136113515362,1013.2343655425325,-9.975664476210613e-27,-1.0030368998296537e-26,9.692664229952751e-38,8.015575375115733e-17,2.0135884609620436,23.015421425032866,0.8460560948046005,478.0191030600379,-21.943052784871373,-48.9540861
0.1642298278462917,478.0571595812297,14.998934347173986,1013.2307140126904,1.3589745252438908e-24,1.3664268660987486e-24,-1.3204216923755308e-35,9.001981465785608e-17,2.261220909644458,25.84587326533373,1.6138909301788744,478.0571595812297,-21.943052754641794,-48.9540861
0.13679749630775184,478.0223593796586,14.999112349806069,1013.2339354713275,8.886818230144226e-27,8.935551740107784e-27,-8.634707530794098e-38,8.213042128954649e-17,2.063191719326153,23.582389262522025,0.9313387211475879,478.0223593796586,-21.943052782366042,-48.9540861
0.13679749630775184,478.0223593796586,14.999112349806069,1013.2339354713275,8.886818230144226e-27,8.935551740107784e-27,-8.634707530794098e-38,8.213042128954649e-17,2.063191719326153,23.582389262522025,0.9313387211475879,478.0223593796586,-21.943052782366042,-48.9540861
0.13679749630775184,478.0223593796586,14.999112349806069,1013.2339354713275,8.886818230144226e-27,8.935551740107784e-27,-8.634707530794098e-38,8.213042128954649e-17,2.063191719326153,23.582389262522025,0.9313387211475879,478.0223593796586,-21.943052782366042,-48.9540861
0.13679749630775184,478.0223593796586,14.999112349806069,1013.2339354713275,8.886818230144226e-27,8.935551740107784e-27,-8.634707530794098e-38,8.213042128954649e-17,2.063191719326153,23.582389262522025,0.9313387211475879,478.0223593796586,-21.943052782366042,-48.9540861
0.13679749630775273,478.0223593796586,14.999112349806069,1013.2339354713275,8.886818230153816e-27,8.935551740117428e-27,-8.634707530803416e-38,8.213042128954694e-17,2.0631917193261637,23.582389262522156,0.9313387211476087,478.0223593796586,-21.943052782366042,-48.9540861
0.13679749630775184,478.0223593796586,14.999112349806069,1013.2339354713275,8.886818230144226e-27,8.935551740107784e-27,-8.634707530794098e-38,8.213042128954649e-17,2.063191719326153,23.582389262522025,0.9313387211475879,478.0223593796586,-21.943052782366042,-48.9540861
0.13679749630775184,478.0223593796586,14.999112349806069,1013.2339354713275,8.886818230144226e-27,8.935551740107784e-27,-8.634707530794098e-38,8.213042128954649e-17,2.063191719326153,23.582389262522025,0.9313387211475879,478.0223593796586,-21.943052782366042,-48.9540861
0.13679749630775184,478.0223593796586,14.999112349806069,1013.2339354713275,8.886818230144226e-27,8.935551740107784e-27,-8.634707530794098e-38,8.213042128954649e-17,2.063191719326153,23.582389262522025,0.9313387211475879,478.0223593796586,-21.943052782366042,-48.9540861
0.1338481722687952,478.0197125781817,14.9991314873497,1013.2342818190447,-9.47033781363204e-27,-9.522271226721716e-27,9.20167321090865e-38,8.054893673505022e-17,2.0234655243819337,23.128316776519906,0.8624989070248887,478.0197125781817,-21.94305278440696,-48.9540861
0.1338481722687952,478.0197125781817,14.9991314873497,1013.2342818190447,-9.47033781363204e-27,-9.522271226721716e-27,9.20167321090865e-38,8.054893673505022e-17,2.0234655243819337,23.128316776519906,0.8624989070248887,478.0197125781817,-21.94305278440696,-48.9540861
0.1338481722687952,478.0197125781817,14.9991314873497,1013.2342818190447,-9.47033781363204e-27,-9.522271226721716e-27,9.20167321090865e-38,8.054893673505022e-17,2.0234655243819337,23.128316776519906,0.8624989070248887,478.0197125781817,-21.94305278440696,-48.9540861
0.1338481722687952,478.0197125781817,14.9991314873497,1013.2342818190447,-9.47033781363204e-27,-9.522271226721716e-27,9.20167321090865e-38,8.054893673505022e-17,2.0234655243819337,23.128316776519906,0.8624989070248887,478.0197125781817,-21.94305278440696,-48.9540861
0.15586381917630732,478.0445485192932,14.99898863244539,1013.231696457469,-4.2590858696697796e-26,-4.282441833333029e-26,4.13825959761297e-37,8.826299125594521e-17,2.217253685894865,25.34332559826867,1.3997947606499592,478.0445485192932,-21.943052764936926,-48.9540861
0.12338664801871602,478.0119209591425,14.999199369981227,1013.2355103463253,1.368896482262763e-27,1.3764032331188961e-27,-1.3300621727783445e-38,7.52727434029103e-17,1.8909213453607945,21.61332987788172,0.6285729889007524,478.0119209591425,-21.943052790548244,-48.9540861
0.12338664801871602,478.0119209591425,14.999199369981227,1013.2355103463253,1.368896482262763e-27,1.3764032331188961e-27,-1.3300621727783445e-38,7.52727434029103e-17,1.8909213453607945,21.61332987788172,0.6285729889007524,478.0119209591425,-21.943052790548244,-48.9540861
0.12338664801871602,478.0119209591425,14.999199369981227,1013.2355103463253,1.368896482262763e-27,1.3764032331188961e-27,-1.3300621727783445e-38,7.52727434029103e-17,1.8909213453607945,21.61332987788172,0.6285729889007524,478.0119209591425,-21.943052790548244,-48.9540861
0.12338664801871602,478.0119209591425,14.999199369981227,1013.2355103463253,1.368896482262763e-27,1.3764032331188961e-27,-1.3300621727783445e-38,7.52727434029103e-17,1.8909213453607945,21.61332987788172,0.6285729889007524,478.0119209591425,-21.943052790548244,-48.9540861
0.24677329603743203,478.28511531662207,14.998398739962397,1013.2210206926833,2.3029916137540226e-21,2.3156207529856754e-21,-2.2376579013605854e-32,1.305544297410236e-16,3.0071834424521575,34.3722640312261,4.023184737494933,478.28511531662207,-21.943052575298335,-48.9540861
0.24677329603743203,478.28511531662207,14.998398739962397,1013.2210206926833,2.3029916137540226e-21,2.3156207529856754e-21,-2.2376579013605854e-32,1.305544297410236e-16,3.0071834424521575,34.3722640312261,4.023184737494933,478.28511531662207,-21.943052575298335,-48.9540861
0.20220428342828178,478.13762131515654,14.998687938915282,1013.2262545617082,-3.75449942417911e-23,-3.7750883380465926e-23,3.647987796392156e-34,9.846081461392968e-17,2.4778694054601704,28.322176903821894,2.6367693230990263,478.13762131515654,-21.943052691308434,-48.9540861
0.15590699609660064,478.0446090299961,14.998988352279468,1013.2316913870775,-3.615875451537158e-26,-3.635704179635469e-26,3.5132964558559332e-37,8.827208027249552e-17,2.2174812494878173,25.345926662038316,1.4008887475905882,478.0446090299961,-21.94305276489472,-48.9540861
0.12550350153728473,478.0133018354376,14.99918563416378,1013.2352617580474,2.6729705554267125e-27,2.6876285841859076e-27,-2.5971408874151513e-38,7.639296480982142e-17,1.9190621974424862,21.934981289019728,0.6745096511773829,478.0133018354376,-21.943052789433835,-48.9540861
0.12550350153728473,478.0133018354376,14.99918563416378,1013.2352617580474,2.6729705554267125e-27,2.6876285841859076e-27,-2.5971408874151513e-38,7.639296480982142e-17,1.9190621974424862,21.934981289019728,0.6745096511773829,478.0133018354376,-21.943052789433835,-48.9540861
0.12550350153728473,478.0133018354376,14.99918563416378,1013.2352617580474,2.6729705554267125e-27,2.6876285841859076e-27,-2.5971408874151513e-38,7.639296480982142e-17,1.9190621974424862,21.934981289019728,0.6745096511773829,478.0133018354376,-21.943052789433835,-48.9540861
0.12550350153728473,478.0133018354376,14.99918563416378,1013.2352617580474,2.6729705554267125e-27,2.6876285841859076e-27,-2.5971408874151513e-38,7.639296480982142e-17,1.9190621974424862,21.934981289019728,0.6745096511773829,478.0133018354376,-21.943052789433835,-48.9540861
0.20571473074474866,478.1470611592065,14.998665160360645,1013.2258423196502,-8.045026047190956e-23,-8.089143339440504e-23,7.816796202659258e-34,9.93991129562256e-17,2.506516431486989,28.649613909627,2.7368633773754403,478.1470611592065,-21.943052683618053,-48.9540861
0.20571473074474866,478.1470611592065,14.998665160360645,1013.2258423196502,-8.045026047190956e-23,-8.089143339440504e-23,7.816796202659258e-34,9.93991129562256e-17,2.506516431486989,28.649613909627,2.7368633773754403,478.1470611592065,-21.943052683618053,-48.9540861
0.20571473074474866,478.1470611592065,14.998665160360645,1013.2258423196502,-8.045026047190956e-23,-8.089143339440504e-23,7.816796202659258e-34,9.93991129562256e-17,2.506516431486989,28.649613909627,2.7368633773754403,478.1470611592065,-21.943052683618053,-48.9540861
0.20571473074474866,478.1470611592065,14.998665160360645,1013.2258423196502,-8.045026047190956e-23,-8.089143339440504e-23,7.816796202659258e-34,9.93991129562256e-17,2.506516431486989,28.649613909627,2.7368633773754403,478.1470611592065,-21.943052683618053,-48.9540861
0.20571473074474866,478.1470611592065,14.998665160360645,1013.2258423196502,-8.045026047190956e-23,-8.089143339440504e-23,7.816796202659258e-34,9.93991129562256e-17,2.506516431486989,28.649613909627,2.7368633773754403,478.1470611592065,-21.943052683618053,-48.9540861
0.20571473074474866,478.1470611592065,14.998665160360645,1013.2258423196502,-8.045026047190956e-23,-8.089143339440504e-23,7.816796202659258e-34,9.93991129562256e-17,2.506516431486989,28.649613909627,2.7368633773754403,478.1470611592065,-21.943052683618053,-48.9540861
0.20571473074474866,478.1470611592065,14.998665160360645,1013.2258423196502,-8.045026047190956e-23,-8.089143339440504e-23,7.816796202659258e-34,9.93991129562256e-17,2.506516431486989,28.649613909627,2.7368633773754403,478.1470611592065,-21.943052683618053,-48.9540861
0.20571473074474866,478.1470611592065,14.998665160360645,1013.2258423196502,-8.045026047190956e-23,-8.089143339440504e-23,7.816796202659258e-34,9.93991129562256e-17,2.506516431486989,28.649613909627,2.7368633773754403,478.1470611592065,-21.943052683618053,-48.9540861
0.20571473074474866,478.1470611592065,14.998665160360645,1013.2258423196502,-8.045026047190956e-23,-8.089143339440504e-23,7.816796202659258e-34,9.93991129562256e-17,2.506516431486989,28.649613909627,2.7368633773754403,478.1470611592065,-21.943052683618053,-48.9540861
0.20571473074474866,478.1470611592065,14.998665160360645,1013.2258423196502,-8.045026047190956e-23,-8.089143339440504e-23,7.816796202659258e-34,9.93991129562256e-17,2.506516431486989,28.649613909627,2.7368633773754403,478.1470611592065,-21.943052683618053,-48.9540861
0.1667867593678345,478.06137248617557,14.998917755782884,1013.2304137447704,1.0622948197473726e-24,1.0681202292293402e-24,-1.0321585119050343e-35,9.051708183256986e-17,2.2737478247834506,25.989056560564666,1.6801140622729256,478.06137248617557,-21.943052751473143,-48.9540861
0.1667867593678345,478.06137248617557,14.998917755782884,1013.2304137447704,1.0622948197473726e-24,1.0681202292293402e-24,-1.0321585119050343e-35,9.051708183256986e-17,2.2737478247834506,25.989056560564666,1.6801140622729256,478.06137248617557,-21.943052751473143,-48.9540861
0.1667867593678345,478.06137248617557,14.998917755782884,1013.2304137447704,1.0622948197473726e-24,1.0681202292293402e-24,-1.0321585119050343e-35,9.051708183256986e-17,2.2737478247834506,25.989056560564666,1.6801140622729256,478.06137248617557,-21.943052751473143,-48.9540861
0.1667867593678345,478.06137248617557,14.998917755782884,1013.2304137447704,1.0622948197473726e-24,1.0681202292293402e-24,-1.0321585119050343e-35,9.051708183256986e-17,2.2737478247834506,25.989056560564666,1.6801140622729256,478.06137248617557,-21.943052751473143,-48.9540861
0.1667867593678345,478.06137248617557,14.998917755782884,1013.2304137447704,1.0622948197473726e-24,1.0681202292293402e-24,-1.0321585119050343e-35,9.051708183256986e-17,2.2737478247834506,25.989056560564666,1.6801140622729256,478.06137248617557,-21.943052751473143,-48.9540861
0.1329593938060114,478.0189545381075,14.999137254446339,1013.2343861908898,-9.930101941518232e-27,-9.984556607898676e-27,9.64839426164217e-38,8.00588606480595e-17,2.011154410467387,22.98760010057138,0.8420123380577492,478.0189545381075,-21.94305278498591,-48.9540861
0.1329593938060114,478.0189545381075,14.999137254446339,1013.2343861908898,-9.930101941518232e-27,-9.984556607898676e-27,9.64839426164217e-38,8.00588606480595e-17,2.011154410467387,22.98760010057138,0.8420123380577492,478.0189545381075,-21.94305278498591,-48.9540861
0.04308223637968034,478.0000000002326,14.999720448425535,1013.2449407274215,2.1224077955336852e-35,2.1340466497075593e-35,-2.0621970767161048e-46,6.179141744937019e-22,1.5522580275587643e-05,0.00017742390442377826,2.1616829545642557e-07,478.0000000002326,-21.943052799999997,-48.9540861
0.004585440103905825,478.0,14.999970246043176,1013.2494615184046,-4.419097447056594e-40,-4.443330881778546e-40,4.293731796604244e-51,-1.2865684703719138e-26,-3.231979971611995e-10,-3.69417001170022e-09,-4.5008728510906195e-12,478.0,-21.943052799999997,-48.9540861
0.004585440103905825,478.0,14.999970246043176,1013.2494615184046,-4.419097447056594e-40,-4.443330881778546e-40,4.293731796604244e-51,-1.2865684703719138e-26,-3.231979971611995e-10,-3.69417001170022e-09,-4.5008728510906195e-12,478.0,-21.943052799999997,-48.9540861
0.00917088020781165,478.00000000000006,14.999940492086353,1013.2489230368092,4.510734524943711e-39,4.5354704788274833e-39,-4.3827692165267e-50,1.3132475324516855e-25,3.299000263410605e-09,3.770774555760662e-08,4.594205673223821e-11,478.00000000000006,-21.943052799999997,-48.9540861
0.00917088020781165,478.00000000000006,14.999940492086353,1013.2489230368092,4.510734524943711e-39,4.5354704788274833e-39,-4.3827692165267e-50,1.3132475324516855e-25,3.299000263410605e-09,3.770774555760662e-08,4.594205673223821e-11,478.00000000000006,-21.943052799999997,-48.9540861
0.00917088020781165,478.00000000000006,14.999940492086353,1013.2489230368092,4.510734524943711e-39,4.5354704788274833e-39,-4.3827692165267e-50,1.3132475324516855e-25,3.299000263410605e-09,3.770774555760662e-08,4.594205673223821e-11,478.00000000000006,-21.943052799999997,-48.9540861
0.06128257566894035,478.00000001733855,14.9996023502502,1013.2428034085355,1.581849897294842e-33,1.590524441516888e-33,-1.5369742991284258e-44,4.605370728079649e-20,0.0011569120725225647,0.01322356549862893,1.6111220317119348e-05,478.00000001733855,-21.943052799999997,-48.9540861
0.03042622640918502,478.0000000000021,14.999802570613497,1013.2464269595574,1.8781471416031156e-37,1.888446519858417e-37,-1.8248658684759255e-48,5.468005455990022e-24,1.3736139603449318e-07,1.570047941054567e-06,1.9129022569134248e-09,478.0000000000021,-21.943052799999997,-48.9540861
0.09170880207812537,478.00099653611267,14.999404920863697,1013.2392303680941,1.7532298396660582e-29,1.7628441967561983e-29,-1.703492353250455e-40,3.422366133324006e-17,0.8597302847264504,9.826762120691228,0.1199733961675598,478.00099653611267,-21.94305279915366,-48.9540861
0.09170880207812537,478.00099653611267,14.999404920863697,1013.2392303680941,1.7532298396660582e-29,1.7628441967561983e-29,-1.703492353250455e-40,3.422366133324006e-17,0.8597302847264504,9.826762120691228,0.1199733961675598,478.00099653611267,-21.94305279915366,-48.9540861
0.09170880207812537,478.00099653611267,14.999404920863697,1013.2392303680941,1.7532298396660582e-29,1.7628441967561983e-29,-1.703492353250455e-40,3.422366133324006e-17,0.8597302847264504,9.826762120691228,0.1199733961675598,478.00099653611267,-21.94305279915366,-48.9540861
0.11918280563666528,478.00945911691036,14.999226647830596,1013.2360040157877,-9.978449607391822e-28,-1.0033169402572647e-27,9.69537034957418e-39,7.183620633822321e-17,1.804592609678047,20.626587913796662,0.5403914933229245,478.00945911691036,-21.94305279242733,-48.9540861
0.11918280563666528,478.00945911691036,14.999226647830596,1013.2360040157877,-9.978449607391822e-28,-1.0033169402572647e-27,9.69537034957418e-39,7.183620633822321e-17,1.804592609678047,20.626587913796662,0.5403914933229245,478.00945911691036,-21.94305279242733,-48.9540861
0.11918280563666528,478.00945911691036,14.999226647830596,1013.2360040157877,-9.978449607391822e-28,-1.0033169402572647e-27,9.69537034957418e-39,7.183620633822321e-17,1.804592609678047,20.626587913796662,0.5403914933229245,478.00945911691036,-21.94305279242733,-48.9540861
0.11918280563666528,478.00945911691036,14.999226647830596,1013.2360040157877,-9.978449607391822e-28,-1.0033169402572647e-27,9.69537034957418e-39,7.183620633822321e-17,1.804592609678047,20.626587913796662,0.5403914933229245,478.00945911691036,-21.94305279242733,-48.9540861
0.11918280563666528,478.00945911691036,14.999226647830596,1013.2360040157877,-9.978449607391822e-28,-1.0033169402572647e-27,9.69537034957418e-39,7.183620633822321e-17,1.804592609678047,20.626587913796662,0.5403914933229245,478.00945911691036,-21.94305279242733,-48.9540861
0.11918280563666528,478.00945911691036,14.999226647830596,1013.2360040157877,-9.978449607391822e-28,-1.0033169402572647e-27,9.69537034957418e-39,7.183620633822321e-17,1.804592609678047,20.626587913796662,0.5403914933229245,478.00945911691036,-21.94305279242733,-48.9540861
0.09805805904700549,478.0019915074778,14.999363721870054,1013.2384847563444,-5.664710542095054e-29,-5.695774666565098e-29,5.5040080162417215e-40,4.301208145353187e-17,1.080503602266146,12.350212687224085,0.19039138758162652,478.0019915074778,-21.9430527983404,-48.9540861
0.09805805904700549,478.0019915074778,14.999363721870054,1013.2384847563444,-5.664710542095054e-29,-5.695774666565098e-29,5.5040080162417215e-40,4.301208145353187e-17,1.080503602266146,12.350212687224085,0.19039138758162652,478.0019915074778,-21.9430527983404,-48.9540861
0.09805805904700549,478.0019915074778,14.999363721870054,1013.2384847563444,-5.664710542095054e-29,-5.695774666565098e-29,5.5040080162417215e-40,4.301208145353187e-17,1.080503602266146,12.350212687224085,0.19039138758162652,478.0019915074778,-21.9430527983404,-48.9540861
0.08721025989524378,478.00053861689224,14.999434110958191,1013.2397586450132,5.708710422780756e-30,5.740015833678436e-30,-5.546759661574373e-41,2.808479932713652e-17,0.7055163479453012,8.06408875746796,0.0796969110098626,478.00053861689224,-21.943052799534254,-48.9540861
0.004718084293910962,478.0,14.999969385342922,1013.2494459416107,-4.436024203756951e-40,-4.460350461381878e-40,4.310178357090509e-51,-1.291496497358701e-26,-3.2443596349471744e-10,-3.7083200316413867e-09,-4.518112837445843e-12,478.0,-21.943052799999997,-48.9540861
0.004718084293910962,478.0,14.999969385342922,1013.2494459416107,-4.436024203756951e-40,-4.460350461381878e-40,4.310178357090509e-51,-1.291496497358701e-26,-3.2443596349471744e-10,-3.7083200316413867e-09,-4.518112837445843e-12,478.0,-21.943052799999997,-48.9540861
0.009436168587821925,478.00000000000006,14.999938770685844,1013.2488918832215,4.571271893240727e-39,4.596339821782322e-39,-4.441589196455583e-50,1.3308722782879893e-25,3.3432752684798814e-09,3.821381118125347e-08,4.6558632856003014e-11,478.00000000000006,-21.943052799999997,-48.9540861
0.009436168587821925,478.00000000000006,14.999938770685844,1013.2488918832215,4.571271893240727e-39,4.596339821782322e-39,-4.441589196455583e-50,1.3308722782879893e-25,3.3432752684798814e-09,3.821381118125347e-08,4.6558632856003014e-11,478.00000000000006,-21.943052799999997,-48.9540861
0.009436168587821925,478.00000000000006,14.999938770685844,1013.2488918832215,4.571271893240727e-39,4.596339821782322e-39,-4.441589196455583e-50,1.3308722782879893e-25,3.3432752684798814e-09,3.821381118125347e-08,4.6558632856003014e-11,478.00000000000006,-21.943052799999997,-48.9540861
0.041914049227852246,478.0000000002132,14.999728028546372,1013.2450779110432,1.9453767262103751e-35,1.9560447778813405e-35,-1.8901882128141243e-46,5.663736518425665e-22,1.4227834284441672e-05,0.00016262489002618924,1.98137592507172e-07,478.0000000002132,-21.943052799999997,-48.9540861
0.041914049227852246,478.0000000002132,14.999728028546372,1013.2450779110432,1.9453767262103751e-35,1.9560447778813405e-35,-1.8901882128141243e-46,5.663736518425665e-22,1.4227834284441672e-05,0.00016262489002618924,1.98137592507172e-07,478.0000000002132,-21.943052799999997,-48.9540861
0.041914049227852246,478.0000000002132,14.999728028546372,1013.2450779110432,1.9453767262103751e-35,1.9560447778813405e-35,-1.8901882128141243e-46,5.663736518425665e-22,1.4227834284441672e-05,0.00016262489002618924,1.98137592507172e-07,478.0000000002132,-21.943052799999997,-48.9540861
0.041914049227852246,478.0000000002132,14.999728028546372,1013.2450779110432,1.9453767262103751e-35,1.9560447778813405e-35,-1.8901882128141243e-46,5.663736518425665e-22,1.4227834284441672e-05,0.00016262489002618924,1.98137592507172e-07,478.0000000002132,-21.943052799999997,-48.9540861
0.06286457959518721,477.99999996427874,14.999592084959318,1013.2426176292038,-3.258966129339586e-33,-3.276837639054542e-33,3.166512316428319e-44,-9.488098233296579e-20,-0.0023834987538469002,-0.027243515420036543,-3.319273301822841e-05,477.99999996427874,-21.943052799999997,-48.9540861
0.06286457959518899,477.99999996427874,14.999592084959318,1013.2426176292038,-3.258966129347079e-33,-3.276837639062076e-33,3.1665123164356e-44,-9.488098233318394e-20,-0.0023834987538523806,-0.027243515420099184,-3.319273301830473e-05,477.99999996427874,-21.943052799999997,-48.9540861
0.06286457959518899,477.99999996427874,14.999592084959318,1013.2426176292038,-3.258966129347079e-33,-3.276837639062076e-33,3.1665123164356e-44,-9.488098233318394e-20,-0.0023834987538523806,-0.027243515420099184,-3.319273301830473e-05,477.99999996427874,-21.943052799999997,-48.9540861
0.06286457959518899,477.99999996427874,14.999592084959318,1013.2426176292038,-3.258966129347079e-33,-3.276837639062076e-33,3.1665123164356e-44,-9.488098233318394e-20,-0.0023834987538523806,-0.027243515420099184,-3.319273301830473e-05,477.99999996427874,-21.943052799999997,-48.9540861
0.06286457959518899,477.99999996427874,14.999592084959318,1013.2426176292038,-3.258966129347079e-33,-3.276837639062076e-33,3.1665123164356e-44,-9.488098233318394e-20,-0.0023834987538523806,-0.027243515420099184,-3.319273301830473e-05,477.99999996427874,-21.943052799999997,-48.9540861
0.11290363378523693,478.006439323026,14.999267392056652,1013.2367413972378,-1.4199620676876685e-28,-1.4277488518641256e-28,1.379679075432793e-39,6.399822830695598e-17,1.6076951912382078,18.37604012275061,0.41840694445743526,478.006439323026,-21.94305279488928,-48.9540861
0.11290363378523693,478.006439323026,14.999267392056652,1013.2367413972378,-1.4199620676876685e-28,-1.4277488518641256e-28,1.379679075432793e-39,6.399822830695598e-17,1.6076951912382078,18.37604012275061,0.41840694445743526,478.006439323026,-21.94305279488928,-48.9540861
0.11290363378523693,478.006439323026,14.999267392056652,1013.2367413972378,-1.4199620676876685e-28,-1.4277488518641256e-28,1.379679075432793e-39,6.399822830695598e-17,1.6076951912382078,18.37604012275061,0.41840694445743526,478.006439323026,-21.94305279488928,-48.9540861
0.11290363378523693,478.006439323026,14.999267392056652,1013.2367413972378,-1.4199620676876685e-28,-1.4277488518641256e-28,1.379679075432793e-39,6.399822830695598e-17,1.6076951912382078,18.37604012275061,0.41840694445743526,478.006439323026,-21.94305279488928,-48.9540861
0.11290363378523693,478.006439323026,14.999267392056652,1013.2367413972378,-1.4199620676876685e-28,-1.4277488518641256e-28,1.379679075432793e-39,6.399822830695598e-17,1.6076951912382078,18.37604012275061,0.41840694445743526,478.006439323026,-21.94305279488928,-48.9540861
0.11290363378523693,478.006439323026,14.999267392056652,1013.2367413972378,-1.4199620676876685e-28,-1.4277488518641256e-28,1.379679075432793e-39,6.399822830695598e-17,1.6076951912382078,18.37604012275061,0.41840694445743526,478.006439323026,-21.94305279488928,-48.9540861
0.1793808118581488,478.0846164508235,14.998836035623981,1013.228934788485,-4.438483964031999e-24,-4.462823710483721e-24,4.3125683362732573e-35,9.25566592937243e-17,2.3256347064330285,26.582126331646535,2.011131064129738,478.0846164508235,-21.943052733144576,-48.9540861
0.1793808118581488,478.0846164508235,14.998836035623981,1013.228934788485,-4.438483964031999e-24,-4.462823710483721e-24,4.3125683362732573e-35,9.25566592937243e-17,2.3256347064330285,26.582126331646535,2.011131064129738,478.0846164508235,-21.943052733144576,-48.9540861
0.1793808118581488,478.0846164508235,14.998836035623981,1013.228934788485,-4.438483964031999e-24,-4.462823710483721e-24,4.3125683362732573e-35,9.25566592937243e-17,2.3256347064330285,26.582126331646535,2.011131064129738,478.0846164508235,-21.943052733144576,-48.9540861
0.1793808118581488,478.0846164508235,14.998836035623981,1013.228934788485,-4.438483964031999e-24,-4.462823710483721e-24,4.3125683362732573e-35,9.25566592937243e-17,2.3256347064330285,26.582126331646535,2.011131064129738,478.0846164508235,-21.943052733144576,-48.9540861
0.1793808118581488,478.0846164508235,14.998836035623981,1013.228934788485,-4.438483964031999e-24,-4.462823710483721e-24,4.3125683362732573e-35,9.25566592937243e-17,2.3256347064330285,26.582126331646535,2.011131064129738,478.0846164508235,-21.943052733144576,-48.9540861
0.2596527272520852,478.33983833950975,14.99831516804096,1013.2195082235464,-6.952474045577562e-21,-6.990600004092421e-21,6.7552388767633e-32,9.15289132762133e-17,3.121834749010186,35.682734461764106,4.474262504593655,478.33983833950975,-21.943052532313907,-48.9540861
0.2596527272520852,478.33983833950975,14.99831516804096,1013.2195082235464,-6.952474045577562e-21,-6.990600004092421e-21,6.7552388767633e-32,9.15289132762133e-17,3.121834749010186,35.682734461764106,4.474262504593655,478.33983833950975,-21.943052532313907,-48.9540861
0.2596527272520852,478.33983833950975,14.99831516804096,1013.2195082235464,-6.952474045577562e-21,-6.990600004092421e-21,6.7552388767633e-32,9.15289132762133e-17,3.121834749010186,35.682734461764106,4.474262504593655,478.33983833950975,-21.943052532313907,-48.9540861
0.2596527272520852,478.33983833950975,14.99831516804096,1013.2195082235464,-6.952474045577562e-21,-6.990600004092421e-21,6.7552388767633e-32,9.15289132762133e-17,3.121834749010186,35.682734461764106,4.474262504593655,478.33983833950975,-21.943052532313907,-48.9540861
0.27226801566829906,478.39916426782634,14.998233310086619,1013.2180267734689,1.744389488244548e-20,1.7539553666392855e-20,-1.694902794308511e-31,2.0992556121392793e-16,3.2097489626236237,36.68759852152231,4.930731434746644,478.39916426782634,-21.943052485767108,-48.9540861
0.2722680156682955,478.39916426782634,14.998233310086619,1013.2180267734689,1.7443894882415113e-20,1.753955366636232e-20,-1.6949027943055605e-31,2.0992556121378406e-16,3.2097489626236024,36.68759852152207,4.930731434746514,478.39916426782634,-21.943052485767108,-48.9540861
0.2722680156682955,478.39916426782634,14.998233310086619,1013.2180267734689,1.7443894882415113e-20,1.753955366636232e-20,-1.6949027943055605e-31,2.0992556121378406e-16,3.2097489626236024,36.68759852152207,4.930731434746514,478.39916426782634,-21.943052485767108,-48.9540861
0.2722680156682955,478.39916426782634,14.998233310086619,1013.2180267734689,1.7443894882415113e-20,1.753955366636232e-20,-1.6949027943055605e-31,2.0992556121378406e-16,3.2097489626236024,36.68759852152207,4.930731434746514,478.39916426782634,-21.943052485767108,-48.9540861
0.505281607908028,480.82335035177465,14.996721333874177,1013.1906633085415,-2.4532008290470646e-06,-2.4667550916075484e-06,-1.1014117779763309e-16,-0.002399735300755485,6.803608863274982,67.93378278375408,17.05568407544655,480.82335035177465,-21.94305057982785,-48.95408610000058
0.505281607908028,480.82335035177465,14.996721333874177,1013.1906633085415,-2.4532008290470646e-06,-2.4667550916075484e-06,-1.1014117779763309e-16,-0.002399735300755485,6.803608863274982,67.93378278375408,17.05568407544655,480.82335035177465,-21.94305057982785,-48.95408610000058
0.505281607908028,480.82335035177465,14.996721333874177,1013.1906633085415,-2.4532008290470646e-06,-2.4667550916075484e-06,-1.1014117779763309e-16,-0.002399735300755485,6.803608863274982,67.93378278375408,17.05568407544655,480.82335035177465,-21.94305057982785,-48.95408610000058
0.505281607908028,480.82335035177465,14.996721333874177,1013.1906633085415,-2.4532008290470646e-06,-2.4667550916075484e-06,-1.1014117779763309e-16,-0.002399735300755485,6.803608863274982,67.93378278375408,17.05568407544655,480.82335035177465,-21.94305057982785,-48.95408610000058
0.5711707226033624,482.10171362827185,14.996293793261088,1013.1829257579384,-0.00028903574223138604,-0.0002907735090906595,-6.431757048880077e-12,-0.003038472951803428,7.5912245353011425,77.06647582010082,21.839944402744937,482.10171362827185,-21.94304955423263,-48.95408610006446
0.5711707226033624,482.10171362827185,14.996293793261088,1013.1829257579384,-0.00028903574223138604,-0.0002907735090906595,-6.431757048880077e-12,-0.003038472951803428,7.5912245353011425,77.06647582010082,21.839944402744937,482.10171362827185,-21.94304955423263,-48.95408610006446
0.5711707226033624,482.10171362827185,14.996293793261088,1013.1829257579384,-0.00028903574223138604,-0.0002907735090906595,-6.431757048880077e-12,-0.003038472951803428,7.5912245353011425,77.06647582010082,21.839944402744937,482.10171362827185,-21.94304955423263,-48.95408610006446
0.4992706738920418,480.72145665795495,14.996760337561284,1013.1913691900285,3.0365896406345755e-08,3.0532416827575355e-08,-2.9504444401686905e-19,0.00014301106278485042,5.821228304627654,67.1310871290462,16.648813874767526,480.72145665795495,-21.94305066008838,-48.9540861
0.4992706738920418,480.72145665795495,14.996760337561284,1013.1913691900285,3.0365896406345755e-08,3.0532416827575355e-08,-2.9504444401686905e-19,0.00014301106278485042,5.821228304627654,67.1310871290462,16.648813874767526,480.72145665795495,-21.94305066008838,-48.9540861
0.4992706738920418,480.72145665795495,14.996760337561284,1013.1913691900285,3.0365896406345755e-08,3.0532416827575355e-08,-2.9504444401686905e-19,0.00014301106278485042,5.821228304627654,67.1310871290462,16.648813874767526,480.72145665795495,-21.94305066008838,-48.9540861
0.5705922844426716,482.089092767705,14.99629754662476,1013.1829936856157,-0.00028403462375782877,-0.0002857409524776988,-6.165586449967389e-12,-0.0030324323903773327,7.5835558442391315,76.97812167618966,21.79539591953124,482.089092767705,-21.94304956446061,-48.95408610006339
0.5705922844426716,482.089092767705,14.99629754662476,1013.1829936856157,-0.00028403462375782877,-0.0002857409524776988,-6.165586449967389e-12,-0.0030324323903773327,7.5835558442391315,76.97812167618966,21.79539591953124,482.089092767705,-21.94304956446061,-48.95408610006339
0.5705922844426716,482.089092767705,14.99629754662476,1013.1829936856157,-0.00028403462375782877,-0.0002857409524776988,-6.165586449967389e-12,-0.0030324323903773327,7.5835558442391315,76.97812167618966,21.79539591953124,482.089092767705,-21.94304956446061,-48.95408610006339
2.057699038357267,619.5899522813504,14.98664802354051,1013.008358430019,-0.0029361195900678766,-0.0031107325415169803,-7.2117586222363125e-09,-0.022859725475602388,1.7969879908193835,8.129488188231328,140.0147734000411,619.5899522813504,-21.942925920931742,-48.95408625412492
2.057699038357267,619.5899522813504,14.98664802354051,1013.008358430019,-0.0029361195900678766,-0.0031107325415169803,-7.2117586222363125e-09,-0.022859725475602388,1.7969879908193835,8.129488188231328,140.0147734000411,619.5899522813504,-21.942925920931742,-48.95408625412492
2.057699038357267,619.5899522813504,14.98664802354051,1013.008358430019,-0.0029361195900678766,-0.0031107325415169803,-7.2117586222363125e-09,-0.022859725475602388,1.7969879908193835,8.129488188231328,140.0147734000411,619.5899522813504,-21.942925920931742,-48.95408625412492
5.1191464435388525,998.0102454454573,14.966782934951766,1012.6488441007396,-0.008772175263727568,-0.009068277268149514,-5.8182892750845194e-08,-0.011209500153361687,-0.5533147329441569,-13.826543848851479,101.32981337635326,998.0102454454573,-21.94252863761313,-48.95408786454892
5.1191464435388525,998.0102454454573,14.966782934951766,1012.6488441007396,-0.008772175263727568,-0.009068277268149514,-5.8182892750845194e-08,-0.011209500153361687,-0.5533147329441569,-13.826543848851479,101.32981337635326,998.0102454454573,-21.94252863761313,-48.95408786454892
5.1191464435388525,998.0102454454573,14.966782934951766,1012.6488441007396,-0.008772175263727568,-0.009068277268149514,-5.8182892750845194e-08,-0.011209500153361687,-0.5533147329441569,-13.826543848851479,101.32981337635326,998.0102454454573,-21.94252863761313,-48.95408786454892
13.304931837582622,1433.280215152728,14.913667094468565,1011.6875698733966,-0.19926512787571427,-0.20368755997314297,-9.937904615895459e-05,0.00023923005800279354,-0.20514619762041478,-9.721064338463973,10.278315746579628,1433.280215152728,-21.941643008679232,-48.95409612439497
13.304931837582615,1433.280215152728,14.913667094468565,1011.6875698733966,-0.19926512787571343,-0.2036875599731421,-9.937904615895361e-05,0.00023923005800278335,-0.2051461976204147,-9.721064338463975,10.278315746579697,1433.280215152728,-21.941643008679232,-48.95409612439497
13.304931837582615,1433.280215152728,14.913667094468565,1011.6875698733966,-0.19926512787571343,-0.2036875599731421,-9.937904615895361e-05,0.00023923005800278335,-0.2051461976204147,-9.721064338463975,10.278315746579697,1433.280215152728,-21.941643008679232,-48.95409612439497
13.304931837582615,1433.280215152728,14.913667094468565,1011.6875698733966,-0.19926512787571343,-0.2036875599731421,-9.937904615895361e-05,0.00023923005800278335,-0.2051461976204147,-9.721064338463975,10.278315746579697,1433.280215152728,-21.941643008679232,-48.95409612439497
21.056498478359643,1380.8067650923324,14.863368808187374,1010.7773009524348,-0.7610650309200481,-0.7800761224812619,-0.0018838801637082827,0.00044991489976943776,-0.04023141314632861,0.003687654438268185,-9.07746160198057,1380.8067650923324,-21.941325173764888,-48.95409978249759
